# This file uses centimeters as units for non-parametric coordinates.

mtllib xo.mtl
g default
v 0.395748 3.921590 0.481020
v 0.397115 3.939934 0.481020
v 0.371956 3.921814 0.477338
v 0.361741 3.913982 0.468396
v 0.362034 3.899542 0.468681
v 0.373932 3.892504 0.468966
v 0.383723 3.898208 0.477493
v 0.407039 3.912537 0.481020
v 3.535470 3.921590 0.481020
v 3.524178 3.912537 0.481020
v 3.546739 3.898264 0.477328
v 3.556201 3.892504 0.468396
v 3.568987 3.899224 0.468681
v 3.569961 3.913012 0.468966
v 3.559638 3.921145 0.477510
v 3.534102 3.939934 0.481020
v 0.395748 3.921590 0.194317
v 0.407039 3.912537 0.194317
v 0.384479 3.898264 0.198009
v 0.375016 3.892504 0.206942
v 0.362230 3.899224 0.206654
v 0.361256 3.913012 0.206370
v 0.371579 3.921145 0.197827
v 0.397115 3.939934 0.194317
v 3.535470 3.921590 0.194317
v 3.534102 3.939934 0.194317
v 3.559262 3.921814 0.197997
v 3.569476 3.913982 0.206941
v 3.569183 3.899542 0.206654
v 3.557285 3.892504 0.206372
v 3.547495 3.898208 0.197843
v 3.524178 3.912537 0.194317
v 1.965609 7.056118 0.481020
v 1.980045 7.047198 0.481020
v 1.978859 7.082309 0.477398
v 1.978036 7.096864 0.468593
v 1.965875 7.105069 0.468980
v 1.953950 7.098400 0.469360
v 1.952863 7.083412 0.477623
v 1.951174 7.047198 0.481020
v 1.965609 7.056118 0.194317
v 1.951174 7.047198 0.194317
v 1.952359 7.082309 0.197939
v 1.953182 7.096864 0.206743
v 1.965343 7.105069 0.206356
v 1.977268 7.098400 0.205976
v 1.978355 7.083412 0.197715
v 1.980045 7.047198 0.194317
v 1.089801 4.380074 0.468402
v 1.089060 4.394520 0.468359
v 1.080231 4.389299 0.477315
v 1.059211 4.376229 0.481020
v 1.060294 4.360958 0.481020
v 1.074171 4.353556 0.481020
v 1.094159 4.367268 0.477338
v 1.102356 4.373070 0.468443
v 2.841417 4.380074 0.468402
v 2.828861 4.373070 0.468443
v 2.837055 4.367398 0.477337
v 2.856967 4.353901 0.481020
v 2.871132 4.361218 0.481020
v 2.872423 4.376297 0.481020
v 2.851131 4.389353 0.477319
v 2.842158 4.394520 0.468359
v 1.965609 6.188225 0.468635
v 1.977994 6.180459 0.468635
v 1.978475 6.192640 0.477395
v 1.979165 6.222052 0.481020
v 1.965395 6.230878 0.481020
v 1.951693 6.222478 0.481020
v 1.952592 6.192764 0.477398
v 1.953224 6.180459 0.468635
v 1.965609 6.188225 0.206700
v 1.953224 6.180459 0.206701
v 1.952743 6.192640 0.197941
v 1.952054 6.222052 0.194317
v 1.965823 6.230878 0.194317
v 1.979525 6.222478 0.194317
v 1.978626 6.192764 0.197937
v 1.977994 6.180459 0.206701
v 2.841417 4.380074 0.206936
v 2.842158 4.394520 0.206976
v 2.850987 4.389299 0.198020
v 2.872007 4.376229 0.194317
v 2.870924 4.360958 0.194317
v 2.857047 4.353556 0.194317
v 2.837059 4.367268 0.197999
v 2.828861 4.373070 0.206895
v 1.089801 4.380074 0.206936
v 1.102356 4.373070 0.206895
v 1.094163 4.367398 0.197999
v 1.074251 4.353901 0.194317
v 1.060086 4.361218 0.194317
v 1.058795 4.376297 0.194317
v 1.080087 4.389353 0.198018
v 1.089060 4.394520 0.206976
v 0.371841 3.905969 0.477412
v 3.559264 3.905775 0.477412
v 0.371953 3.905775 0.197925
v 3.559377 3.905969 0.197925
v 1.965777 7.090809 0.477501
v 1.965442 7.090809 0.197834
v 1.081107 4.374487 0.477324
v 2.850196 4.374599 0.477324
v 1.965522 6.200767 0.477395
v 1.965697 6.200767 0.197941
v 2.850111 4.374487 0.198011
v 1.081022 4.374599 0.198011
v 0.362132 3.899383 0.337668
v 0.361499 3.913497 0.337383
v 1.953566 7.097633 0.338052
v 1.965609 7.105069 0.337668
v 1.977652 7.097633 0.337284
v 3.569719 3.913497 0.337953
v 3.569085 3.899383 0.337669
v 3.556743 3.892504 0.337383
v 0.374474 3.892504 0.337953
v -2.849762 3.917458 0.481020
v -2.855431 3.931144 0.481020
v -2.869207 3.916795 0.477236
v -2.874787 3.910718 0.468091
v -2.869542 3.897788 0.468224
v -2.856877 3.892433 0.468355
v -2.850674 3.897983 0.477313
v -2.836075 3.911789 0.481020
v 0.329402 3.917458 0.481020
v 0.315715 3.911789 0.481020
v 0.330065 3.898012 0.477236
v 0.336142 3.892433 0.468091
v 0.349072 3.897678 0.468224
v 0.354427 3.910342 0.468355
v 0.348877 3.916545 0.477313
v 0.335071 3.931144 0.481020
v -2.849762 7.096622 0.481020
v -2.836075 7.102292 0.481020
v -2.850425 7.116068 0.477236
v -2.856502 7.121647 0.468091
v -2.869432 7.116401 0.468224
v -2.874787 7.103738 0.468355
v -2.869237 7.097535 0.477313
v -2.855431 7.082936 0.481020
v 0.329402 7.096622 0.481020
v 0.335071 7.082936 0.481020
v 0.348847 7.097286 0.477236
v 0.354427 7.103363 0.468091
v 0.349182 7.116292 0.468224
v 0.336517 7.121647 0.468355
v 0.330315 7.116097 0.477313
v 0.315715 7.102292 0.481020
v -2.849762 7.096622 0.194317
v -2.855431 7.082936 0.194317
v -2.869207 7.097286 0.198102
v -2.874787 7.103363 0.207246
v -2.869542 7.116292 0.207113
v -2.856877 7.121647 0.206980
v -2.850674 7.116097 0.198023
v -2.836075 7.102292 0.194317
v 0.329402 7.096622 0.194317
v 0.315715 7.102292 0.194317
v 0.330065 7.116068 0.198102
v 0.336142 7.121647 0.207246
v 0.349072 7.116401 0.207113
v 0.354427 7.103738 0.206980
v 0.348877 7.097535 0.198023
v 0.335071 7.082936 0.194317
v -2.849762 3.917458 0.194317
v -2.836075 3.911789 0.194317
v -2.850425 3.898012 0.198102
v -2.856502 3.892433 0.207246
v -2.869432 3.897678 0.207113
v -2.874787 3.910342 0.206980
v -2.869237 3.916545 0.198023
v -2.855431 3.931144 0.194317
v 0.329402 3.917458 0.194317
v 0.335071 3.931144 0.194317
v 0.348847 3.916795 0.198102
v 0.354427 3.910718 0.207246
v 0.349182 3.897788 0.207113
v 0.336517 3.892433 0.206980
v 0.330314 3.897983 0.198023
v 0.315715 3.911789 0.194317
v -2.408789 4.358430 0.468091
v -2.414145 4.371359 0.468091
v -2.419708 4.366050 0.477232
v -2.432986 4.353075 0.481020
v -2.427467 4.339624 0.481020
v -2.414145 4.334053 0.481020
v -2.401154 4.347443 0.477232
v -2.395860 4.353075 0.468091
v -0.111571 4.358430 0.468091
v -0.124500 4.353075 0.468091
v -0.119190 4.347511 0.477232
v -0.106215 4.334233 0.481020
v -0.092764 4.339753 0.481020
v -0.087193 4.353075 0.481020
v -0.100583 4.366066 0.477232
v -0.106215 4.371359 0.468091
v -0.111571 6.655648 0.468091
v -0.106215 6.642720 0.468091
v -0.100652 6.648029 0.477232
v -0.087374 6.661004 0.481020
v -0.092893 6.674456 0.481020
v -0.106215 6.680026 0.481020
v -0.119206 6.666636 0.477232
v -0.124500 6.661004 0.468091
v -2.408789 6.655648 0.468091
v -2.395860 6.661004 0.468091
v -2.401170 6.666568 0.477232
v -2.414145 6.679845 0.481020
v -2.427596 6.674326 0.481020
v -2.433167 6.661004 0.481020
v -2.419777 6.648013 0.477232
v -2.414145 6.642720 0.468091
v -2.408789 6.655648 0.207246
v -2.414145 6.642720 0.207246
v -2.419708 6.648029 0.198104
v -2.432986 6.661004 0.194317
v -2.427467 6.674456 0.194317
v -2.414145 6.680026 0.194317
v -2.401154 6.666636 0.198104
v -2.395860 6.661004 0.207246
v -0.111571 6.655648 0.207246
v -0.124500 6.661004 0.207246
v -0.119190 6.666568 0.198104
v -0.106215 6.679845 0.194317
v -0.092764 6.674326 0.194317
v -0.087193 6.661004 0.194317
v -0.100583 6.648013 0.198104
v -0.106215 6.642720 0.207246
v -0.111571 4.358430 0.207246
v -0.106215 4.371359 0.207246
v -0.100652 4.366050 0.198104
v -0.087374 4.353075 0.194317
v -0.092893 4.339624 0.194317
v -0.106215 4.334053 0.194317
v -0.119206 4.347443 0.198104
v -0.124500 4.353075 0.207246
v -2.408789 4.358430 0.207246
v -2.395860 4.353075 0.207246
v -2.401170 4.347511 0.198104
v -2.414145 4.334233 0.194317
v -2.427596 4.339753 0.194317
v -2.433167 4.353075 0.194317
v -2.419777 4.366066 0.198104
v -2.414145 4.371359 0.207246
v -2.863760 3.903517 0.477274
v 0.343343 3.903459 0.477274
v -2.863702 7.110621 0.477274
v 0.343400 7.110563 0.477274
v -2.863760 7.110563 0.198064
v 0.343343 7.110621 0.198064
v -2.863702 3.903459 0.198064
v 0.343400 3.903517 0.198064
v -2.414261 4.352901 0.477232
v -0.106042 4.352959 0.477232
v -0.106099 6.661177 0.477232
v -2.414318 6.661120 0.477232
v -2.414261 6.661177 0.198104
v -0.106042 6.661120 0.198104
v -0.106099 4.352901 0.198104
v -2.414318 4.352959 0.198104
v -2.869487 3.897733 0.337668
v -2.874787 3.910530 0.337535
v -2.874787 7.103550 0.337801
v -2.869487 7.116347 0.337668
v -2.856689 7.121647 0.337535
v 0.336330 7.121647 0.337801
v 0.349127 7.116347 0.337668
v 0.354427 7.103550 0.337535
v 0.354427 3.910530 0.337801
v 0.349127 3.897733 0.337668
v 0.336330 3.892433 0.337535
v -2.856689 3.892433 0.337801
v -2.909875 1.064876 0.471999
v -2.904409 1.051681 0.472002
v -2.900544 1.055545 0.481331
v -2.891214 1.064876 0.485194
v -2.900545 1.074206 0.481331
v -2.904409 1.078071 0.472002
v -2.523097 0.678098 0.472002
v -2.509902 0.683564 0.472002
v -2.513767 0.687428 0.481331
v -2.523097 0.696758 0.485194
v -2.532427 0.687428 0.481331
v -2.536292 0.683564 0.472002
v -0.006593 3.968159 0.481331
v 0.002737 3.958828 0.485194
v 0.012067 3.968159 0.481331
v 0.015932 3.972023 0.472002
v 0.002737 3.977489 0.472002
v -0.010458 3.972023 0.472002
v 0.380185 3.581380 0.481331
v 0.384050 3.577516 0.472002
v 0.389515 3.590710 0.471999
v 0.384050 3.603905 0.472002
v 0.380184 3.600041 0.481331
v 0.370855 3.590710 0.485194
v -0.006593 3.968159 0.194006
v -0.010458 3.972023 0.203335
v 0.002737 3.977489 0.203337
v 0.015932 3.972023 0.203335
v 0.012068 3.968158 0.194006
v 0.002737 3.958828 0.190141
v 0.380185 3.581380 0.194006
v 0.370855 3.590710 0.190141
v 0.380185 3.600040 0.194006
v 0.384050 3.603905 0.203335
v 0.389515 3.590710 0.203336
v 0.384050 3.577516 0.203335
v -2.900545 1.074206 0.194006
v -2.891214 1.064876 0.190141
v -2.900545 1.055546 0.194006
v -2.904409 1.051681 0.203335
v -2.909875 1.064876 0.203336
v -2.904409 1.078071 0.203335
v -2.513767 0.687428 0.194006
v -2.509902 0.683564 0.203335
v -2.523097 0.678098 0.203337
v -2.536292 0.683564 0.203335
v -2.532428 0.687429 0.194006
v -2.523097 0.696758 0.190141
v -1.663872 2.340567 0.481508
v -1.669473 2.338908 0.472246
v -1.664036 2.326029 0.472371
v -1.669228 2.313252 0.472490
v -1.663738 2.311456 0.481569
v -1.652787 2.304181 0.485194
v -1.644618 2.315069 0.485194
v -1.636448 2.325958 0.485194
v -1.644618 2.336846 0.485194
v -1.652787 2.347734 0.485194
v -1.247406 1.924100 0.481508
v -1.240239 1.935186 0.485194
v -1.251127 1.943355 0.485194
v -1.262015 1.951524 0.485194
v -1.273382 1.943438 0.485194
v -1.284749 1.935351 0.485194
v -1.277032 1.924069 0.481486
v -1.274965 1.918499 0.472246
v -1.262015 1.923863 0.472246
v -1.249065 1.918499 0.472246
v -1.272954 2.731486 0.193829
v -1.271295 2.737087 0.203090
v -1.258416 2.731650 0.202967
v -1.245639 2.736842 0.202845
v -1.243843 2.731352 0.193768
v -1.236568 2.720400 0.190141
v -1.247457 2.712231 0.190141
v -1.258345 2.704062 0.190141
v -1.269233 2.712231 0.190141
v -1.280121 2.720400 0.190141
v -0.856487 2.315019 0.193829
v -0.867573 2.307852 0.190141
v -0.875742 2.318740 0.190141
v -0.883911 2.329628 0.190141
v -0.875824 2.340995 0.190141
v -0.867738 2.352362 0.190141
v -0.856456 2.344645 0.193850
v -0.850887 2.342579 0.203090
v -0.856251 2.329628 0.203090
v -0.850887 2.316678 0.203090
v -1.663872 2.340567 0.193829
v -1.652787 2.347734 0.190141
v -1.644618 2.336846 0.190141
v -1.636448 2.325958 0.190141
v -1.644535 2.314591 0.190141
v -1.652622 2.303224 0.190141
v -1.663904 2.310941 0.193850
v -1.669473 2.313007 0.203090
v -1.664109 2.325958 0.203090
v -1.669473 2.338908 0.203090
v -1.247406 1.924100 0.193829
v -1.249065 1.918499 0.203090
v -1.261944 1.923936 0.202967
v -1.274721 1.918744 0.202845
v -1.276517 1.924235 0.193768
v -1.283791 1.935186 0.190141
v -1.272903 1.943355 0.190141
v -1.262015 1.951524 0.190141
v -1.251127 1.943355 0.190141
v -1.240239 1.935186 0.190141
v -0.856487 2.315019 0.481508
v -0.850887 2.316678 0.472246
v -0.856323 2.329556 0.472371
v -0.851131 2.342334 0.472490
v -0.856622 2.344130 0.481569
v -0.867573 2.351404 0.485194
v -0.875742 2.340516 0.485194
v -0.883911 2.329628 0.485194
v -0.875742 2.318740 0.485194
v -0.867573 2.307852 0.485194
v -1.272954 2.731486 0.481508
v -1.280121 2.720400 0.485194
v -1.269233 2.712231 0.485194
v -1.258345 2.704062 0.485194
v -1.246978 2.712149 0.485194
v -1.235611 2.720236 0.485194
v -1.243328 2.731517 0.481486
v -1.245394 2.737087 0.472246
v -1.258345 2.731722 0.472246
v -1.271295 2.737087 0.472246
v 0.397532 1.060530 0.203336
v 0.392066 1.047335 0.203335
v 0.388201 1.051199 0.194006
v 0.378872 1.060530 0.190141
v 0.388202 1.069860 0.194006
v 0.392066 1.073725 0.203335
v 0.007083 0.670081 0.203336
v -0.006112 0.675547 0.203335
v -0.002247 0.679411 0.194006
v 0.007083 0.688741 0.190141
v 0.016414 0.679412 0.194006
v 0.020278 0.675547 0.203335
v 0.388201 1.051199 0.481331
v 0.392066 1.047335 0.472002
v 0.397532 1.060530 0.472002
v 0.392066 1.073725 0.472002
v 0.388202 1.069860 0.481331
v 0.378872 1.060530 0.485194
v 0.007083 0.670081 0.472002
v 0.020278 0.675547 0.472002
v 0.016414 0.679412 0.481331
v 0.007083 0.688741 0.485194
v -0.002247 0.679411 0.481331
v -0.006112 0.675547 0.472002
v -2.536769 3.976169 0.481331
v -2.527438 3.966839 0.485194
v -2.518108 3.976170 0.481331
v -2.514243 3.980035 0.472002
v -2.527438 3.985500 0.472002
v -2.540633 3.980035 0.472002
v -2.536769 3.976169 0.194006
v -2.540633 3.980035 0.203335
v -2.527438 3.985500 0.203336
v -2.514243 3.980035 0.203335
v -2.518108 3.976170 0.194006
v -2.527438 3.966839 0.190141
v -2.917885 3.595049 0.203335
v -2.912419 3.608244 0.203335
v -2.908554 3.604380 0.194006
v -2.899224 3.595049 0.190141
v -2.908554 3.585719 0.194006
v -2.912419 3.581855 0.203335
v -2.908554 3.604380 0.481331
v -2.912419 3.608244 0.472002
v -2.917885 3.595049 0.472002
v -2.912419 3.581855 0.472002
v -2.908554 3.585719 0.481331
v -2.899224 3.595049 0.485194
v -2.906445 1.064876 0.479617
v -2.523097 0.681528 0.479617
v 0.002737 3.974059 0.479617
v 0.386085 3.590711 0.479617
v 0.002738 3.974059 0.195721
v 0.386086 3.590710 0.195721
v -2.906445 1.064876 0.195721
v -2.523097 0.681528 0.195721
v -1.656341 2.325995 0.482227
v -1.262188 1.931615 0.482194
v -1.258382 2.723954 0.193109
v -0.864002 2.329801 0.193142
v -1.656358 2.325785 0.193142
v -1.261978 1.931631 0.193109
v -0.864019 2.329591 0.482227
v -1.258172 2.723972 0.482194
v 0.394102 1.060529 0.195721
v 0.007084 0.673511 0.195721
v 0.394102 1.060529 0.479617
v 0.007084 0.673511 0.479617
v -2.527439 3.982070 0.479617
v -2.527439 3.982070 0.195721
v -2.914455 3.595050 0.195721
v -2.914455 3.595050 0.479617
v -2.909875 1.064876 0.337668
v -2.904409 1.078071 0.337668
v -1.669351 2.313130 0.337790
v -1.664073 2.325993 0.337729
v -1.669473 2.338908 0.337668
v -2.912419 3.581855 0.337668
v -2.917885 3.595049 0.337668
v -2.912419 3.608244 0.337668
v -2.540633 3.980035 0.337668
v -2.527438 3.985500 0.337668
v -2.514243 3.980035 0.337668
v -1.271295 2.737087 0.337668
v -1.258381 2.731686 0.337607
v -1.245517 2.736964 0.337546
v -0.010458 3.972023 0.337668
v 0.002737 3.977489 0.337669
v 0.015932 3.972023 0.337668
v 0.384050 3.603905 0.337668
v 0.389515 3.590710 0.337668
v 0.384050 3.577516 0.337668
v -0.851009 2.342456 0.337790
v -0.856287 2.329593 0.337729
v -0.850887 2.316678 0.337668
v 0.392066 1.073725 0.337668
v 0.397532 1.060530 0.337668
v 0.392066 1.047335 0.337668
v 0.020278 0.675547 0.337668
v 0.007083 0.670081 0.337668
v -0.006112 0.675547 0.337668
v -1.249065 1.918499 0.337668
v -1.261979 1.923900 0.337607
v -1.274843 1.918622 0.337546
v -2.509902 0.683564 0.337668
v -2.523097 0.678098 0.337669
v -2.536292 0.683564 0.337668
v -2.904409 1.051681 0.337668
v -1.260180 2.327793 0.485194
v -1.260180 2.327793 0.190141
v 3.010895 2.719472 0.196704
v 2.998189 2.715343 0.200569
v 2.992926 2.713633 0.209898
v 2.841004 3.052899 0.196704
v 2.830196 3.045047 0.200569
v 2.825719 3.041794 0.209898
v 3.069434 2.349866 0.196704
v 3.056075 2.349866 0.200569
v 3.050541 2.349866 0.209898
v 2.576397 3.317507 0.196704
v 2.568544 3.306699 0.200569
v 2.565291 3.302222 0.209898
v 2.242969 3.487398 0.196704
v 2.238841 3.474692 0.200569
v 2.237131 3.469429 0.209898
v 1.873364 3.545937 0.196704
v 1.873364 3.532577 0.200569
v 1.873364 3.527043 0.209898
v 1.503758 3.487398 0.196704
v 1.507886 3.474692 0.200569
v 1.509596 3.469429 0.209898
v 1.170331 3.317507 0.196704
v 1.178183 3.306699 0.200569
v 1.181436 3.302222 0.209898
v 0.905723 3.052899 0.196704
v 0.916531 3.045047 0.200569
v 0.921008 3.041794 0.209898
v 0.735833 2.719472 0.196704
v 0.748538 2.715343 0.200569
v 0.753801 2.713633 0.209898
v 0.677294 2.349866 0.196704
v 0.690653 2.349866 0.200569
v 0.696187 2.349866 0.209898
v 0.735833 1.980260 0.196704
v 0.748538 1.984388 0.200569
v 0.753801 1.986099 0.209898
v 0.905723 1.646834 0.196704
v 0.916531 1.654686 0.200569
v 0.921008 1.657938 0.209898
v 1.170331 1.382225 0.196704
v 1.178183 1.393033 0.200569
v 1.181436 1.397510 0.209898
v 1.503758 1.212335 0.196704
v 1.507886 1.225041 0.200569
v 1.509596 1.230303 0.209898
v 1.873364 1.153796 0.196704
v 1.873364 1.167155 0.200569
v 1.873364 1.172689 0.209898
v 2.242969 1.212335 0.196704
v 2.238841 1.225041 0.200569
v 2.237131 1.230303 0.209898
v 2.576397 1.382225 0.196704
v 2.568544 1.393033 0.200569
v 2.565291 1.397510 0.209898
v 2.841004 1.646834 0.196704
v 2.830196 1.654686 0.200569
v 2.825719 1.657938 0.209898
v 3.010895 1.980260 0.196704
v 2.998189 1.984388 0.200569
v 2.992926 1.986099 0.209898
v 3.399188 2.845637 0.196704
v 3.411893 2.849765 0.200569
v 3.417156 2.851475 0.209898
v 3.477709 2.349866 0.196704
v 3.491069 2.349866 0.200569
v 3.496602 2.349866 0.209898
v 3.171307 3.292877 0.196704
v 3.182115 3.300730 0.200569
v 3.186592 3.303983 0.209898
v 2.816375 3.647809 0.196704
v 2.824228 3.658618 0.200569
v 2.827480 3.663094 0.209898
v 2.369134 3.875690 0.196704
v 2.373263 3.888396 0.200569
v 2.374972 3.893658 0.209898
v 1.873364 3.954213 0.196704
v 1.873364 3.967572 0.200569
v 1.873364 3.973106 0.209898
v 1.377594 3.875689 0.196704
v 1.373465 3.888394 0.200569
v 1.371755 3.893657 0.209898
v 0.930353 3.647809 0.196704
v 0.922500 3.658618 0.200569
v 0.919248 3.663094 0.209898
v 0.575421 3.292877 0.196704
v 0.564613 3.300730 0.200569
v 0.560136 3.303983 0.209898
v 0.347540 2.845637 0.196704
v 0.334835 2.849765 0.200569
v 0.329572 2.851475 0.209898
v 0.269019 2.349866 0.196704
v 0.255659 2.349866 0.200569
v 0.250125 2.349866 0.209898
v 0.347540 1.854096 0.196704
v 0.334835 1.849968 0.200569
v 0.329572 1.848258 0.209898
v 0.575421 1.406855 0.196704
v 0.564613 1.399003 0.200569
v 0.560136 1.395750 0.209898
v 0.930353 1.051923 0.196704
v 0.922501 1.041115 0.200569
v 0.919248 1.036639 0.209898
v 1.377594 0.824043 0.196704
v 1.373465 0.811338 0.200569
v 1.371755 0.806075 0.209898
v 1.873364 0.745521 0.196704
v 1.873364 0.732161 0.200569
v 1.873364 0.726628 0.209898
v 2.369134 0.824043 0.196704
v 2.373263 0.811338 0.200569
v 2.374972 0.806075 0.209898
v 2.816374 1.051923 0.196704
v 2.824226 1.041115 0.200569
v 2.827479 1.036639 0.209898
v 3.171307 1.406855 0.196704
v 3.182115 1.399003 0.200569
v 3.186592 1.395750 0.209898
v 3.399186 1.854096 0.196704
v 3.411892 1.849968 0.200569
v 3.417155 1.848258 0.209898
v 3.417156 2.851475 0.465438
v 3.411893 2.849765 0.474767
v 3.399188 2.845637 0.478633
v 3.496602 2.349866 0.465438
v 3.491069 2.349866 0.474767
v 3.477709 2.349866 0.478633
v 3.186592 3.303983 0.465438
v 3.182115 3.300730 0.474767
v 3.171307 3.292877 0.478633
v 2.827480 3.663094 0.465438
v 2.824228 3.658618 0.474767
v 2.816375 3.647809 0.478633
v 2.374972 3.893658 0.465438
v 2.373263 3.888396 0.474767
v 2.369134 3.875690 0.478633
v 1.873364 3.973106 0.465438
v 1.873364 3.967572 0.474767
v 1.873364 3.954213 0.478633
v 1.371755 3.893657 0.465438
v 1.373465 3.888394 0.474767
v 1.377594 3.875689 0.478633
v 0.919248 3.663094 0.465438
v 0.922500 3.658618 0.474767
v 0.930353 3.647809 0.478633
v 0.560136 3.303983 0.465438
v 0.564613 3.300730 0.474767
v 0.575421 3.292877 0.478633
v 0.329572 2.851475 0.465438
v 0.334835 2.849765 0.474767
v 0.347540 2.845637 0.478633
v 0.250125 2.349866 0.465438
v 0.255659 2.349866 0.474767
v 0.269019 2.349866 0.478633
v 0.329572 1.848258 0.465438
v 0.334835 1.849968 0.474767
v 0.347540 1.854096 0.478633
v 0.560136 1.395750 0.465438
v 0.564613 1.399003 0.474767
v 0.575421 1.406855 0.478633
v 0.919248 1.036639 0.465438
v 0.922501 1.041115 0.474767
v 0.930353 1.051923 0.478633
v 1.371755 0.806075 0.465438
v 1.373465 0.811338 0.474767
v 1.377594 0.824043 0.478633
v 1.873364 0.726628 0.465438
v 1.873364 0.732161 0.474767
v 1.873364 0.745521 0.478633
v 2.374972 0.806075 0.465438
v 2.373263 0.811338 0.474767
v 2.369134 0.824043 0.478633
v 2.827479 1.036639 0.465438
v 2.824226 1.041115 0.474767
v 2.816374 1.051923 0.478633
v 3.186592 1.395750 0.465438
v 3.182115 1.399003 0.474767
v 3.171307 1.406855 0.478633
v 3.417155 1.848258 0.465438
v 3.411892 1.849968 0.474767
v 3.399186 1.854096 0.478633
v 3.010895 2.719472 0.478633
v 2.998189 2.715343 0.474767
v 2.992926 2.713633 0.465438
v 3.069434 2.349866 0.478633
v 3.056075 2.349866 0.474767
v 3.050541 2.349866 0.465438
v 2.841004 3.052899 0.478633
v 2.830196 3.045047 0.474767
v 2.825719 3.041794 0.465438
v 2.576397 3.317507 0.478633
v 2.568544 3.306699 0.474767
v 2.565291 3.302222 0.465438
v 2.242969 3.487398 0.478633
v 2.238841 3.474692 0.474767
v 2.237131 3.469429 0.465438
v 1.873364 3.545937 0.478633
v 1.873364 3.532577 0.474767
v 1.873364 3.527043 0.465438
v 1.503758 3.487398 0.478633
v 1.507886 3.474692 0.474767
v 1.509596 3.469429 0.465438
v 1.170331 3.317507 0.478633
v 1.178183 3.306699 0.474767
v 1.181436 3.302222 0.465438
v 0.905723 3.052899 0.478633
v 0.916531 3.045047 0.474767
v 0.921008 3.041794 0.465438
v 0.735833 2.719472 0.478633
v 0.748538 2.715343 0.474767
v 0.753801 2.713633 0.465438
v 0.677294 2.349866 0.478633
v 0.690653 2.349866 0.474767
v 0.696187 2.349866 0.465438
v 0.735833 1.980260 0.478633
v 0.748538 1.984388 0.474767
v 0.753801 1.986099 0.465438
v 0.905723 1.646834 0.478633
v 0.916531 1.654686 0.474767
v 0.921008 1.657938 0.465438
v 1.170331 1.382225 0.478633
v 1.178183 1.393033 0.474767
v 1.181436 1.397510 0.465438
v 1.503758 1.212335 0.478633
v 1.507886 1.225041 0.474767
v 1.509596 1.230303 0.465438
v 1.873364 1.153796 0.478633
v 1.873364 1.167155 0.474767
v 1.873364 1.172689 0.465438
v 2.242969 1.212335 0.478633
v 2.238841 1.225041 0.474767
v 2.237131 1.230303 0.465438
v 2.576397 1.382225 0.478633
v 2.568544 1.393033 0.474767
v 2.565291 1.397510 0.465438
v 2.841004 1.646834 0.478633
v 2.830196 1.654686 0.474767
v 2.825719 1.657938 0.465438
v 3.010895 1.980260 0.478633
v 2.998189 1.984388 0.474767
v 2.992926 1.986099 0.465438
v 3.186592 3.303983 0.337668
v 3.417156 2.851475 0.337668
v 3.496602 2.349866 0.337668
v 3.417155 1.848258 0.337668
v 3.186592 1.395750 0.337668
v 2.827479 1.036639 0.337668
v 2.374972 0.806075 0.337668
v 1.873364 0.726628 0.337668
v 1.371755 0.806075 0.337668
v 0.919248 1.036639 0.337668
v 0.560136 1.395750 0.337668
v 0.329572 1.848258 0.337668
v 0.250125 2.349866 0.337668
v 0.329572 2.851475 0.337668
v 0.560136 3.303983 0.337668
v 0.919248 3.663094 0.337668
v 1.371755 3.893657 0.337668
v 1.873364 3.973106 0.337668
v 2.374972 3.893658 0.337668
v 2.827480 3.663094 0.337668
v -3.578739 -0.024512 1.041817
v -3.551793 -0.039716 1.041779
v -3.546995 -0.026980 1.074894
v -3.533467 0.002835 1.088564
v -3.566152 0.004700 1.074898
v -3.579658 0.006414 1.041779
v 3.328279 -0.031673 1.038408
v 3.348831 -0.009863 1.038442
v 3.337571 -0.005425 1.074087
v 3.309784 -0.001056 1.088564
v 3.300752 -0.027700 1.074080
v 3.299411 -0.039716 1.038442
v -3.151623 0.803341 1.038408
v -3.172175 0.781531 1.038442
v -3.160916 0.777091 1.074086
v -3.133129 0.772724 1.088564
v -3.124096 0.799368 1.074080
v -3.122755 0.811384 1.038442
v 3.755395 0.796179 1.041817
v 3.728449 0.811384 1.041779
v 3.723662 0.798649 1.074893
v 3.710123 0.768833 1.088564
v 3.742815 0.766976 1.074896
v 3.756314 0.765254 1.041779
v -3.160812 0.777254 -0.359414
v -3.172013 0.781840 -0.324118
v -3.151579 0.803425 -0.323832
v -3.122755 0.811384 -0.323600
v -3.124096 0.799368 -0.359238
v -3.133129 0.772724 -0.373722
v 3.742398 0.766387 -0.359746
v 3.710123 0.768833 -0.373722
v 3.722947 0.798555 -0.359741
v 3.727168 0.811384 -0.325786
v 3.754776 0.795806 -0.325812
v 3.755718 0.764119 -0.325786
v -3.578739 -0.024512 -0.326970
v -3.579658 0.006414 -0.326937
v -3.566152 0.004700 -0.360056
v -3.533467 0.002835 -0.373722
v -3.546995 -0.026980 -0.360052
v -3.551793 -0.039716 -0.326937
v 3.328279 -0.031673 -0.323576
v 3.299411 -0.039716 -0.323600
v 3.300752 -0.027700 -0.359238
v 3.309784 -0.001056 -0.373722
v 3.337571 -0.005425 -0.359245
v 3.348831 -0.009863 -0.323600
v -3.570702 -0.019670 1.068847
v 3.324406 -0.025255 1.067571
v -3.147750 0.796923 1.067570
v 3.747365 0.791342 1.068845
v -3.147706 0.796987 -0.352849
v 3.746837 0.791023 -0.353541
v -3.570702 -0.019670 -0.354003
v 3.324406 -0.025255 -0.352732
v 0.565862 4.008737 0.575909
v 0.567081 4.025094 0.575909
v 0.544648 4.008937 0.569936
v 0.535540 4.001955 0.555415
v 0.535801 3.989079 0.555880
v 0.546411 3.982804 0.556339
v 0.555140 3.987889 0.570186
v 0.575930 4.000665 0.575909
v 3.365356 4.008737 0.575909
v 3.355287 4.000665 0.575909
v 3.375403 3.987939 0.569915
v 3.383841 3.982804 0.555414
v 3.395241 3.988795 0.555880
v 3.396109 4.001089 0.556341
v 3.386905 4.008341 0.570210
v 3.364137 4.025094 0.575909
v 0.565862 4.008737 0.110460
v 0.575930 4.000665 0.110460
v 0.555814 3.987939 0.116454
v 0.547377 3.982804 0.130955
v 0.535977 3.988795 0.130488
v 0.535108 4.001089 0.130028
v 0.544312 4.008341 0.116158
v 0.567081 4.025094 0.110460
v 3.365356 4.008737 0.110460
v 3.364137 4.025094 0.110460
v 3.386569 4.008937 0.116433
v 3.395677 4.001955 0.130954
v 3.395416 3.989079 0.130489
v 3.384807 3.982804 0.130030
v 3.376078 3.987889 0.116183
v 3.355287 4.000665 0.110460
v 1.965609 6.888512 0.575909
v 1.978480 6.880558 0.575909
v 1.977423 6.911865 0.570029
v 1.976690 6.924843 0.555735
v 1.965847 6.932158 0.556366
v 1.955214 6.926211 0.556982
v 1.954244 6.912848 0.570394
v 1.952738 6.880558 0.575909
v 1.965609 6.888512 0.110460
v 1.952738 6.880558 0.110460
v 1.953795 6.911865 0.116340
v 1.954529 6.924843 0.130633
v 1.965372 6.932158 0.130003
v 1.976005 6.926211 0.129387
v 1.976975 6.912848 0.115974
v 1.978480 6.880558 0.110460
v 0.945668 4.259025 0.555423
v 0.944805 4.275850 0.555358
v 0.934523 4.269769 0.569897
v 0.910044 4.254548 0.575909
v 0.911304 4.236764 0.575909
v 0.927466 4.228145 0.575909
v 0.950744 4.244112 0.569931
v 0.960290 4.250869 0.555491
v 2.985551 4.259025 0.555423
v 2.970929 4.250869 0.555491
v 2.980471 4.244264 0.569930
v 3.003659 4.228546 0.575909
v 3.020156 4.237067 0.575909
v 3.021659 4.254627 0.575909
v 2.996863 4.269833 0.569901
v 2.986413 4.275850 0.555358
v 1.965609 6.364747 0.555806
v 1.980032 6.355704 0.555804
v 1.980593 6.369890 0.570027
v 1.981396 6.404142 0.575909
v 1.965360 6.414421 0.575909
v 1.949403 6.404638 0.575909
v 1.950450 6.370033 0.570032
v 1.951186 6.355704 0.555804
v 1.965609 6.364747 0.130563
v 1.951186 6.355704 0.130565
v 1.950626 6.369890 0.116342
v 1.949823 6.404142 0.110460
v 1.965858 6.414421 0.110460
v 1.981816 6.404638 0.110460
v 1.980769 6.370033 0.116337
v 1.980032 6.355704 0.130565
v 2.985551 4.259025 0.130945
v 2.986413 4.275850 0.131011
v 2.996695 4.269769 0.116472
v 3.021174 4.254548 0.110460
v 3.019914 4.236764 0.110460
v 3.003752 4.228145 0.110460
v 2.980475 4.244112 0.116437
v 2.970929 4.250869 0.130878
v 0.945668 4.259025 0.130945
v 0.960290 4.250869 0.130878
v 0.950747 4.244264 0.116439
v 0.927559 4.228546 0.110460
v 0.911063 4.237067 0.110460
v 0.909559 4.254627 0.110460
v 0.934356 4.269833 0.116468
v 0.944805 4.275850 0.131011
v 0.544545 3.994809 0.570053
v 3.386572 3.994637 0.570052
v 0.544646 3.994637 0.116317
v 3.386672 3.994809 0.116316
v 1.965759 6.919443 0.570199
v 1.965460 6.919443 0.116170
v 0.935544 4.252520 0.569912
v 2.995774 4.252650 0.569913
v 1.965508 6.379355 0.570025
v 1.965711 6.379355 0.116343
v 2.995675 4.252520 0.116457
v 0.935444 4.252650 0.116456
v 0.535889 3.988937 0.343184
v 0.535324 4.001522 0.342721
v 1.954871 6.925528 0.343808
v 1.965609 6.932158 0.343184
v 1.976347 6.925528 0.342561
v 3.395893 4.001522 0.343647
v 3.395329 3.988937 0.343185
v 3.384324 3.982804 0.342722
v 0.546894 3.982804 0.343647
v -2.793204 3.974015 0.575909
v -2.798672 3.987215 0.575909
v -2.811958 3.973376 0.569766
v -2.817339 3.967515 0.554920
v -2.812281 3.955046 0.555136
v -2.800067 3.949881 0.555351
v -2.794085 3.955233 0.569893
v -2.780005 3.968548 0.575909
v 0.272844 3.974015 0.575909
v 0.259645 3.968548 0.575909
v 0.273484 3.955261 0.569766
v 0.279345 3.949881 0.554920
v 0.291815 3.954939 0.555136
v 0.296979 3.967153 0.555351
v 0.291627 3.973135 0.569893
v 0.278312 3.987215 0.575909
v -2.793204 7.040065 0.575909
v -2.780005 7.045533 0.575909
v -2.793844 7.058819 0.569766
v -2.799705 7.064200 0.554920
v -2.812175 7.059141 0.555136
v -2.817339 7.046927 0.555351
v -2.811987 7.040946 0.569893
v -2.798672 7.026866 0.575909
v 0.272844 7.040065 0.575909
v 0.278312 7.026866 0.575909
v 0.291598 7.040705 0.569766
v 0.296979 7.046565 0.554920
v 0.291921 7.059036 0.555136
v 0.279707 7.064200 0.555351
v 0.273725 7.058847 0.569893
v 0.259645 7.045533 0.575909
v -2.793204 7.040065 0.110460
v -2.798672 7.026866 0.110460
v -2.811958 7.040705 0.116603
v -2.817339 7.046565 0.131449
v -2.812281 7.059036 0.131232
v -2.800067 7.064200 0.131018
v -2.794085 7.058847 0.116476
v -2.780005 7.045533 0.110460
v 0.272844 7.040065 0.110460
v 0.259645 7.045533 0.110460
v 0.273484 7.058819 0.116603
v 0.279345 7.064200 0.131449
v 0.291815 7.059141 0.131232
v 0.296979 7.046927 0.131018
v 0.291627 7.040946 0.116476
v 0.278312 7.026866 0.110460
v -2.793204 3.974015 0.110460
v -2.780005 3.968548 0.110460
v -2.793844 3.955261 0.116603
v -2.799705 3.949881 0.131449
v -2.812175 3.954939 0.131232
v -2.817339 3.967153 0.131018
v -2.811987 3.973135 0.116476
v -2.798672 3.987215 0.110460
v 0.272844 3.974015 0.110460
v 0.278312 3.987215 0.110460
v 0.291598 3.973376 0.116603
v 0.296979 3.967515 0.131449
v 0.291921 3.955046 0.131232
v 0.279707 3.949881 0.131018
v 0.273725 3.955233 0.116476
v 0.259645 3.968548 0.110460
v -2.493320 4.273900 0.554920
v -2.499069 4.287780 0.554920
v -2.505042 4.282080 0.569762
v -2.519297 4.268151 0.575909
v -2.513372 4.253710 0.575909
v -2.499069 4.247729 0.575909
v -2.485122 4.262104 0.569763
v -2.479439 4.268151 0.554920
v -0.027040 4.273900 0.554920
v -0.040921 4.268151 0.554920
v -0.035220 4.262177 0.569762
v -0.021291 4.247923 0.575909
v -0.006850 4.253848 0.575909
v -0.000869 4.268151 0.575909
v -0.015244 4.282098 0.569763
v -0.021291 4.287780 0.554920
v -0.027040 6.740179 0.554920
v -0.021291 6.726298 0.554920
v -0.015318 6.731999 0.569762
v -0.001063 6.745929 0.575909
v -0.006988 6.760371 0.575909
v -0.021291 6.766351 0.575909
v -0.035238 6.751976 0.569763
v -0.040921 6.745929 0.554920
v -2.493320 6.740179 0.554920
v -2.479439 6.745929 0.554920
v -2.485140 6.751902 0.569762
v -2.499069 6.766157 0.575909
v -2.513510 6.760233 0.575909
v -2.519491 6.745929 0.575909
v -2.505116 6.731982 0.569763
v -2.499069 6.726298 0.554920
v -2.493320 6.740179 0.131448
v -2.499069 6.726298 0.131448
v -2.505042 6.731999 0.116607
v -2.519297 6.745929 0.110460
v -2.513372 6.760371 0.110460
v -2.499069 6.766351 0.110460
v -2.485122 6.751976 0.116606
v -2.479439 6.745929 0.131448
v -0.027040 6.740179 0.131448
v -0.040921 6.745929 0.131448
v -0.035220 6.751902 0.116607
v -0.021291 6.766157 0.110460
v -0.006850 6.760233 0.110460
v -0.000869 6.745929 0.110460
v -0.015244 6.731982 0.116606
v -0.021291 6.726298 0.131448
v -0.027040 4.273900 0.131448
v -0.021291 4.287780 0.131448
v -0.015318 4.282080 0.116606
v -0.001063 4.268151 0.110460
v -0.006988 4.253710 0.110460
v -0.021291 4.247729 0.110460
v -0.035238 4.262104 0.116606
v -0.040921 4.268151 0.131448
v -2.493320 4.273900 0.131448
v -2.479439 4.268151 0.131448
v -2.485140 4.262177 0.116606
v -2.499069 4.247923 0.110460
v -2.513510 4.253848 0.110460
v -2.519491 4.268151 0.110460
v -2.505116 4.282098 0.116606
v -2.499069 4.287780 0.131448
v -2.806705 3.960571 0.569827
v 0.286289 3.960515 0.569827
v -2.806649 7.053567 0.569827
v 0.286345 7.053511 0.569827
v -2.806705 7.053511 0.116542
v 0.286289 7.053567 0.116542
v -2.806649 3.960515 0.116542
v 0.286345 3.960571 0.116542
v -2.499194 4.267964 0.569762
v -0.021105 4.268026 0.569762
v -0.021166 6.746115 0.569762
v -2.499255 6.746054 0.569762
v -2.499194 6.746115 0.116607
v -0.021105 6.746054 0.116607
v -0.021166 4.267964 0.116607
v -2.499255 4.268026 0.116607
v -2.812228 3.954992 0.343184
v -2.817339 3.967334 0.342969
v -2.817339 7.046746 0.343400
v -2.812228 7.059089 0.343184
v -2.799886 7.064200 0.342969
v 0.279526 7.064200 0.343400
v 0.291868 7.059089 0.343184
v 0.296979 7.046746 0.342969
v 0.296979 3.967334 0.343400
v 0.291868 3.954992 0.343184
v 0.279526 3.949881 0.342969
v -2.799886 3.949881 0.343400
v 3.103481 2.749555 0.114335
v 3.089742 2.745090 0.120609
v 3.084051 2.743241 0.135755
v 2.919763 3.110121 0.114335
v 2.908075 3.101629 0.120609
v 2.903234 3.098112 0.135755
v 3.166786 2.349867 0.114335
v 3.152339 2.349867 0.120609
v 3.146355 2.349867 0.135755
v 2.633619 3.396265 0.114335
v 2.625127 3.384578 0.120609
v 2.621610 3.379736 0.135755
v 2.273053 3.579985 0.114335
v 2.268588 3.566245 0.120609
v 2.266739 3.560554 0.135755
v 1.873364 3.643288 0.114335
v 1.873364 3.628841 0.120609
v 1.873364 3.622857 0.135755
v 1.473675 3.579985 0.114335
v 1.478139 3.566245 0.120609
v 1.479988 3.560554 0.135755
v 1.113110 3.396265 0.114335
v 1.121601 3.384578 0.120609
v 1.125119 3.379736 0.135755
v 0.826964 3.110121 0.114335
v 0.838652 3.101629 0.120609
v 0.843493 3.098112 0.135755
v 0.643246 2.749555 0.114335
v 0.656986 2.745090 0.120609
v 0.662677 2.743241 0.135755
v 0.579943 2.349867 0.114335
v 0.594390 2.349867 0.120609
v 0.600373 2.349867 0.135755
v 0.643246 1.950177 0.114335
v 0.656986 1.954641 0.120609
v 0.662677 1.956491 0.135755
v 0.826964 1.589612 0.114335
v 0.838652 1.598104 0.120609
v 0.843493 1.601621 0.135755
v 1.113110 1.303467 0.114335
v 1.121601 1.315155 0.120609
v 1.125119 1.319996 0.135755
v 1.473675 1.119749 0.114335
v 1.478139 1.133489 0.120609
v 1.479988 1.139179 0.135755
v 1.873364 1.056445 0.114335
v 1.873364 1.070892 0.120609
v 1.873364 1.076876 0.135755
v 2.273053 1.119749 0.114335
v 2.268588 1.133489 0.120609
v 2.266739 1.139179 0.135755
v 2.633619 1.303467 0.114335
v 2.625127 1.315155 0.120609
v 2.621610 1.319996 0.135755
v 2.919763 1.589612 0.114335
v 2.908075 1.598104 0.120609
v 2.903234 1.601621 0.135755
v 3.103481 1.950177 0.114335
v 3.089742 1.954641 0.120609
v 3.084051 1.956491 0.135755
v 3.317136 2.818976 0.114335
v 3.329158 2.822883 0.120609
v 3.334138 2.824501 0.135755
v 3.391435 2.349867 0.114335
v 3.404076 2.349867 0.120609
v 3.409312 2.349867 0.135755
v 3.101510 3.242167 0.114335
v 3.111736 3.249597 0.120609
v 3.115972 3.252675 0.135755
v 2.765665 3.578012 0.114335
v 2.773095 3.588239 0.120609
v 2.776173 3.592475 0.135755
v 2.342474 3.793638 0.114335
v 2.346380 3.805661 0.120609
v 2.347999 3.810641 0.135755
v 1.873364 3.867938 0.114335
v 1.873364 3.880579 0.120609
v 1.873364 3.885815 0.135755
v 1.404254 3.793637 0.114335
v 1.400348 3.805659 0.120609
v 1.398730 3.810639 0.135755
v 0.981064 3.578012 0.114335
v 0.973634 3.588239 0.120609
v 0.970556 3.592475 0.135755
v 0.645219 3.242167 0.114335
v 0.634992 3.249597 0.120609
v 0.630756 3.252675 0.135755
v 0.429592 2.818976 0.114335
v 0.417570 2.822883 0.120609
v 0.412590 2.824501 0.135755
v 0.355293 2.349867 0.114335
v 0.342652 2.349867 0.120609
v 0.337416 2.349867 0.135755
v 0.429592 1.880757 0.114335
v 0.417570 1.876850 0.120609
v 0.412590 1.875232 0.135755
v 0.645219 1.457566 0.114335
v 0.634992 1.450136 0.120609
v 0.630756 1.447058 0.135755
v 0.981065 1.121721 0.114335
v 0.973634 1.111494 0.120609
v 0.970557 1.107258 0.135755
v 1.404254 0.906096 0.114335
v 1.400348 0.894073 0.120609
v 1.398730 0.889093 0.135755
v 1.873364 0.831796 0.114335
v 1.873364 0.819155 0.120609
v 1.873364 0.813919 0.135755
v 2.342474 0.906096 0.114335
v 2.346380 0.894073 0.120609
v 2.347999 0.889093 0.135755
v 2.765663 1.121721 0.114335
v 2.773093 1.111494 0.120609
v 2.776171 1.107258 0.135755
v 3.101510 1.457566 0.114335
v 3.111736 1.450136 0.120609
v 3.115972 1.447058 0.135755
v 3.317135 1.880757 0.114335
v 3.329157 1.876850 0.120609
v 3.334137 1.875232 0.135755
v 3.334138 2.824501 0.550613
v 3.329158 2.822883 0.565760
v 3.317136 2.818976 0.572034
v 3.409312 2.349867 0.550613
v 3.404076 2.349867 0.565760
v 3.391435 2.349867 0.572034
v 3.115972 3.252675 0.550613
v 3.111736 3.249597 0.565760
v 3.101510 3.242167 0.572034
v 2.776173 3.592475 0.550613
v 2.773095 3.588239 0.565760
v 2.765665 3.578012 0.572034
v 2.347999 3.810641 0.550613
v 2.346380 3.805661 0.565760
v 2.342474 3.793638 0.572034
v 1.873364 3.885815 0.550613
v 1.873364 3.880579 0.565760
v 1.873364 3.867938 0.572034
v 1.398730 3.810639 0.550613
v 1.400348 3.805659 0.565760
v 1.404254 3.793637 0.572034
v 0.970556 3.592475 0.550613
v 0.973634 3.588239 0.565760
v 0.981064 3.578012 0.572034
v 0.630756 3.252675 0.550613
v 0.634992 3.249597 0.565760
v 0.645219 3.242167 0.572034
v 0.412590 2.824501 0.550613
v 0.417570 2.822883 0.565760
v 0.429592 2.818976 0.572034
v 0.337416 2.349867 0.550613
v 0.342652 2.349867 0.565760
v 0.355293 2.349867 0.572034
v 0.412590 1.875232 0.550613
v 0.417570 1.876850 0.565760
v 0.429592 1.880757 0.572034
v 0.630756 1.447058 0.550613
v 0.634992 1.450136 0.565760
v 0.645219 1.457566 0.572034
v 0.970557 1.107258 0.550613
v 0.973634 1.111494 0.565760
v 0.981065 1.121721 0.572034
v 1.398730 0.889093 0.550613
v 1.400348 0.894073 0.565760
v 1.404254 0.906096 0.572034
v 1.873364 0.813919 0.550613
v 1.873364 0.819155 0.565760
v 1.873364 0.831796 0.572034
v 2.347999 0.889093 0.550613
v 2.346380 0.894073 0.565760
v 2.342474 0.906096 0.572034
v 2.776171 1.107258 0.550613
v 2.773093 1.111494 0.565760
v 2.765663 1.121721 0.572034
v 3.115972 1.447058 0.550613
v 3.111736 1.450136 0.565760
v 3.101510 1.457566 0.572034
v 3.334137 1.875232 0.550613
v 3.329157 1.876850 0.565760
v 3.317135 1.880757 0.572034
v 3.103481 2.749555 0.572034
v 3.089742 2.745090 0.565760
v 3.084051 2.743241 0.550613
v 3.166786 2.349867 0.572034
v 3.152339 2.349867 0.565760
v 3.146355 2.349867 0.550613
v 2.919763 3.110121 0.572034
v 2.908075 3.101629 0.565760
v 2.903234 3.098112 0.550613
v 2.633619 3.396265 0.572034
v 2.625127 3.384578 0.565760
v 2.621610 3.379736 0.550613
v 2.273053 3.579985 0.572034
v 2.268588 3.566245 0.565760
v 2.266739 3.560554 0.550613
v 1.873364 3.643288 0.572034
v 1.873364 3.628841 0.565760
v 1.873364 3.622857 0.550613
v 1.473675 3.579985 0.572034
v 1.478139 3.566245 0.565760
v 1.479988 3.560554 0.550613
v 1.113110 3.396265 0.572034
v 1.121601 3.384578 0.565760
v 1.125119 3.379736 0.550613
v 0.826964 3.110121 0.572034
v 0.838652 3.101629 0.565760
v 0.843493 3.098112 0.550613
v 0.643246 2.749555 0.572034
v 0.656986 2.745090 0.565760
v 0.662677 2.743241 0.550613
v 0.579943 2.349867 0.572034
v 0.594390 2.349867 0.565760
v 0.600373 2.349867 0.550613
v 0.643246 1.950177 0.572034
v 0.656986 1.954641 0.565760
v 0.662677 1.956491 0.550613
v 0.826964 1.589612 0.572034
v 0.838652 1.598104 0.565760
v 0.843493 1.601621 0.550613
v 1.113110 1.303467 0.572034
v 1.121601 1.315155 0.565760
v 1.125119 1.319996 0.550613
v 1.473675 1.119749 0.572034
v 1.478139 1.133489 0.565760
v 1.479988 1.139179 0.550613
v 1.873364 1.056445 0.572034
v 1.873364 1.070892 0.565760
v 1.873364 1.076876 0.550613
v 2.273053 1.119749 0.572034
v 2.268588 1.133489 0.565760
v 2.266739 1.139179 0.550613
v 2.633619 1.303467 0.572034
v 2.625127 1.315155 0.565760
v 2.621610 1.319996 0.550613
v 2.919763 1.589612 0.572034
v 2.908075 1.598104 0.565760
v 2.903234 1.601621 0.550613
v 3.103481 1.950177 0.572034
v 3.089742 1.954641 0.565760
v 3.084051 1.956491 0.550613
v 3.115972 3.252675 0.343184
v 3.334138 2.824501 0.343184
v 3.409312 2.349867 0.343184
v 3.334137 1.875232 0.343184
v 3.115972 1.447058 0.343184
v 2.776171 1.107258 0.343184
v 2.347999 0.889093 0.343184
v 1.873364 0.813919 0.343184
v 1.398730 0.889093 0.343184
v 0.970557 1.107258 0.343184
v 0.630756 1.447058 0.343184
v 0.412590 1.875232 0.343184
v 0.337416 2.349867 0.343184
v 0.412590 2.824501 0.343184
v 0.630756 3.252675 0.343184
v 0.970556 3.592475 0.343184
v 1.398730 3.810639 0.343184
v 1.873364 3.885815 0.343184
v 2.347999 3.810641 0.343184
v 2.776173 3.592475 0.343184
v -2.832450 1.029428 0.555797
v -2.828235 1.019253 0.555798
v -2.825255 1.022233 0.570565
v -2.818061 1.029428 0.576681
v -2.825255 1.036623 0.570565
v -2.828235 1.039603 0.555798
v -2.534200 0.731179 0.555797
v -2.524026 0.735393 0.555798
v -2.527006 0.738373 0.570565
v -2.534200 0.745568 0.576681
v -2.541395 0.738373 0.570565
v -2.544375 0.735393 0.555798
v 0.017474 3.917213 0.570565
v 0.024669 3.910018 0.576681
v 0.031864 3.917213 0.570565
v 0.034844 3.920193 0.555798
v 0.024669 3.924407 0.555797
v 0.014494 3.920193 0.555798
v 0.315724 3.618963 0.570565
v 0.318704 3.615983 0.555798
v 0.322918 3.626158 0.555797
v 0.318704 3.636332 0.555798
v 0.315723 3.633353 0.570565
v 0.308529 3.626158 0.576681
v 0.017474 3.917213 0.115804
v 0.014494 3.920193 0.130570
v 0.024669 3.924407 0.130572
v 0.034844 3.920193 0.130570
v 0.031864 3.917212 0.115804
v 0.024669 3.910018 0.109687
v 0.315724 3.618963 0.115804
v 0.308529 3.626158 0.109687
v 0.315724 3.633352 0.115804
v 0.318704 3.636332 0.130570
v 0.322918 3.626158 0.130571
v 0.318704 3.615983 0.130570
v -2.825255 1.036623 0.115804
v -2.818061 1.029428 0.109687
v -2.825255 1.022234 0.115804
v -2.828235 1.019253 0.130570
v -2.832450 1.029428 0.130571
v -2.828235 1.039603 0.130570
v -2.527006 0.738373 0.115804
v -2.524026 0.735393 0.130570
v -2.534200 0.731179 0.130572
v -2.544375 0.735393 0.130570
v -2.541396 0.738374 0.115804
v -2.534200 0.745568 0.109687
v -1.571467 2.337643 0.570844
v -1.575785 2.336364 0.556186
v -1.571593 2.326432 0.556382
v -1.575596 2.316580 0.556573
v -1.571363 2.315195 0.570942
v -1.562918 2.309586 0.576681
v -1.556619 2.317982 0.576681
v -1.550320 2.326378 0.576681
v -1.556619 2.334773 0.576681
v -1.562918 2.343169 0.576681
v -1.250324 2.016500 0.570844
v -1.244797 2.025049 0.576681
v -1.253193 2.031348 0.576681
v -1.261589 2.037647 0.576681
v -1.270355 2.031411 0.576681
v -1.279120 2.025176 0.576681
v -1.273169 2.016476 0.570812
v -1.271575 2.012181 0.556186
v -1.261589 2.016318 0.556187
v -1.251603 2.012181 0.556186
v -1.270024 2.639086 0.115525
v -1.268745 2.643404 0.130183
v -1.258814 2.639212 0.129986
v -1.248962 2.643215 0.129796
v -1.247576 2.638981 0.115427
v -1.241967 2.630537 0.109687
v -1.250363 2.624238 0.109687
v -1.258759 2.617938 0.109687
v -1.267155 2.624238 0.109687
v -1.275551 2.630537 0.109687
v -0.948882 2.317943 0.115525
v -0.957430 2.312416 0.109687
v -0.963729 2.320812 0.109687
v -0.970029 2.329208 0.109687
v -0.963793 2.337973 0.109687
v -0.957557 2.346738 0.109687
v -0.948857 2.340788 0.115557
v -0.944563 2.339194 0.130183
v -0.948699 2.329208 0.130181
v -0.944563 2.319221 0.130183
v -1.571467 2.337643 0.115525
v -1.562918 2.343169 0.109687
v -1.556619 2.334773 0.109687
v -1.550320 2.326378 0.109687
v -1.556555 2.317612 0.109687
v -1.562791 2.308847 0.109687
v -1.571491 2.314798 0.115557
v -1.575785 2.316391 0.130183
v -1.571649 2.326378 0.130181
v -1.575785 2.336364 0.130183
v -1.250324 2.016500 0.115525
v -1.251603 2.012181 0.130183
v -1.261534 2.016373 0.129986
v -1.271387 2.012370 0.129796
v -1.272772 2.016604 0.115427
v -1.278381 2.025049 0.109687
v -1.269985 2.031348 0.109687
v -1.261589 2.037647 0.109687
v -1.253193 2.031348 0.109687
v -1.244797 2.025049 0.109687
v -0.948882 2.317943 0.570844
v -0.944563 2.319221 0.556186
v -0.948755 2.329153 0.556382
v -0.944752 2.339005 0.556573
v -0.948985 2.340390 0.570942
v -0.957430 2.346000 0.576681
v -0.963729 2.337604 0.576681
v -0.970029 2.329208 0.576681
v -0.963729 2.320812 0.576681
v -0.957430 2.312416 0.576681
v -1.270024 2.639086 0.570844
v -1.275551 2.630537 0.576681
v -1.267155 2.624238 0.576681
v -1.258759 2.617938 0.576681
v -1.249994 2.624175 0.576681
v -1.241229 2.630410 0.576681
v -1.247179 2.639109 0.570812
v -1.248773 2.643404 0.556186
v -1.258759 2.639268 0.556187
v -1.268745 2.643404 0.556186
v 0.318284 1.055824 0.130571
v 0.314069 1.045649 0.130570
v 0.311088 1.048628 0.115804
v 0.303894 1.055824 0.109687
v 0.311089 1.063018 0.115804
v 0.314069 1.065998 0.130570
v 0.017204 0.754744 0.130571
v 0.007029 0.758958 0.130570
v 0.010009 0.761938 0.115804
v 0.017204 0.769133 0.109687
v 0.024399 0.761939 0.115804
v 0.027378 0.758958 0.130570
v 0.311088 1.048628 0.570565
v 0.314069 1.045649 0.555798
v 0.318284 1.055824 0.555797
v 0.314069 1.065998 0.555798
v 0.311089 1.063018 0.570565
v 0.303894 1.055824 0.576681
v 0.017204 0.754744 0.555797
v 0.027378 0.758958 0.555798
v 0.024399 0.761939 0.570565
v 0.017204 0.769133 0.576681
v 0.010009 0.761938 0.570565
v 0.007029 0.758958 0.555798
v -2.549749 3.915723 0.570565
v -2.542554 3.908529 0.576681
v -2.535359 3.915723 0.570565
v -2.532379 3.918703 0.555798
v -2.542554 3.922918 0.555797
v -2.552729 3.918703 0.555798
v -2.549749 3.915723 0.115804
v -2.552729 3.918703 0.130570
v -2.542554 3.922918 0.130571
v -2.532379 3.918703 0.130570
v -2.535359 3.915723 0.115804
v -2.542554 3.908529 0.109687
v -2.843632 3.621836 0.130571
v -2.839418 3.632011 0.130570
v -2.836437 3.629032 0.115804
v -2.829243 3.621836 0.109687
v -2.836437 3.614642 0.115804
v -2.839418 3.611661 0.130570
v -2.836437 3.629032 0.570565
v -2.839418 3.632011 0.555798
v -2.843632 3.621836 0.555797
v -2.839418 3.611661 0.555798
v -2.836437 3.614642 0.570565
v -2.829243 3.621836 0.576681
v -2.829805 1.029427 0.567850
v -2.534200 0.733823 0.567850
v 0.024669 3.921763 0.567850
v 0.320273 3.626158 0.567850
v 0.024669 3.921762 0.118519
v 0.320274 3.626158 0.118518
v -2.829805 1.029428 0.118518
v -2.534201 0.733824 0.118519
v -1.565659 2.326406 0.571985
v -1.261723 2.022295 0.571932
v -1.258788 2.633278 0.114384
v -0.954676 2.329341 0.114437
v -1.565672 2.326244 0.114437
v -1.261561 2.022308 0.114384
v -0.954689 2.329179 0.571985
v -1.258626 2.633291 0.571932
v 0.315638 1.055823 0.118518
v 0.017204 0.757388 0.118518
v 0.315638 1.055823 0.567850
v 0.017204 0.757388 0.567850
v -2.542554 3.920273 0.567850
v -2.542554 3.920273 0.118518
v -2.840987 3.621837 0.118518
v -2.840987 3.621837 0.567850
v -2.832450 1.029428 0.343184
v -2.828235 1.039603 0.343184
v -1.575691 2.316486 0.343378
v -1.571621 2.326405 0.343282
v -1.575785 2.336364 0.343184
v -2.839418 3.611661 0.343184
v -2.843632 3.621836 0.343184
v -2.839418 3.632011 0.343184
v -2.552729 3.918703 0.343184
v -2.542554 3.922918 0.343184
v -2.532379 3.918703 0.343184
v -1.268745 2.643404 0.343184
v -1.258787 2.639240 0.343087
v -1.248867 2.643310 0.342991
v 0.014494 3.920193 0.343184
v 0.024669 3.924407 0.343185
v 0.034844 3.920193 0.343184
v 0.318704 3.636332 0.343184
v 0.322918 3.626158 0.343184
v 0.318704 3.615983 0.343184
v -0.944657 2.339100 0.343378
v -0.948727 2.329181 0.343282
v -0.944563 2.319221 0.343184
v 0.314069 1.065998 0.343184
v 0.318284 1.055824 0.343184
v 0.314069 1.045649 0.343184
v 0.027378 0.758958 0.343184
v 0.017204 0.754744 0.343184
v 0.007029 0.758958 0.343184
v -1.251603 2.012181 0.343184
v -1.261562 2.016346 0.343087
v -1.271481 2.012276 0.342991
v -2.524026 0.735393 0.343184
v -2.534200 0.731179 0.343185
v -2.544375 0.735393 0.343184
v -2.828235 1.019253 0.343184
v -1.260174 2.327793 0.576681
v -1.260174 2.327793 0.109687
v 0.088326 -0.027340 1.074487
v 0.088326 -0.039716 1.040110
v 0.088326 -0.039716 -0.325268
v 0.088326 -0.027340 -0.359645
v 0.088326 0.000889 -0.373722
v 0.088330 0.770778 -0.373722
v 0.088330 0.798961 -0.359489
v 0.088330 0.811384 -0.324693
v 0.088330 0.811384 1.040110
v 0.088330 0.799009 1.074486
v 0.088330 0.770778 1.088564
v 0.088326 0.000889 1.088564
v -3.578739 -0.024512 0.357424
v -3.579658 0.006414 0.357421
v -3.172094 0.781685 0.357162
v -3.151601 0.803383 0.357288
v -3.122755 0.811384 0.357421
v 0.088330 0.811384 0.357709
v 3.727808 0.811384 0.357996
v 3.755086 0.795992 0.358002
v 3.756016 0.764687 0.357996
v 3.348831 -0.009863 0.357421
v 3.328279 -0.031673 0.357416
v 3.299411 -0.039716 0.357421
v 0.088326 -0.039716 0.357421
v -3.551793 -0.039716 0.357421
vt 0.720378 0.708620
vt 0.721511 0.708854
vt 0.682624 0.739552
vt 0.681736 0.739216
vt 0.093946 0.709358
vt 0.094751 0.708945
vt 0.132147 0.741219
vt 0.131226 0.741539
vt 0.722326 0.706169
vt 0.721840 0.707402
vt 0.508263 0.739269
vt 0.506877 0.738610
vt 0.510508 0.739824
vt 0.094779 0.831784
vt 0.093913 0.831853
vt 0.091327 0.815917
vt 0.092207 0.815889
vt 0.727374 0.824350
vt 0.726511 0.824331
vt 0.727033 0.808351
vt 0.727871 0.808327
vt 0.093520 0.707793
vt 0.288136 0.734922
vt 0.286254 0.735429
vt 0.093105 0.706631
vt 0.289413 0.734256
vt 0.286903 0.736200
vt 0.239308 0.750740
vt 0.238776 0.750363
vt 0.293625 0.736657
vt 0.294293 0.735651
vt 0.333954 0.753329
vt 0.332910 0.753510
vt 0.286153 0.811134
vt 0.285613 0.810931
vt 0.283272 0.793245
vt 0.284369 0.795433
vt 0.285096 0.810737
vt 0.282710 0.794784
vt 0.292477 0.734818
vt 0.504297 0.738923
vt 0.502063 0.739681
vt 0.291225 0.734044
vt 0.505752 0.738196
vt 0.093710 0.813565
vt 0.092904 0.813145
vt 0.130761 0.782059
vt 0.131717 0.782369
vt 0.725850 0.805807
vt 0.724745 0.806150
vt 0.683151 0.779329
vt 0.683984 0.778900
vt 0.092566 0.814686
vt 0.281600 0.794017
vt 0.280005 0.793322
vt 0.726388 0.807218
vt 0.508984 0.795683
vt 0.511157 0.794912
vt 0.507623 0.796512
vt 0.287988 0.794106
vt 0.286900 0.793324
vt 0.336424 0.778379
vt 0.336954 0.778801
vt 0.280306 0.792318
vt 0.240650 0.776296
vt 0.241641 0.776059
vt 0.285798 0.794754
vt 0.504773 0.796169
vt 0.506282 0.796821
vt 0.502467 0.795376
vt 0.503060 0.740543
vt 0.450918 0.753977
vt 0.450156 0.753550
vt 0.509704 0.740741
vt 0.557904 0.751195
vt 0.557171 0.751660
vt 0.507408 0.812663
vt 0.506851 0.812643
vt 0.506810 0.794743
vt 0.506322 0.812665
vt 0.510179 0.794092
vt 0.559305 0.778713
vt 0.559987 0.779111
vt 0.503234 0.794439
vt 0.451885 0.780710
vt 0.452781 0.780305
vt 0.680132 0.741673
vt 0.681010 0.741696
vt 0.682130 0.776916
vt 0.681253 0.777015
vt 0.133022 0.743842
vt 0.133896 0.743754
vt 0.133159 0.779955
vt 0.132283 0.779934
vt 0.680572 0.740355
vt 0.559552 0.751780
vt 0.560301 0.752600
vt 0.133360 0.742405
vt 0.237440 0.750949
vt 0.236840 0.751751
vt 0.237589 0.751850
vt 0.239899 0.774905
vt 0.238983 0.774915
vt 0.334587 0.754791
vt 0.335525 0.754747
vt 0.338790 0.777387
vt 0.338059 0.777285
vt 0.335067 0.753963
vt 0.448653 0.754238
vt 0.448062 0.755075
vt 0.448805 0.755168
vt 0.450385 0.779038
vt 0.449606 0.779135
vt 0.559537 0.752753
vt 0.562248 0.777498
vt 0.561473 0.777424
vt 0.561569 0.778384
vt 0.681853 0.778290
vt 0.450313 0.779986
vt 0.338266 0.778186
vt 0.239470 0.775696
vt 0.132776 0.781260
vt 0.092669 0.707927
vt 0.722802 0.707474
vt 0.723206 0.706151
vt 0.092267 0.706585
vt 0.291660 0.735454
vt 0.289104 0.736128
vt 0.290549 0.736065
vt 0.727307 0.807036
vt 0.091687 0.814576
vt 0.282227 0.793691
vt 0.284668 0.793317
vt 0.507319 0.739581
vt 0.505371 0.739406
vt 0.506363 0.740272
vt 0.505751 0.795578
vt 0.507813 0.795416
vt 0.132464 0.742681
vt 0.681464 0.740589
vt 0.334074 0.753856
vt 0.238107 0.751114
vt 0.558808 0.752003
vt 0.449395 0.754415
vt 0.451115 0.779800
vt 0.560869 0.778234
vt 0.240433 0.775783
vt 0.337587 0.778028
vt 0.682713 0.777967
vt 0.131849 0.781083
vt 0.720087 0.690315
vt 0.720953 0.690262
vt 0.505038 0.722462
vt 0.504598 0.722454
vt 0.504121 0.722407
vt 0.291136 0.718387
vt 0.290731 0.718218
vt 0.290296 0.718055
vt 0.094815 0.690761
vt 0.093956 0.690674
vt 0.204521 0.663222
vt 0.204018 0.662037
vt 0.235796 0.644622
vt 0.236742 0.644802
vt 0.199158 0.663614
vt 0.198427 0.664274
vt 0.165420 0.646998
vt 0.165998 0.646796
vt 0.202620 0.665043
vt 0.203368 0.664040
vt 0.402942 0.665233
vt 0.403996 0.665974
vt 0.401659 0.664520
vt 0.201069 0.582441
vt 0.201767 0.582262
vt 0.201368 0.599798
vt 0.200359 0.598873
vt 0.202452 0.582084
vt 0.202352 0.597758
vt 0.199730 0.664926
vt 0.001129 0.680770
vt 0.001910 0.679731
vt 0.200790 0.665652
vt 0.000856 0.681978
vt 0.001005 0.679500
vt 0.025369 0.650621
vt 0.026238 0.650873
vt 0.804893 0.679536
vt 0.803985 0.679732
vt 0.782116 0.651256
vt 0.782995 0.651053
vt 0.808503 0.564315
vt 0.809359 0.564300
vt 0.810480 0.580445
vt 0.809623 0.580429
vt 0.005939 0.564344
vt 0.006789 0.564424
vt 0.005123 0.580444
vt 0.004281 0.580393
vt 0.804703 0.680769
vt 0.610636 0.661774
vt 0.611793 0.660994
vt 0.804919 0.681950
vt 0.609854 0.662789
vt 0.407708 0.663226
vt 0.407181 0.662038
vt 0.439010 0.643905
vt 0.439910 0.644128
vt 0.402338 0.663815
vt 0.367476 0.646886
vt 0.368197 0.646726
vt 0.405789 0.665102
vt 0.406542 0.664071
vt 0.606829 0.663190
vt 0.607881 0.663917
vt 0.605540 0.662496
vt 0.404160 0.580271
vt 0.404970 0.580117
vt 0.405391 0.597705
vt 0.404495 0.596623
vt 0.405767 0.579962
vt 0.406270 0.595712
vt 0.611226 0.659875
vt 0.642295 0.643203
vt 0.643132 0.643420
vt 0.606234 0.661768
vt 0.571037 0.645496
vt 0.571753 0.645333
vt 0.606636 0.580402
vt 0.607272 0.580288
vt 0.608627 0.597809
vt 0.607701 0.596593
vt 0.607895 0.580169
vt 0.609532 0.595991
vt 0.402578 0.598502
vt 0.403134 0.599683
vt 0.371266 0.617790
vt 0.370373 0.617571
vt 0.407951 0.597864
vt 0.408618 0.597157
vt 0.442820 0.614787
vt 0.442092 0.614947
vt 0.403747 0.597657
vt 0.203403 0.598487
vt 0.204689 0.599182
vt 0.407331 0.596447
vt 0.606951 0.597597
vt 0.605792 0.598414
vt 0.606300 0.599600
vt 0.574510 0.617026
vt 0.573564 0.616848
vt 0.611160 0.598035
vt 0.611893 0.597377
vt 0.644880 0.614778
vt 0.644301 0.614977
vt 0.610591 0.596720
vt 0.809345 0.581635
vt 0.808560 0.582671
vt 0.198423 0.600675
vt 0.198993 0.601793
vt 0.167936 0.618568
vt 0.167097 0.618355
vt 0.203995 0.599908
vt 0.239245 0.616169
vt 0.238530 0.616333
vt 0.199579 0.599891
vt 0.005344 0.581624
vt 0.006068 0.582659
vt 0.809464 0.582906
vt 0.784972 0.611695
vt 0.784105 0.611439
vt 0.005160 0.582859
vt 0.028061 0.611050
vt 0.027183 0.611257
vt 0.237826 0.643157
vt 0.236996 0.643257
vt 0.239347 0.617738
vt 0.240055 0.617862
vt 0.164955 0.645291
vt 0.164243 0.645327
vt 0.165862 0.619946
vt 0.166716 0.619934
vt 0.237501 0.644078
vt 0.366812 0.646103
vt 0.366705 0.645151
vt 0.164550 0.646264
vt 0.027022 0.649818
vt 0.027387 0.648516
vt 0.026533 0.648429
vt 0.028095 0.613405
vt 0.028957 0.613414
vt 0.782093 0.648902
vt 0.781230 0.648889
vt 0.782945 0.613792
vt 0.783798 0.613883
vt 0.781457 0.650189
vt 0.643970 0.642733
vt 0.644370 0.641832
vt 0.643517 0.641841
vt 0.645341 0.616486
vt 0.646053 0.616453
vt 0.570940 0.643927
vt 0.570233 0.643803
vt 0.572468 0.618492
vt 0.573302 0.618394
vt 0.570358 0.644733
vt 0.440724 0.643388
vt 0.441097 0.642448
vt 0.440268 0.642531
vt 0.442867 0.616392
vt 0.443571 0.616519
vt 0.367407 0.645281
vt 0.369205 0.619257
vt 0.370037 0.619170
vt 0.369563 0.618313
vt 0.239927 0.616932
vt 0.443469 0.615568
vt 0.572800 0.617572
vt 0.645748 0.615514
vt 0.783316 0.612491
vt 0.028725 0.612115
vt 0.166261 0.619044
vt 0.200676 0.663903
vt 0.202829 0.662335
vt 0.201692 0.663831
vt 0.805565 0.680729
vt 0.000262 0.680678
vt 0.000000 0.681965
vt 0.805760 0.682004
vt 0.403877 0.664107
vt 0.406021 0.662388
vt 0.404895 0.663998
vt 0.607808 0.662017
vt 0.610010 0.660281
vt 0.608856 0.661872
vt 0.406414 0.597586
vt 0.404282 0.599320
vt 0.609643 0.597740
vt 0.607488 0.599302
vt 0.202419 0.599659
vt 0.200213 0.601388
vt 0.004482 0.581669
vt 0.810212 0.581730
vt 0.165194 0.646194
vt 0.236589 0.644265
vt 0.782343 0.650085
vt 0.026156 0.649597
vt 0.571023 0.644736
vt 0.643104 0.642866
vt 0.367477 0.646110
vt 0.439828 0.643552
vt 0.442805 0.615564
vt 0.370463 0.618143
vt 0.645104 0.615582
vt 0.573714 0.617385
vt 0.027839 0.612223
vt 0.784181 0.612715
vt 0.239262 0.616930
vt 0.167127 0.618908
vt 0.203680 0.681230
vt 0.203059 0.681345
vt 0.404399 0.681715
vt 0.405192 0.681592
vt 0.406001 0.681467
vt 0.607764 0.679603
vt 0.608451 0.679446
vt 0.609152 0.679286
vt 0.803116 0.697888
vt 0.803965 0.697971
vt 0.002042 0.698085
vt 0.001186 0.698104
vt 0.202452 0.681466
vt 0.957753 0.823723
vt 0.957753 0.822885
vt 0.973380 0.822952
vt 0.973396 0.823770
vt 0.957753 0.822048
vt 0.973394 0.822134
vt 0.721201 0.451592
vt 0.721857 0.452195
vt 0.700213 0.473467
vt 0.699620 0.472806
vt 0.940979 0.823698
vt 0.942108 0.823767
vt 0.942081 0.854054
vt 0.940947 0.854123
vt 0.942112 0.822134
vt 0.940981 0.822209
vt 0.940876 0.720303
vt 0.941974 0.720364
vt 0.721867 0.451001
vt 0.649337 0.378996
vt 0.650066 0.378508
vt 0.957733 0.855739
vt 0.957732 0.854904
vt 0.973370 0.854873
vt 0.973385 0.855691
vt 0.957732 0.854069
vt 0.973386 0.854055
vt 0.699023 0.473466
vt 0.627346 0.401237
vt 0.627866 0.400492
vt 0.940949 0.855624
vt 0.942081 0.855694
vt 0.942046 0.957492
vt 0.940923 0.957611
vt 0.553261 0.282387
vt 0.553858 0.281727
vt 0.625535 0.353955
vt 0.625015 0.354701
vt 0.940926 0.376673
vt 0.942057 0.376748
vt 0.941971 0.478436
vt 0.940851 0.478488
vt 0.942055 0.375101
vt 0.940921 0.375169
vt 0.940946 0.344708
vt 0.942075 0.344778
vt 0.552668 0.281725
vt 0.531680 0.303600
vt 0.531024 0.302998
vt 0.957698 0.376756
vt 0.957697 0.375925
vt 0.973326 0.375927
vt 0.973339 0.376750
vt 0.957697 0.375093
vt 0.973343 0.375106
vt 0.942079 0.343134
vt 0.940949 0.343209
vt 0.940849 0.241372
vt 0.941947 0.241433
vt 0.531014 0.304191
vt 0.603544 0.376196
vt 0.602815 0.376684
vt 0.957721 0.344790
vt 0.957721 0.343959
vt 0.973348 0.343959
vt 0.973364 0.344782
vt 0.957721 0.343128
vt 0.973362 0.343136
vt 0.974470 0.376675
vt 0.974569 0.478512
vt 0.973471 0.478450
vt 0.918221 0.445764
vt 0.917555 0.446355
vt 0.845684 0.373766
vt 0.846413 0.373277
vt 0.918211 0.446958
vt 0.896569 0.468232
vt 0.895976 0.467571
vt 0.974473 0.375176
vt 0.974498 0.344715
vt 0.895379 0.468231
vt 0.823695 0.396009
vt 0.824215 0.395263
vt 0.974492 0.343210
vt 0.973447 0.241447
vt 0.974567 0.241396
vt 0.749600 0.277166
vt 0.750197 0.276505
vt 0.821879 0.348726
vt 0.821360 0.349472
vt 0.974525 0.822209
vt 0.973478 0.720378
vt 0.974598 0.720326
vt 0.974530 0.823703
vt 0.974515 0.854125
vt 0.749008 0.276503
vt 0.728020 0.298378
vt 0.727364 0.297777
vt 0.974516 0.855621
vt 0.974616 0.957625
vt 0.973515 0.957499
vt 0.727354 0.298969
vt 0.799891 0.370971
vt 0.799162 0.371459
vt 0.942004 0.718710
vt 0.940886 0.718781
vt 0.940951 0.616308
vt 0.942081 0.616382
vt 0.650083 0.376930
vt 0.649347 0.376441
vt 0.722116 0.304168
vt 0.722776 0.304765
vt 0.957726 0.720396
vt 0.957733 0.719595
vt 0.973496 0.719543
vt 0.957740 0.718788
vt 0.973476 0.718707
vt 0.648397 0.377718
vt 0.648866 0.378359
vt 0.627202 0.400020
vt 0.626534 0.399551
vt 0.648870 0.377077
vt 0.626988 0.355172
vt 0.627625 0.354701
vt 0.626347 0.355641
vt 0.625256 0.400491
vt 0.625740 0.401231
vt 0.552778 0.473487
vt 0.552186 0.472822
vt 0.940863 0.000959
vt 0.941984 0.001096
vt 0.942049 0.103502
vt 0.940917 0.103572
vt 0.625893 0.400020
vt 0.604011 0.378115
vt 0.604484 0.377475
vt 0.603534 0.378752
vt 0.957686 0.001167
vt 0.957693 0.000353
vt 0.973373 0.000271
vt 0.973387 0.001087
vt 0.957774 0.958174
vt 0.957781 0.957365
vt 0.973472 0.958302
vt 0.973442 0.480120
vt 0.974560 0.480049
vt 0.974493 0.582537
vt 0.973363 0.582463
vt 0.846430 0.371700
vt 0.845694 0.371210
vt 0.918456 0.298930
vt 0.919116 0.299527
vt 0.973476 0.479280
vt 0.957714 0.479279
vt 0.957721 0.478487
vt 0.957707 0.480077
vt 0.844744 0.372487
vt 0.845213 0.373128
vt 0.823551 0.394792
vt 0.822882 0.394323
vt 0.845217 0.371847
vt 0.823333 0.349944
vt 0.823970 0.349472
vt 0.822692 0.350412
vt 0.821605 0.395264
vt 0.822089 0.396003
vt 0.749133 0.468266
vt 0.748542 0.467601
vt 0.974564 0.239831
vt 0.973446 0.239761
vt 0.973339 0.137418
vt 0.974470 0.137343
vt 0.822242 0.394792
vt 0.800358 0.372889
vt 0.800831 0.372249
vt 0.799881 0.373526
vt 0.973466 0.240605
vt 0.957704 0.240604
vt 0.957711 0.239807
vt 0.957697 0.241397
vt 0.823485 0.348733
vt 0.896440 0.276469
vt 0.897031 0.277135
vt 0.974594 0.718777
vt 0.973363 0.616378
vt 0.974494 0.616303
vt 0.822024 0.349944
vt 0.800362 0.371608
vt 0.974508 0.000949
vt 0.974514 0.103568
vt 0.973382 0.103498
vt 0.799145 0.373036
vt 0.727118 0.445805
vt 0.726458 0.445208
vt 0.941976 0.239763
vt 0.940858 0.239835
vt 0.940922 0.137343
vt 0.942053 0.137418
vt 0.602798 0.378262
vt 0.530764 0.451025
vt 0.530104 0.450427
vt 0.604015 0.376833
vt 0.625680 0.355173
vt 0.627141 0.353962
vt 0.700103 0.281705
vt 0.700694 0.282371
vt 0.940854 0.480052
vt 0.941972 0.480123
vt 0.942081 0.582466
vt 0.940951 0.582540
vt 0.973344 0.135774
vt 0.973326 0.136595
vt 0.957695 0.136594
vt 0.957695 0.135763
vt 0.957696 0.137425
vt 0.747939 0.468256
vt 0.726456 0.446398
vt 0.974473 0.135843
vt 0.973380 0.105145
vt 0.974514 0.105076
vt 0.973366 0.104321
vt 0.957716 0.104328
vt 0.957716 0.103497
vt 0.957717 0.105160
vt 0.942050 0.135771
vt 0.940916 0.135838
vt 0.940919 0.105074
vt 0.942049 0.105145
vt 0.530103 0.451617
vt 0.551584 0.473478
vt 0.701297 0.281715
vt 0.722778 0.303576
vt 0.940948 0.584043
vt 0.942078 0.584111
vt 0.942078 0.614737
vt 0.940944 0.614806
vt 0.957722 0.584122
vt 0.957722 0.583291
vt 0.973349 0.583285
vt 0.973365 0.584108
vt 0.957722 0.582459
vt 0.974499 0.584040
vt 0.974496 0.614802
vt 0.973367 0.614733
vt 0.919117 0.298337
vt 0.897633 0.276479
vt 0.973349 0.615555
vt 0.957722 0.615559
vt 0.957722 0.614728
vt 0.957722 0.616390
vt 0.626441 0.377596
vt 0.822787 0.372368
vt 0.942126 0.822951
vt 0.941215 0.822953
vt 0.722269 0.451602
vt 0.942096 0.854875
vt 0.941183 0.854873
vt 0.699618 0.473873
vt 0.942071 0.375925
vt 0.941159 0.375922
vt 0.553263 0.281319
vt 0.530612 0.303590
vt 0.942093 0.343956
vt 0.941182 0.343958
vt 0.918622 0.446365
vt 0.974237 0.375926
vt 0.974260 0.343962
vt 0.895974 0.468638
vt 0.974292 0.822955
vt 0.749602 0.276107
vt 0.726961 0.298368
vt 0.974281 0.854873
vt 0.649612 0.377718
vt 0.941970 0.719542
vt 0.940698 0.719542
vt 0.942013 0.000279
vt 0.940815 0.000000
vt 0.626542 0.400768
vt 0.942077 0.958310
vt 0.940875 0.958574
vt 0.845959 0.372488
vt 0.974748 0.479280
vt 0.974749 0.240611
vt 0.822891 0.395540
vt 0.974780 0.719549
vt 0.822683 0.349195
vt 0.799616 0.372248
vt 0.974562 0.000000
vt 0.974662 0.958568
vt 0.603269 0.377474
vt 0.941942 0.240603
vt 0.940670 0.240604
vt 0.941953 0.479279
vt 0.940669 0.479272
vt 0.626339 0.354424
vt 0.974237 0.136594
vt 0.748532 0.468668
vt 0.974279 0.104322
vt 0.726050 0.445803
vt 0.529697 0.451022
vt 0.942067 0.136594
vt 0.941154 0.136591
vt 0.942064 0.104324
vt 0.941153 0.104323
vt 0.552177 0.473889
vt 0.942095 0.583289
vt 0.941184 0.583291
vt 0.700704 0.281303
vt 0.919523 0.298932
vt 0.974261 0.583288
vt 0.974260 0.615553
vt 0.897041 0.276067
vt 0.723184 0.304170
vt 0.942095 0.615560
vt 0.941183 0.615557
vt 0.449223 0.100146
vt 0.424189 0.100364
vt 0.424859 0.076392
vt 0.449795 0.076256
vt 0.474260 0.100037
vt 0.474794 0.076205
vt 0.499309 0.100011
vt 0.499829 0.076214
vt 0.524375 0.100042
vt 0.524887 0.076264
vt 0.549457 0.100113
vt 0.549959 0.076340
vt 0.574559 0.100213
vt 0.575041 0.076434
vt 0.599687 0.100342
vt 0.600130 0.076540
vt 0.624852 0.100498
vt 0.625222 0.076654
vt 0.650078 0.100684
vt 0.650311 0.076767
vt 0.675401 0.100889
vt 0.675379 0.076859
vt 0.700882 0.101056
vt 0.700384 0.076878
vt 0.726621 0.101001
vt 0.725239 0.076701
vt 0.752774 0.100220
vt 0.749768 0.076067
vt 0.779573 0.097574
vt 0.773651 0.074423
vt 0.807397 0.090884
vt 0.796261 0.070455
vt 0.322566 0.099860
vt 0.295371 0.095093
vt 0.305078 0.075282
vt 0.327444 0.077122
vt 0.348546 0.101119
vt 0.351100 0.077271
vt 0.373963 0.101070
vt 0.375393 0.076969
vt 0.399126 0.100700
vt 0.400030 0.076635
vt 0.449497 0.041505
vt 0.424428 0.041425
vt 0.424398 0.017394
vt 0.449725 0.017587
vt 0.474588 0.041608
vt 0.474956 0.017763
vt 0.499682 0.041715
vt 0.500126 0.017913
vt 0.524773 0.041817
vt 0.525258 0.018037
vt 0.549857 0.041910
vt 0.550365 0.018137
vt 0.574931 0.041987
vt 0.575452 0.018209
vt 0.599990 0.042042
vt 0.600522 0.018245
vt 0.625027 0.042059
vt 0.625576 0.018226
vt 0.650028 0.042018
vt 0.650617 0.018129
vt 0.674967 0.041895
vt 0.675655 0.017924
vt 0.699798 0.041668
vt 0.700722 0.017604
vt 0.724437 0.041351
vt 0.725889 0.017253
vt 0.748732 0.041069
vt 0.751308 0.017225
vt 0.772389 0.041239
vt 0.777289 0.018507
vt 0.794755 0.043101
vt 0.804480 0.023301
vt 0.326154 0.043936
vt 0.303548 0.047927
vt 0.292394 0.027509
vt 0.320212 0.020789
vt 0.350036 0.042270
vt 0.347011 0.018118
vt 0.374565 0.041616
vt 0.373168 0.017315
vt 0.399421 0.041422
vt 0.398912 0.017242
vt 0.449219 0.102204
vt 0.474260 0.102093
vt 0.474248 0.117219
vt 0.449167 0.117339
vt 0.499312 0.102065
vt 0.499319 0.117185
vt 0.524378 0.102094
vt 0.524397 0.117211
vt 0.549462 0.102165
vt 0.549489 0.117281
vt 0.574565 0.102266
vt 0.574603 0.117383
vt 0.599696 0.102395
vt 0.599753 0.117515
vt 0.624867 0.102553
vt 0.624960 0.117679
vt 0.650102 0.102742
vt 0.650266 0.117879
vt 0.675445 0.102950
vt 0.675747 0.118103
vt 0.700966 0.103122
vt 0.701542 0.118290
vt 0.726783 0.103066
vt 0.727885 0.118223
vt 0.753072 0.102262
vt 0.755103 0.117280
vt 0.780060 0.099536
vt 0.783392 0.114091
vt 0.808155 0.092774
vt 0.812094 0.107186
vt 0.294681 0.097009
vt 0.322183 0.101852
vt 0.319684 0.116647
vt 0.291270 0.111706
vt 0.348351 0.103176
vt 0.346958 0.118229
vt 0.373875 0.103140
vt 0.373192 0.118282
vt 0.399090 0.102767
vt 0.398775 0.117922
vt 0.424176 0.102426
vt 0.424039 0.117573
vt 0.795697 0.068905
vt 0.773225 0.072430
vt 0.772165 0.043264
vt 0.794166 0.044661
vt 0.749534 0.073969
vt 0.748656 0.043174
vt 0.725111 0.074588
vt 0.724420 0.043463
vt 0.700312 0.074777
vt 0.699801 0.043767
vt 0.675337 0.074774
vt 0.674976 0.043979
vt 0.650286 0.074694
vt 0.650038 0.044090
vt 0.625206 0.074590
vt 0.625036 0.044123
vt 0.600119 0.074481
vt 0.599998 0.044101
vt 0.575033 0.074378
vt 0.574937 0.044044
vt 0.549952 0.074285
vt 0.549864 0.043965
vt 0.524880 0.074208
vt 0.524781 0.043874
vt 0.499821 0.074155
vt 0.499693 0.043775
vt 0.474785 0.074141
vt 0.474604 0.043673
vt 0.449785 0.074183
vt 0.449523 0.043578
vt 0.424849 0.074308
vt 0.424471 0.043511
vt 0.400026 0.074535
vt 0.399494 0.043523
vt 0.375409 0.074856
vt 0.374694 0.043729
vt 0.351174 0.075166
vt 0.350271 0.044368
vt 0.327666 0.075097
vt 0.326582 0.045929
vt 0.305665 0.073722
vt 0.304114 0.049476
vt 0.449791 0.075345
vt 0.474790 0.075298
vt 0.499825 0.075309
vt 0.424854 0.075476
vt 0.524884 0.075360
vt 0.549955 0.075437
vt 0.575037 0.075530
vt 0.600125 0.075635
vt 0.625215 0.075747
vt 0.650300 0.075856
vt 0.675360 0.075943
vt 0.700352 0.075954
vt 0.725182 0.075772
vt 0.749663 0.075144
vt 0.773461 0.073546
vt 0.795960 0.069779
vt 0.305382 0.074596
vt 0.327545 0.076231
vt 0.351135 0.076346
vt 0.375401 0.076041
vt 0.400028 0.075712
vt 0.449222 0.101050
vt 0.424184 0.101270
vt 0.399111 0.101608
vt 0.474260 0.100941
vt 0.499311 0.100914
vt 0.524377 0.100944
vt 0.549459 0.101014
vt 0.574562 0.101115
vt 0.599691 0.101244
vt 0.624859 0.101401
vt 0.650089 0.101589
vt 0.675421 0.101795
vt 0.700919 0.101964
vt 0.726692 0.101909
vt 0.752906 0.101118
vt 0.779788 0.098438
vt 0.807775 0.091703
vt 0.295023 0.095927
vt 0.322398 0.100737
vt 0.348461 0.102024
vt 0.373925 0.101980
vt 0.449700 0.015529
vt 0.449714 0.016682
vt 0.424378 0.016488
vt 0.424353 0.015333
vt 0.398874 0.016334
vt 0.398827 0.015176
vt 0.474949 0.016860
vt 0.474941 0.015708
vt 0.500122 0.017011
vt 0.500117 0.015860
vt 0.525255 0.017135
vt 0.525253 0.015985
vt 0.550363 0.017235
vt 0.550361 0.016085
vt 0.575450 0.017307
vt 0.575449 0.016157
vt 0.600521 0.017342
vt 0.600521 0.016191
vt 0.625576 0.017323
vt 0.625577 0.016171
vt 0.650619 0.017224
vt 0.650622 0.016071
vt 0.675661 0.017018
vt 0.675670 0.015862
vt 0.700737 0.016696
vt 0.700759 0.015537
vt 0.725927 0.016343
vt 0.725978 0.015183
vt 0.751394 0.016320
vt 0.751506 0.015168
vt 0.777458 0.017630
vt 0.777674 0.016516
vt 0.804829 0.022468
vt 0.805172 0.021386
vt 0.292015 0.026690
vt 0.319996 0.019925
vt 0.291634 0.025619
vt 0.319722 0.018827
vt 0.346879 0.017219
vt 0.346712 0.016075
vt 0.373096 0.016407
vt 0.373005 0.015250
vt 0.449509 0.042416
vt 0.424447 0.042342
vt 0.399454 0.042345
vt 0.474595 0.042516
vt 0.499687 0.042620
vt 0.524777 0.042721
vt 0.549860 0.042813
vt 0.574934 0.042891
vt 0.599994 0.042947
vt 0.625031 0.042966
vt 0.650033 0.042929
vt 0.674971 0.042811
vt 0.699799 0.042590
vt 0.724429 0.042279
vt 0.748697 0.041994
vt 0.772288 0.042130
vt 0.794450 0.043787
vt 0.303850 0.048603
vt 0.326346 0.044813
vt 0.350142 0.043193
vt 0.374623 0.042545
vt 0.449536 0.000392
vt 0.474849 0.000582
vt 0.424048 0.000180
vt 0.398246 0.000008
vt 0.371895 0.000093
vt 0.344670 0.001059
vt 0.316377 0.004276
vt 0.287680 0.011212
vt 0.780187 0.001723
vt 0.808597 0.006692
vt 0.752913 0.000117
vt 0.726677 0.000041
vt 0.701089 0.000382
vt 0.675821 0.000716
vt 0.650687 0.000936
vt 0.625600 0.001045
vt 0.600523 0.001071
vt 0.575439 0.001040
vt 0.550341 0.000969
vt 0.525219 0.000868
vt 0.500063 0.000740
vt 0.019768 0.065045
vt 0.019842 0.063228
vt 0.100580 0.068257
vt 0.100303 0.070050
vt 0.283783 0.074022
vt 0.282072 0.074626
vt 0.248958 0.002159
vt 0.250599 0.001373
vt 0.282882 0.078644
vt 0.284841 0.077739
vt 0.266257 0.481566
vt 0.264461 0.481889
vt 0.017678 0.065157
vt 0.002212 0.469371
vt 0.000000 0.469403
vt 0.282712 0.076609
vt 0.236444 0.098678
vt 0.235516 0.096682
vt 0.236764 0.100486
vt 0.265489 0.486146
vt 0.267121 0.485483
vt 0.292618 0.562447
vt 0.290944 0.562990
vt 0.002157 0.471130
vt 0.081940 0.471544
vt 0.081991 0.473305
vt 0.264676 0.483888
vt 0.217724 0.502118
vt 0.217976 0.500175
vt 0.217937 0.504033
vt 0.233968 0.097530
vt 0.199888 0.024190
vt 0.201470 0.023452
vt 0.232906 0.099046
vt 0.232737 0.100800
vt 0.152417 0.097165
vt 0.152402 0.095405
vt 0.234954 0.100888
vt 0.216025 0.500901
vt 0.213941 0.501188
vt 0.214073 0.503005
vt 0.133808 0.500375
vt 0.134009 0.498528
vt 0.216160 0.504402
vt 0.242267 0.579602
vt 0.240502 0.580205
vt 0.200481 0.021498
vt 0.247927 0.000337
vt 0.148959 0.094688
vt 0.148449 0.096451
vt 0.104257 0.071310
vt 0.104333 0.069163
vt 0.150208 0.097044
vt 0.131898 0.498157
vt 0.130009 0.497354
vt 0.129911 0.499490
vt 0.085401 0.474019
vt 0.085901 0.472244
vt 0.243067 0.581578
vt 0.291727 0.565057
vt 0.102368 0.070464
vt 0.084146 0.471654
vt 0.284066 0.076011
vt 0.018096 0.063615
vt 0.000353 0.470854
vt 0.266093 0.483483
vt 0.234959 0.099295
vt 0.216130 0.502447
vt 0.150403 0.095592
vt 0.199341 0.022457
vt 0.241475 0.581729
vt 0.131822 0.499655
vt 0.102465 0.068987
vt 0.249475 0.000007
vt 0.292972 0.564233
vt 0.083964 0.473108
vt 0.916243 0.122674
vt 0.917181 0.122958
vt 0.896801 0.136625
vt 0.895850 0.136168
vt 0.367476 0.135311
vt 0.368114 0.134885
vt 0.387779 0.148690
vt 0.386797 0.149145
vt 0.918145 0.120818
vt 0.917601 0.121752
vt 0.727581 0.132145
vt 0.726403 0.131585
vt 0.729544 0.132730
vt 0.366527 0.208045
vt 0.365785 0.208014
vt 0.365308 0.195480
vt 0.366057 0.195549
vt 0.918714 0.192831
vt 0.917975 0.192840
vt 0.918008 0.180396
vt 0.918723 0.180350
vt 0.366985 0.134043
vt 0.531926 0.137924
vt 0.530588 0.138669
vt 0.366526 0.133172
vt 0.532587 0.137076
vt 0.531071 0.139616
vt 0.509563 0.149946
vt 0.508619 0.149492
vt 0.536218 0.138015
vt 0.537071 0.137491
vt 0.560353 0.147036
vt 0.559633 0.147350
vt 0.535885 0.197148
vt 0.535263 0.197277
vt 0.534028 0.183938
vt 0.534827 0.184678
vt 0.534650 0.197409
vt 0.533268 0.185208
vt 0.535311 0.136852
vt 0.724097 0.132297
vt 0.722371 0.133067
vt 0.534235 0.136241
vt 0.725176 0.131579
vt 0.367579 0.193723
vt 0.366929 0.193316
vt 0.386389 0.178534
vt 0.387404 0.178954
vt 0.916984 0.178347
vt 0.916054 0.178660
vt 0.895611 0.166111
vt 0.896531 0.165618
vt 0.366488 0.194618
vt 0.532315 0.184599
vt 0.530811 0.184006
vt 0.917444 0.179522
vt 0.729630 0.176536
vt 0.731335 0.175814
vt 0.728591 0.177263
vt 0.537199 0.182996
vt 0.536382 0.182113
vt 0.558641 0.171639
vt 0.559582 0.172111
vt 0.531306 0.183412
vt 0.508085 0.174116
vt 0.508808 0.173843
vt 0.535593 0.183816
vt 0.726081 0.177019
vt 0.727309 0.177542
vt 0.724070 0.176434
vt 0.723192 0.133757
vt 0.697740 0.143997
vt 0.696837 0.143431
vt 0.728789 0.133271
vt 0.756710 0.141484
vt 0.755947 0.141994
vt 0.728551 0.189827
vt 0.727990 0.189845
vt 0.727883 0.175819
vt 0.727452 0.189896
vt 0.730499 0.175141
vt 0.755362 0.165409
vt 0.756214 0.165977
vt 0.724837 0.175864
vt 0.696005 0.167843
vt 0.696813 0.167311
vt 0.893897 0.138234
vt 0.894872 0.138328
vt 0.894540 0.164014
vt 0.893558 0.164115
vt 0.388669 0.150818
vt 0.389647 0.150724
vt 0.389278 0.176857
vt 0.388308 0.176754
vt 0.894473 0.137233
vt 0.758465 0.142264
vt 0.759208 0.143027
vt 0.389090 0.149742
vt 0.507232 0.150300
vt 0.506635 0.151074
vt 0.507603 0.151077
vt 0.507009 0.172322
vt 0.506171 0.172500
vt 0.561425 0.148852
vt 0.562307 0.148681
vt 0.561637 0.170437
vt 0.560652 0.170449
vt 0.561743 0.147866
vt 0.694969 0.144270
vt 0.694169 0.145046
vt 0.695104 0.145097
vt 0.694360 0.166147
vt 0.693519 0.166304
vt 0.758378 0.143176
vt 0.758874 0.164406
vt 0.757943 0.164349
vt 0.758071 0.165172
vt 0.894179 0.165091
vt 0.694260 0.167062
vt 0.561030 0.171250
vt 0.506726 0.173297
vt 0.388719 0.177862
vt 0.366280 0.134249
vt 0.918411 0.121912
vt 0.918893 0.120896
vt 0.365810 0.133217
vt 0.534438 0.137650
vt 0.532558 0.138948
vt 0.533437 0.137649
vt 0.918225 0.179343
vt 0.365754 0.194434
vt 0.533047 0.183858
vt 0.534907 0.182704
vt 0.726575 0.132873
vt 0.724958 0.132709
vt 0.725823 0.133188
vt 0.727109 0.176218
vt 0.728737 0.176237
vt 0.388112 0.150081
vt 0.895443 0.137571
vt 0.560955 0.148057
vt 0.508227 0.150262
vt 0.757675 0.142512
vt 0.695976 0.144354
vt 0.695063 0.166794
vt 0.757092 0.165094
vt 0.507493 0.173119
vt 0.560010 0.171281
vt 0.895135 0.164717
vt 0.387735 0.177527
vt 0.917890 0.108360
vt 0.918631 0.108403
vt 0.725738 0.119151
vt 0.725201 0.119161
vt 0.724637 0.119140
vt 0.533678 0.124029
vt 0.533048 0.124210
vt 0.532410 0.124389
vt 0.366580 0.120745
vt 0.365842 0.120750
vt 0.193976 0.899592
vt 0.193444 0.898530
vt 0.213890 0.886150
vt 0.214803 0.886430
vt 0.189268 0.899802
vt 0.188587 0.900405
vt 0.167205 0.888005
vt 0.167844 0.887812
vt 0.192296 0.901190
vt 0.192920 0.900360
vt 0.377430 0.899641
vt 0.378280 0.900297
vt 0.376263 0.898961
vt 0.190483 0.836164
vt 0.191183 0.835981
vt 0.191291 0.849920
vt 0.190373 0.848998
vt 0.191870 0.835792
vt 0.192174 0.848159
vt 0.189758 0.901062
vt 0.005668 0.909352
vt 0.006429 0.908441
vt 0.190608 0.901714
vt 0.005363 0.910308
vt 0.005600 0.908192
vt 0.021497 0.890351
vt 0.022390 0.890639
vt 0.751202 0.903453
vt 0.750369 0.903690
vt 0.735203 0.886264
vt 0.736096 0.885994
vt 0.752990 0.823375
vt 0.753789 0.823400
vt 0.754039 0.836091
vt 0.753243 0.836034
vt 0.006709 0.828187
vt 0.007506 0.828204
vt 0.007022 0.840809
vt 0.006235 0.840823
vt 0.751105 0.904594
vt 0.568740 0.896071
vt 0.569793 0.895322
vt 0.751386 0.905529
vt 0.568108 0.896907
vt 0.381651 0.897985
vt 0.381104 0.896930
vt 0.401635 0.884264
vt 0.402524 0.884564
vt 0.376917 0.898330
vt 0.354247 0.886532
vt 0.354964 0.886338
vt 0.379959 0.899610
vt 0.380585 0.898766
vt 0.565472 0.897107
vt 0.566321 0.897756
vt 0.564303 0.896438
vt 0.378193 0.833566
vt 0.378943 0.833420
vt 0.379406 0.847373
vt 0.378564 0.846348
vt 0.379678 0.833267
vt 0.380229 0.845659
vt 0.569224 0.894308
vt 0.589304 0.882229
vt 0.590161 0.882513
vt 0.564966 0.895789
vt 0.542159 0.884269
vt 0.542876 0.884072
vt 0.565586 0.831992
vt 0.566246 0.831878
vt 0.567079 0.845807
vt 0.566221 0.844707
vt 0.566893 0.831754
vt 0.567915 0.844187
vt 0.376862 0.847969
vt 0.377412 0.849025
vt 0.356879 0.861681
vt 0.355993 0.861383
vt 0.381606 0.847619
vt 0.382261 0.846987
vt 0.404287 0.859410
vt 0.403576 0.859607
vt 0.377933 0.847190
vt 0.193023 0.848808
vt 0.194191 0.849478
vt 0.381085 0.846310
vt 0.565596 0.845538
vt 0.564540 0.846305
vt 0.565072 0.847368
vt 0.544624 0.859757
vt 0.543711 0.859478
vt 0.569252 0.846102
vt 0.569935 0.845500
vt 0.591312 0.857948
vt 0.590672 0.858139
vt 0.568764 0.844841
vt 0.752935 0.836990
vt 0.752171 0.837898
vt 0.188686 0.850585
vt 0.189257 0.851599
vt 0.169178 0.863719
vt 0.168320 0.863437
vt 0.193525 0.850126
vt 0.216353 0.861648
vt 0.215636 0.861844
vt 0.189739 0.849834
vt 0.007305 0.841744
vt 0.008044 0.842646
vt 0.752999 0.838150
vt 0.737048 0.855954
vt 0.736157 0.855663
vt 0.007213 0.842884
vt 0.023258 0.860035
vt 0.022365 0.860308
vt 0.216043 0.884855
vt 0.215172 0.884897
vt 0.216605 0.863219
vt 0.217357 0.863257
vt 0.166781 0.886387
vt 0.166040 0.886418
vt 0.167027 0.864969
vt 0.167903 0.864957
vt 0.215672 0.885658
vt 0.353485 0.885723
vt 0.353256 0.884897
vt 0.166348 0.887227
vt 0.023193 0.889646
vt 0.023551 0.888630
vt 0.022663 0.888548
vt 0.023416 0.862077
vt 0.024311 0.862043
vt 0.735051 0.884223
vt 0.734156 0.884255
vt 0.734990 0.857669
vt 0.735877 0.857754
vt 0.734456 0.885267
vt 0.591061 0.881769
vt 0.591456 0.880984
vt 0.590580 0.880994
vt 0.591734 0.859567
vt 0.592475 0.859537
vt 0.541907 0.882697
vt 0.541156 0.882660
vt 0.542471 0.861053
vt 0.543342 0.861010
vt 0.541391 0.883473
vt 0.403427 0.883783
vt 0.403821 0.882969
vt 0.402948 0.883009
vt 0.404541 0.861007
vt 0.405296 0.861046
vt 0.354006 0.884939
vt 0.354718 0.862981
vt 0.355588 0.862942
vt 0.355100 0.862166
vt 0.217121 0.862443
vt 0.405057 0.860219
vt 0.542842 0.860250
vt 0.592168 0.858728
vt 0.735350 0.856655
vt 0.024008 0.861031
vt 0.167421 0.864183
vt 0.190627 0.900175
vt 0.192360 0.898961
vt 0.191440 0.900092
vt 0.751905 0.904493
vt 0.004864 0.909225
vt 0.004566 0.910253
vt 0.752173 0.905517
vt 0.378292 0.898698
vt 0.380029 0.897395
vt 0.379113 0.898585
vt 0.566361 0.896127
vt 0.568122 0.894800
vt 0.567196 0.895989
vt 0.380230 0.847254
vt 0.378489 0.848562
vt 0.567892 0.845726
vt 0.566157 0.846937
vt 0.192128 0.849786
vt 0.190361 0.851108
vt 0.006506 0.841846
vt 0.753738 0.837119
vt 0.167017 0.887164
vt 0.214745 0.885783
vt 0.735362 0.885086
vt 0.022298 0.889414
vt 0.542079 0.883437
vt 0.590158 0.881883
vt 0.354172 0.885690
vt 0.402505 0.883902
vt 0.404371 0.860255
vt 0.356022 0.862045
vt 0.591498 0.858789
vt 0.543768 0.860124
vt 0.023103 0.861214
vt 0.736245 0.856889
vt 0.216434 0.862479
vt 0.168324 0.864067
vt 0.192943 0.913902
vt 0.192289 0.914018
vt 0.378791 0.912693
vt 0.379526 0.912543
vt 0.380275 0.912402
vt 0.566638 0.910116
vt 0.567326 0.909936
vt 0.568028 0.909764
vt 0.750807 0.918107
vt 0.751604 0.918125
vt 0.005651 0.922967
vt 0.004852 0.922944
vt 0.191650 0.914145
vt 0.544493 0.267887
vt 0.519576 0.268623
vt 0.519380 0.255860
vt 0.544292 0.255146
vt 0.569417 0.267193
vt 0.569217 0.254461
vt 0.594346 0.266518
vt 0.594148 0.253790
vt 0.619279 0.265851
vt 0.619081 0.253125
vt 0.644213 0.265188
vt 0.644016 0.252462
vt 0.669149 0.264527
vt 0.668952 0.251801
vt 0.694087 0.263869
vt 0.693889 0.251142
vt 0.719028 0.263217
vt 0.718827 0.250486
vt 0.743977 0.262578
vt 0.743768 0.249836
vt 0.768944 0.261965
vt 0.768708 0.249199
vt 0.793948 0.261391
vt 0.793636 0.248576
vt 0.819030 0.260836
vt 0.818519 0.247942
vt 0.844273 0.260124
vt 0.843269 0.247178
vt 0.869857 0.258584
vt 0.867705 0.245882
vt 0.896237 0.254272
vt 0.891478 0.242761
vt 0.419565 0.271717
vt 0.393649 0.269807
vt 0.397436 0.258341
vt 0.420743 0.259093
vt 0.444760 0.271292
vt 0.445033 0.258400
vt 0.469742 0.270351
vt 0.469687 0.257486
vt 0.494664 0.269434
vt 0.494498 0.256631
vt 0.543478 0.227568
vt 0.518538 0.228205
vt 0.518304 0.215438
vt 0.543270 0.214826
vt 0.568418 0.226919
vt 0.568219 0.214187
vt 0.593356 0.226264
vt 0.593161 0.213536
vt 0.618294 0.225604
vt 0.618098 0.212878
vt 0.643229 0.224943
vt 0.643034 0.212218
vt 0.668164 0.224281
vt 0.667968 0.211555
vt 0.693098 0.223616
vt 0.692901 0.210888
vt 0.718028 0.222944
vt 0.717830 0.210213
vt 0.742954 0.222259
vt 0.742754 0.209518
vt 0.767865 0.221544
vt 0.767670 0.208783
vt 0.792747 0.220773
vt 0.792582 0.207970
vt 0.817558 0.219916
vt 0.817503 0.207052
vt 0.842212 0.219001
vt 0.842484 0.206109
vt 0.866502 0.218306
vt 0.867679 0.205682
vt 0.889809 0.219056
vt 0.893595 0.207589
vt 0.419543 0.231516
vt 0.395769 0.234634
vt 0.391011 0.223123
vt 0.417392 0.218814
vt 0.443978 0.230221
vt 0.442976 0.217275
vt 0.468728 0.229459
vt 0.468219 0.216565
vt 0.493610 0.228827
vt 0.493300 0.216012
vt 0.544544 0.269611
vt 0.569468 0.268915
vt 0.569819 0.280847
vt 0.544892 0.281545
vt 0.594397 0.268240
vt 0.594748 0.280170
vt 0.619330 0.267573
vt 0.619680 0.279502
vt 0.644264 0.266910
vt 0.644614 0.278839
vt 0.669200 0.266249
vt 0.669549 0.278178
vt 0.694137 0.265591
vt 0.694487 0.277521
vt 0.719079 0.264940
vt 0.719430 0.276871
vt 0.744029 0.264302
vt 0.744387 0.276236
vt 0.768999 0.263690
vt 0.769378 0.275632
vt 0.794013 0.263119
vt 0.794458 0.275074
vt 0.819123 0.262568
vt 0.819753 0.274540
vt 0.844435 0.261854
vt 0.845517 0.273800
vt 0.870151 0.260271
vt 0.872077 0.271969
vt 0.896760 0.255891
vt 0.899110 0.267432
vt 0.393240 0.271460
vt 0.419417 0.273427
vt 0.418524 0.285287
vt 0.391718 0.283237
vt 0.444738 0.273031
vt 0.444553 0.284990
vt 0.469771 0.272086
vt 0.469934 0.284050
vt 0.494710 0.271163
vt 0.495003 0.283114
vt 0.519626 0.270348
vt 0.519962 0.282288
vt 0.891002 0.241208
vt 0.867416 0.244054
vt 0.866413 0.220159
vt 0.889392 0.220634
vt 0.843121 0.245310
vt 0.842231 0.220874
vt 0.818430 0.246083
vt 0.817609 0.221775
vt 0.793570 0.246731
vt 0.792804 0.222618
vt 0.768649 0.247363
vt 0.767923 0.223381
vt 0.743712 0.248004
vt 0.743010 0.224091
vt 0.718773 0.248656
vt 0.718084 0.224774
vt 0.693834 0.249312
vt 0.693152 0.225445
vt 0.668898 0.249972
vt 0.668218 0.226110
vt 0.643962 0.250633
vt 0.643283 0.226772
vt 0.619027 0.251296
vt 0.618348 0.227433
vt 0.594093 0.251961
vt 0.593411 0.228093
vt 0.569162 0.252631
vt 0.568473 0.228750
vt 0.544235 0.253314
vt 0.543534 0.229400
vt 0.519323 0.254024
vt 0.518597 0.230041
vt 0.494441 0.254786
vt 0.493677 0.230672
vt 0.469636 0.255627
vt 0.468817 0.231318
vt 0.445014 0.256527
vt 0.444126 0.232090
vt 0.420832 0.257240
vt 0.419831 0.233344
vt 0.397852 0.256763
vt 0.396245 0.236187
vt 0.544264 0.254250
vt 0.569189 0.253566
vt 0.594120 0.252896
vt 0.519351 0.254963
vt 0.619054 0.252231
vt 0.643989 0.251568
vt 0.668925 0.250907
vt 0.693862 0.250247
vt 0.718800 0.249591
vt 0.743740 0.248941
vt 0.768679 0.248301
vt 0.793603 0.247674
vt 0.818475 0.247034
vt 0.843196 0.246265
vt 0.867562 0.244988
vt 0.891202 0.242004
vt 0.397680 0.257567
vt 0.420788 0.258186
vt 0.445024 0.257485
vt 0.469662 0.256577
vt 0.494470 0.255729
vt 0.544517 0.268690
vt 0.519599 0.269426
vt 0.494686 0.270239
vt 0.569441 0.267995
vt 0.594370 0.267319
vt 0.619303 0.266652
vt 0.644237 0.265989
vt 0.669173 0.265329
vt 0.694111 0.264671
vt 0.719052 0.264019
vt 0.744002 0.263381
vt 0.768970 0.262768
vt 0.793978 0.262195
vt 0.819073 0.261643
vt 0.844348 0.260930
vt 0.869994 0.259371
vt 0.896518 0.255018
vt 0.393420 0.270574
vt 0.419497 0.272515
vt 0.444751 0.272102
vt 0.469756 0.271159
vt 0.543219 0.213103
vt 0.543246 0.214024
vt 0.518278 0.214635
vt 0.518249 0.213713
vt 0.493270 0.215207
vt 0.493235 0.214284
vt 0.568195 0.213386
vt 0.568169 0.212465
vt 0.593137 0.212734
vt 0.593110 0.211814
vt 0.618075 0.212077
vt 0.618048 0.211156
vt 0.643010 0.211416
vt 0.642984 0.210496
vt 0.667944 0.210753
vt 0.667918 0.209833
vt 0.692877 0.210086
vt 0.692850 0.209166
vt 0.717806 0.209411
vt 0.717779 0.208491
vt 0.742729 0.208716
vt 0.742703 0.207795
vt 0.767646 0.207979
vt 0.767620 0.207058
vt 0.792560 0.207166
vt 0.792536 0.206242
vt 0.817488 0.206244
vt 0.817474 0.205317
vt 0.842494 0.205299
vt 0.842506 0.204370
vt 0.867748 0.204884
vt 0.867827 0.203971
vt 0.893824 0.206823
vt 0.894004 0.205937
vt 0.390730 0.222376
vt 0.417254 0.218027
vt 0.390488 0.221504
vt 0.417098 0.217126
vt 0.442900 0.216469
vt 0.442814 0.215545
vt 0.468175 0.215758
vt 0.468126 0.214833
vt 0.543505 0.228464
vt 0.518567 0.229103
vt 0.493643 0.229729
vt 0.568445 0.227814
vt 0.593383 0.227158
vt 0.618320 0.226498
vt 0.643256 0.225837
vt 0.668191 0.225175
vt 0.693125 0.224510
vt 0.718056 0.223839
vt 0.742981 0.223155
vt 0.767894 0.222442
vt 0.792775 0.221675
vt 0.817583 0.220825
vt 0.842221 0.219916
vt 0.866457 0.219212
vt 0.889565 0.219830
vt 0.396045 0.235391
vt 0.419685 0.232410
vt 0.444051 0.231135
vt 0.468772 0.230368
vt 0.542864 0.201168
vt 0.567821 0.200534
vt 0.517872 0.201772
vt 0.492792 0.202328
vt 0.467497 0.202861
vt 0.441733 0.203599
vt 0.415173 0.205427
vt 0.388140 0.209962
vt 0.868719 0.192112
vt 0.895525 0.194160
vt 0.842691 0.192411
vt 0.817311 0.193352
vt 0.792244 0.194291
vt 0.767286 0.195117
vt 0.742357 0.195861
vt 0.717431 0.196559
vt 0.692502 0.197236
vt 0.667571 0.197903
vt 0.642637 0.198566
vt 0.617702 0.199227
vt 0.592764 0.199884
vt 0.989481 0.798352
vt 0.989479 0.797720
vt 0.998889 0.797717
vt 0.998904 0.798338
vt 0.989477 0.797089
vt 0.998900 0.797097
vt 0.526224 0.447842
vt 0.526690 0.448284
vt 0.510368 0.464444
vt 0.509933 0.463974
vt 0.979360 0.798339
vt 0.980055 0.798384
vt 0.980095 0.821322
vt 0.979398 0.821370
vt 0.980054 0.797147
vt 0.979358 0.797197
vt 0.979047 0.694854
vt 0.979722 0.694908
vt 0.526697 0.447409
vt 0.455034 0.374217
vt 0.455562 0.373866
vt 0.989525 0.822556
vt 0.989523 0.821925
vt 0.998939 0.821893
vt 0.998952 0.822512
vt 0.989521 0.821294
vt 0.998951 0.821273
vt 0.509492 0.464440
vt 0.438287 0.390882
vt 0.438665 0.390344
vt 0.979403 0.822522
vt 0.980099 0.822564
vt 0.980372 0.924841
vt 0.979681 0.924937
vt 0.364899 0.282079
vt 0.365340 0.281613
vt 0.437150 0.355189
vt 0.436772 0.355726
vt 0.978168 0.358879
vt 0.978865 0.358923
vt 0.979097 0.461557
vt 0.978408 0.461610
vt 0.978860 0.357678
vt 0.978163 0.357726
vt 0.978124 0.334683
vt 0.978819 0.334729
vt 0.364465 0.281609
vt 0.348607 0.298209
vt 0.348141 0.297767
vt 0.988287 0.358902
vt 0.988285 0.358273
vt 0.997697 0.358253
vt 0.997710 0.358874
vt 0.988283 0.357644
vt 0.997710 0.357633
vt 0.978819 0.333487
vt 0.978123 0.333537
vt 0.977819 0.230785
vt 0.978494 0.230839
vt 0.348135 0.298642
vt 0.420412 0.371842
vt 0.419883 0.372193
vt 0.988246 0.334716
vt 0.988244 0.334087
vt 0.997654 0.334061
vt 0.997668 0.334684
vt 0.988242 0.333458
vt 0.997664 0.333439
vt 0.998405 0.358826
vt 0.998714 0.461577
vt 0.998039 0.461521
vt 0.939071 0.859278
vt 0.938599 0.859712
vt 0.865984 0.786760
vt 0.866513 0.786409
vt 0.939064 0.860154
vt 0.922673 0.876245
vt 0.922240 0.875774
vt 0.998405 0.357678
vt 0.998366 0.334637
vt 0.921799 0.876240
vt 0.849296 0.803465
vt 0.849673 0.802927
vt 0.998360 0.333485
vt 0.997436 0.230804
vt 0.998125 0.230753
vt 0.775137 0.696056
vt 0.775577 0.695590
vt 0.848081 0.767751
vt 0.847703 0.768289
vt 0.999596 0.797144
vt 0.998664 0.694872
vt 0.999354 0.694821
vt 0.999601 0.798290
vt 0.999646 0.821320
vt 0.774703 0.695585
vt 0.758776 0.712116
vt 0.758311 0.711674
vt 0.999648 0.822466
vt 0.999980 0.924896
vt 0.999303 0.924798
vt 0.758303 0.712550
vt 0.831381 0.784464
vt 0.830853 0.784815
vt 0.979736 0.693660
vt 0.979050 0.693726
vt 0.978794 0.591032
vt 0.979491 0.591077
vt 0.455581 0.372640
vt 0.455051 0.372285
vt 0.528021 0.299871
vt 0.528486 0.300312
vt 0.989193 0.694890
vt 0.989196 0.694281
vt 0.998679 0.694242
vt 0.989199 0.693668
vt 0.998660 0.693610
vt 0.454326 0.373245
vt 0.454679 0.373732
vt 0.438165 0.389985
vt 0.437663 0.389628
vt 0.454688 0.372764
vt 0.438257 0.356091
vt 0.438740 0.355736
vt 0.437772 0.356444
vt 0.436692 0.390338
vt 0.437039 0.390874
vt 0.364528 0.462045
vt 0.364094 0.461572
vt 0.977223 0.000774
vt 0.977912 0.000877
vt 0.978213 0.102428
vt 0.977516 0.102476
vt 0.437177 0.389982
vt 0.420762 0.373292
vt 0.421122 0.372812
vt 0.420400 0.373770
vt 0.987360 0.000935
vt 0.987363 0.000319
vt 0.996787 0.000207
vt 0.996808 0.000825
vt 0.989835 0.925326
vt 0.989837 0.924713
vt 0.999267 0.925406
vt 0.998025 0.462777
vt 0.998711 0.462709
vt 0.998963 0.565404
vt 0.998267 0.565360
vt 0.866526 0.785188
vt 0.865995 0.784834
vt 0.939433 0.712780
vt 0.939900 0.713220
vt 0.998048 0.462145
vt 0.988565 0.462167
vt 0.988568 0.461562
vt 0.988562 0.462776
vt 0.865273 0.785793
vt 0.865628 0.786278
vt 0.849174 0.802567
vt 0.848672 0.802209
vt 0.865633 0.785313
vt 0.849193 0.768649
vt 0.849677 0.768292
vt 0.848707 0.769004
vt 0.847705 0.802918
vt 0.848052 0.803454
vt 0.775768 0.874973
vt 0.775335 0.874500
vt 0.998119 0.229598
vt 0.997432 0.229535
vt 0.997118 0.128043
vt 0.997814 0.127994
vt 0.848187 0.802563
vt 0.831729 0.785915
vt 0.832090 0.785434
vt 0.831366 0.786395
vt 0.997450 0.230170
vt 0.987967 0.230193
vt 0.987970 0.229584
vt 0.987964 0.230798
vt 0.849329 0.767757
vt 0.922682 0.695880
vt 0.923116 0.696352
vt 0.999347 0.693672
vt 0.998337 0.591024
vt 0.999032 0.590975
vt 0.848204 0.768648
vt 0.831736 0.784948
vt 0.997496 0.000717
vt 0.997778 0.102421
vt 0.997081 0.102377
vt 0.830835 0.786041
vt 0.759115 0.857977
vt 0.758649 0.857537
vt 0.978508 0.229584
vt 0.977821 0.229651
vt 0.977577 0.128048
vt 0.978273 0.128092
vt 0.419869 0.373415
vt 0.347803 0.445118
vt 0.347337 0.444678
vt 0.420768 0.372326
vt 0.437271 0.356086
vt 0.438394 0.355201
vt 0.511393 0.282850
vt 0.511827 0.283323
vt 0.978414 0.462763
vt 0.979101 0.462826
vt 0.979423 0.565413
vt 0.978727 0.565461
vt 0.997119 0.126801
vt 0.997106 0.127421
vt 0.987693 0.127443
vt 0.987691 0.126814
vt 0.987695 0.128072
vt 0.774892 0.874965
vt 0.758644 0.858411
vt 0.997814 0.126847
vt 0.997083 0.103622
vt 0.997780 0.103574
vt 0.997069 0.103000
vt 0.987649 0.103028
vt 0.987647 0.102399
vt 0.987651 0.103657
vt 0.978268 0.126847
vt 0.977571 0.126895
vt 0.977520 0.103624
vt 0.978216 0.103670
vt 0.347333 0.445553
vt 0.363653 0.462038
vt 0.512269 0.282859
vt 0.528493 0.299438
vt 0.978729 0.566611
vt 0.979424 0.566656
vt 0.979485 0.589834
vt 0.978788 0.589882
vt 0.988848 0.566642
vt 0.988847 0.566013
vt 0.998257 0.565982
vt 0.998272 0.566604
vt 0.988845 0.565385
vt 0.998969 0.566556
vt 0.999031 0.589826
vt 0.998336 0.589781
vt 0.939902 0.712345
vt 0.923557 0.695885
vt 0.998323 0.590402
vt 0.988912 0.590429
vt 0.988910 0.589800
vt 0.988914 0.591058
vt 0.437721 0.373032
vt 0.848686 0.785610
vt 0.980067 0.797765
vt 0.979508 0.797768
vt 0.526985 0.447849
vt 0.980110 0.821944
vt 0.979550 0.821945
vt 0.509929 0.464734
vt 0.978875 0.358301
vt 0.978315 0.358302
vt 0.364904 0.281319
vt 0.347846 0.298202
vt 0.978832 0.334108
vt 0.978273 0.334110
vt 0.939360 0.859719
vt 0.998256 0.358252
vt 0.998213 0.334061
vt 0.922235 0.876534
vt 0.999449 0.797717
vt 0.775141 0.695296
vt 0.758015 0.712110
vt 0.999498 0.821892
vt 0.455229 0.373251
vt 0.979713 0.694288
vt 0.978915 0.694291
vt 0.977939 0.000259
vt 0.977200 0.000051
vt 0.437664 0.390532
vt 0.980404 0.925460
vt 0.979664 0.925662
vt 0.866177 0.785797
vt 0.998845 0.462142
vt 0.998255 0.230173
vt 0.848674 0.803114
vt 0.999484 0.694244
vt 0.848704 0.768100
vt 0.831186 0.785430
vt 0.997519 0.000002
vt 1.000000 0.925607
vt 0.420219 0.372806
vt 0.978485 0.230215
vt 0.977687 0.230219
vt 0.979083 0.462191
vt 0.978278 0.462189
vt 0.437771 0.355540
vt 0.997665 0.127420
vt 0.775327 0.875261
vt 0.997629 0.102999
vt 0.758354 0.857973
vt 0.347043 0.445114
vt 0.978283 0.127470
vt 0.977723 0.127471
vt 0.978227 0.103049
vt 0.977668 0.103050
vt 0.364087 0.462333
vt 0.979436 0.566035
vt 0.978877 0.566036
vt 0.511835 0.282562
vt 0.940193 0.712783
vt 0.998816 0.565981
vt 0.998882 0.590401
vt 0.923121 0.695591
vt 0.528781 0.299877
vt 0.979501 0.590456
vt 0.978941 0.590457
vt 0.275549 0.279653
vt 0.008839 0.267280
vt 0.010990 0.267208
vt 0.091122 0.270797
vt 0.093257 0.271059
vt 0.095079 0.271777
vt 0.139229 0.296903
vt 0.141053 0.297600
vt 0.143213 0.297846
vt 0.223339 0.300994
vt 0.225490 0.300895
vt 0.227370 0.300330
vt 0.273672 0.280267
vt 0.060211 0.065742
vt 0.267191 0.037697
vt 0.265515 0.038393
vt 0.218493 0.060067
vt 0.216928 0.060860
vt 0.192654 0.097225
vt 0.192577 0.098982
vt 0.183276 0.299420
vt 0.173975 0.499858
vt 0.173941 0.501690
vt 0.228331 0.542303
vt 0.230102 0.541818
vt 0.278217 0.524568
vt 0.279869 0.523965
vt 0.042074 0.472217
vt 0.042076 0.470457
vt 0.051056 0.269003
vt 0.060036 0.067548
vn -0.081124 0.040482 0.995882
vn -0.015325 -0.005310 0.999868
vn 0.003857 0.002504 0.999989
vn 0.003097 -0.001453 0.999994
vn -0.015325 -0.005310 0.999868
vn -0.000090 -0.075134 0.997173
vn 0.000039 0.003152 0.999995
vn 0.003857 0.002504 0.999989
vn -0.895245 0.445370 0.013517
vn -0.849775 0.423600 0.313759
vn -0.849474 0.424629 0.313183
vn -0.894365 0.447178 0.011939
vn -0.389211 0.190645 0.901204
vn -0.081124 0.040482 0.995882
vn -0.090954 0.045568 0.994812
vn -0.381363 0.196085 0.903389
vn -0.002154 -0.999998 -0.000001
vn -0.486516 -0.873672 -0.000329
vn -0.475897 -0.879501 -0.000315
vn -0.002244 -0.999889 -0.014731
vn -0.999010 -0.044496 0.000330
vn -0.895286 0.445492 0.000002
vn -0.895234 0.445402 -0.013176
vn -0.998345 -0.057499 0.000345
vn -0.000090 -0.075134 0.997173
vn -0.003908 -0.445523 0.895262
vn 0.003796 -0.446080 0.894985
vn 0.000105 -0.074649 0.997210
vn 0.000081 -0.950257 0.311466
vn -0.002031 -0.999897 0.014200
vn 0.002244 -0.999889 0.014733
vn 0.001462 -0.950019 0.312189
vn 0.000105 -0.074649 0.997210
vn 0.014536 -0.006398 0.999874
vn -0.003853 0.002518 0.999989
vn -0.000040 0.003137 0.999995
vn 0.014536 -0.006398 0.999874
vn 0.082151 0.041019 0.995775
vn -0.003113 -0.001462 0.999994
vn -0.003853 0.002518 0.999989
vn 0.895286 0.445492 -0.000001
vn 0.999009 -0.044511 -0.000329
vn 0.999475 -0.032396 -0.000314
vn 0.895245 0.445370 -0.013516
vn 0.486509 -0.873675 0.000329
vn 0.002154 -0.999998 0.000002
vn 0.002031 -0.999897 -0.014199
vn 0.497846 -0.867265 0.000344
vn 0.082151 0.041019 0.995775
vn 0.391129 0.191471 0.900198
vn 0.384941 0.197618 0.901536
vn 0.091084 0.045658 0.994796
vn 0.850340 0.424056 0.311607
vn 0.895234 0.445402 0.013175
vn 0.894282 0.447324 0.012677
vn 0.849338 0.425942 0.311766
vn -0.000105 -0.074650 -0.997210
vn -0.014536 -0.006398 -0.999874
vn 0.003852 0.002518 -0.999989
vn 0.000040 0.003138 -0.999995
vn -0.014536 -0.006398 -0.999874
vn -0.082151 0.041019 -0.995775
vn 0.003113 -0.001462 -0.999994
vn 0.003852 0.002518 -0.999989
vn -0.002244 -0.999889 -0.014731
vn -0.001462 -0.950019 -0.312189
vn -0.000081 -0.950257 -0.311466
vn 0.002031 -0.999897 -0.014199
vn -0.003796 -0.446080 -0.894985
vn -0.000105 -0.074650 -0.997210
vn 0.000090 -0.075135 -0.997173
vn 0.003908 -0.445523 -0.895262
vn -0.082151 0.041019 -0.995775
vn -0.391127 0.191471 -0.900199
vn -0.384939 0.197618 -0.901537
vn -0.091083 0.045658 -0.994796
vn -0.850334 0.424054 -0.311624
vn -0.895234 0.445402 -0.013176
vn -0.894282 0.447324 -0.012678
vn -0.849333 0.425940 -0.311783
vn 0.081123 0.040482 -0.995882
vn 0.015325 -0.005311 -0.999868
vn -0.003857 0.002504 -0.999989
vn -0.003097 -0.001453 -0.999994
vn 0.015325 -0.005311 -0.999868
vn 0.000090 -0.075135 -0.997173
vn -0.000039 0.003152 -0.999995
vn -0.003857 0.002504 -0.999989
vn 0.895245 0.445370 -0.013516
vn 0.849776 0.423600 -0.313759
vn 0.849474 0.424628 -0.313183
vn 0.894365 0.447178 -0.011938
vn 0.389194 0.190638 -0.901213
vn 0.081123 0.040482 -0.995882
vn 0.090953 0.045568 -0.994812
vn 0.381346 0.196078 -0.903398
vn 0.091084 0.045658 0.994796
vn 0.001107 0.015878 0.999873
vn -0.000006 -0.003951 0.999992
vn -0.002504 -0.001261 0.999996
vn 0.001107 0.015878 0.999873
vn -0.090954 0.045568 0.994812
vn 0.002523 -0.001269 0.999996
vn -0.000006 -0.003951 0.999992
vn -0.524832 0.851205 -0.000594
vn -0.526020 0.850472 -0.000592
vn -0.542765 0.839884 -0.000554
vn -0.542765 0.839884 -0.000554
vn 0.526019 0.850472 0.000591
vn 0.524832 0.851206 0.000594
vn 0.507204 0.861826 0.000632
vn 0.507204 0.861826 0.000632
vn -0.091083 0.045658 -0.994796
vn -0.001107 0.015877 -0.999873
vn 0.000006 -0.003951 -0.999992
vn 0.002504 -0.001261 -0.999996
vn -0.001107 0.015877 -0.999873
vn 0.090953 0.045568 -0.994812
vn -0.002522 -0.001269 -0.999996
vn 0.000006 -0.003951 -0.999992
vn 0.901573 -0.432414 0.013569
vn 0.998688 0.051207 0.000000
vn 0.998688 0.051207 0.000000
vn 0.901572 -0.432417 -0.013525
vn 0.487179 0.873302 0.000000
vn 0.003960 0.999903 0.013344
vn 0.003963 0.999903 -0.013347
vn 0.487179 0.873302 0.000000
vn 0.003097 -0.001453 0.999994
vn 0.429531 -0.206888 0.879034
vn 0.428521 -0.208137 0.879232
vn 0.002523 -0.001269 0.999996
vn 0.857265 -0.408882 0.312909
vn 0.901573 -0.432414 0.013569
vn 0.900068 -0.435517 0.014218
vn 0.855600 -0.413995 0.310736
vn 0.003960 0.999903 0.013344
vn 0.005899 0.951028 0.309047
vn -0.005983 0.951044 0.308999
vn -0.003963 0.999903 0.013347
vn 0.000830 0.475551 0.879688
vn 0.000039 0.003152 0.999995
vn -0.000040 0.003137 0.999995
vn -0.000942 0.475583 0.879670
vn -0.003963 0.999903 0.013347
vn -0.487187 0.873297 0.000000
vn -0.487187 0.873297 0.000000
vn -0.003960 0.999903 -0.013344
vn -0.998689 0.051197 0.000000
vn -0.901572 -0.432417 0.013525
vn -0.901573 -0.432414 -0.013568
vn -0.998689 0.051197 0.000000
vn -0.901572 -0.432417 0.013525
vn -0.857466 -0.409074 0.312105
vn -0.855821 -0.414191 0.309864
vn -0.900067 -0.435520 0.014171
vn -0.430291 -0.207401 0.878541
vn -0.003113 -0.001462 0.999994
vn -0.002504 -0.001261 0.999996
vn -0.429356 -0.208685 0.878694
vn -0.531228 -0.847229 0.000000
vn -0.531228 -0.847229 0.000000
vn -0.531228 -0.847229 0.000000
vn -0.531228 -0.847229 0.000000
vn 0.531237 -0.847223 0.000000
vn 0.531237 -0.847223 0.000000
vn 0.531237 -0.847223 0.000000
vn 0.531237 -0.847223 0.000000
vn 0.002504 -0.001261 -0.999996
vn 0.429357 -0.208685 -0.878694
vn 0.430292 -0.207401 -0.878541
vn 0.003113 -0.001462 -0.999994
vn 0.855826 -0.414193 -0.309848
vn 0.900067 -0.435520 -0.014170
vn 0.901572 -0.432417 -0.013525
vn 0.857471 -0.409076 -0.312090
vn -0.900068 -0.435517 -0.014217
vn -0.855605 -0.413997 -0.310720
vn -0.857270 -0.408884 -0.312894
vn -0.901573 -0.432414 -0.013568
vn -0.428515 -0.208133 -0.879236
vn -0.002522 -0.001269 -0.999996
vn -0.003097 -0.001453 -0.999994
vn -0.429524 -0.206884 -0.879038
vn -0.003960 0.999903 -0.013344
vn -0.005899 0.951028 -0.309047
vn 0.005983 0.951044 -0.308999
vn 0.003963 0.999903 -0.013347
vn -0.000830 0.475551 -0.879688
vn -0.000039 0.003152 -0.999995
vn 0.000040 0.003138 -0.999995
vn 0.000942 0.475583 -0.879671
vn -0.002244 -0.999889 -0.014731
vn 0.002031 -0.999897 -0.014199
vn 0.002154 -0.999998 0.000002
vn -0.002154 -0.999998 -0.000001
vn 0.894427 0.447213 -0.000000
vn 0.895286 0.445492 -0.000001
vn 0.895245 0.445370 -0.013516
vn 0.894365 0.447178 -0.011938
vn -0.895234 0.445402 -0.013176
vn -0.895286 0.445492 0.000002
vn -0.894427 0.447214 0.000001
vn -0.894282 0.447324 -0.012678
vn -0.000090 -0.075134 0.997173
vn 0.000105 -0.074649 0.997210
vn -0.000040 0.003137 0.999995
vn 0.000039 0.003152 0.999995
vn 0.082151 0.041019 0.995775
vn 0.091084 0.045658 0.994796
vn -0.002504 -0.001261 0.999996
vn -0.003113 -0.001462 0.999994
vn -0.090954 0.045568 0.994812
vn -0.081124 0.040482 0.995882
vn 0.003097 -0.001453 0.999994
vn 0.002523 -0.001269 0.999996
vn 0.090953 0.045568 -0.994812
vn 0.081123 0.040482 -0.995882
vn -0.003097 -0.001453 -0.999994
vn -0.002522 -0.001269 -0.999996
vn 0.000090 -0.075135 -0.997173
vn -0.000105 -0.074650 -0.997210
vn 0.000040 0.003138 -0.999995
vn -0.000039 0.003152 -0.999995
vn -0.082151 0.041019 -0.995775
vn -0.091083 0.045658 -0.994796
vn 0.002504 -0.001261 -0.999996
vn 0.003113 -0.001462 -0.999994
vn -0.901572 -0.432417 0.013525
vn -0.900067 -0.435520 0.014171
vn -0.900068 -0.435517 -0.014217
vn -0.901573 -0.432414 -0.013568
vn 0.900068 -0.435517 0.014218
vn 0.901573 -0.432414 0.013569
vn 0.901572 -0.432417 -0.013525
vn 0.900067 -0.435520 -0.014170
vn 0.003960 0.999903 0.013344
vn -0.003963 0.999903 0.013347
vn -0.003960 0.999903 -0.013344
vn 0.003963 0.999903 -0.013347
vn -0.003908 -0.445523 0.895262
vn -0.000090 -0.075134 0.997173
vn -0.015325 -0.005310 0.999868
vn -0.227656 -0.099962 0.968597
vn -0.015325 -0.005310 0.999868
vn -0.081124 0.040482 0.995882
vn -0.389211 0.190645 0.901204
vn -0.227656 -0.099962 0.968597
vn -0.849775 0.423600 0.313759
vn -0.895245 0.445370 0.013517
vn -0.871524 0.006529 0.490310
vn -0.871524 0.006529 0.490310
vn -0.464011 -0.720173 0.515795
vn -0.464011 -0.720173 0.515795
vn -0.464011 -0.720173 0.515795
vn -0.464011 -0.720173 0.515795
vn 0.391129 0.191471 0.900198
vn 0.082151 0.041019 0.995775
vn 0.014536 -0.006398 0.999874
vn 0.217771 -0.115947 0.969088
vn 0.014536 -0.006398 0.999874
vn 0.000105 -0.074649 0.997210
vn 0.003796 -0.446080 0.894985
vn 0.217771 -0.115947 0.969088
vn 0.001462 -0.950019 0.312189
vn 0.002244 -0.999889 0.014733
vn 0.415699 -0.765092 0.491761
vn 0.415699 -0.765092 0.491761
vn 0.854074 -0.053065 0.517438
vn 0.895234 0.445402 0.013175
vn 0.850340 0.424056 0.311607
vn 0.854074 -0.053065 0.517438
vn -0.391127 0.191471 -0.900199
vn -0.082151 0.041019 -0.995775
vn -0.014536 -0.006398 -0.999874
vn -0.217771 -0.115948 -0.969088
vn -0.014536 -0.006398 -0.999874
vn -0.000105 -0.074650 -0.997210
vn -0.003796 -0.446080 -0.894985
vn -0.217771 -0.115948 -0.969088
vn -0.001462 -0.950019 -0.312189
vn -0.002244 -0.999889 -0.014731
vn -0.415693 -0.765100 -0.491753
vn -0.415693 -0.765100 -0.491753
vn -0.854074 -0.053048 -0.517439
vn -0.895234 0.445402 -0.013176
vn -0.850334 0.424054 -0.311624
vn -0.854074 -0.053048 -0.517439
vn 0.003908 -0.445523 -0.895262
vn 0.000090 -0.075135 -0.997173
vn 0.015325 -0.005311 -0.999868
vn 0.227660 -0.099966 -0.968596
vn 0.015325 -0.005311 -0.999868
vn 0.081123 0.040482 -0.995882
vn 0.389194 0.190638 -0.901213
vn 0.227660 -0.099966 -0.968596
vn 0.849776 0.423600 -0.313759
vn 0.895245 0.445370 -0.013516
vn 0.871516 0.006523 -0.490323
vn 0.871516 0.006523 -0.490323
vn 0.464000 -0.720190 -0.515782
vn 0.464000 -0.720190 -0.515782
vn 0.463999 -0.720190 -0.515782
vn 0.464000 -0.720190 -0.515782
vn -0.381363 0.196085 0.903389
vn -0.090954 0.045568 0.994812
vn 0.001107 0.015878 0.999873
vn 0.011852 0.198377 0.980054
vn 0.001107 0.015878 0.999873
vn 0.091084 0.045658 0.994796
vn 0.384941 0.197618 0.901536
vn 0.011852 0.198377 0.980054
vn 0.849338 0.425942 0.311766
vn 0.894282 0.447324 0.012677
vn 0.473408 0.682486 0.556865
vn 0.473408 0.682486 0.556865
vn -0.375396 0.705733 0.600849
vn -0.375396 0.705733 0.600849
vn -0.375396 0.705733 0.600849
vn -0.375396 0.705733 0.600849
vn 0.381346 0.196078 -0.903398
vn 0.090953 0.045568 -0.994812
vn -0.001107 0.015877 -0.999873
vn -0.011854 0.198373 -0.980055
vn -0.001107 0.015877 -0.999873
vn -0.091083 0.045658 -0.994796
vn -0.384939 0.197618 -0.901537
vn -0.011854 0.198373 -0.980055
vn -0.849333 0.425940 -0.311783
vn -0.894282 0.447324 -0.012678
vn -0.473410 0.682480 -0.556870
vn -0.473410 0.682480 -0.556870
vn 0.375392 0.705741 -0.600842
vn 0.375392 0.705741 -0.600842
vn 0.375392 0.705741 -0.600842
vn 0.375392 0.705741 -0.600842
vn 0.005899 0.951028 0.309047
vn 0.003960 0.999903 0.013344
vn 0.431397 0.780118 0.453113
vn 0.431397 0.780119 0.453113
vn 0.890932 0.050768 0.451291
vn 0.901573 -0.432414 0.013569
vn 0.857265 -0.408882 0.312909
vn 0.890932 0.050768 0.451291
vn 0.429531 -0.206888 0.879034
vn 0.003097 -0.001453 0.999994
vn 0.003857 0.002504 0.999989
vn 0.240282 0.154663 0.958302
vn 0.003857 0.002504 0.999989
vn 0.000039 0.003152 0.999995
vn 0.000830 0.475551 0.879688
vn 0.240282 0.154663 0.958302
vn -0.857466 -0.409074 0.312105
vn -0.901572 -0.432417 0.013525
vn -0.888463 0.052472 0.455939
vn -0.888463 0.052472 0.455939
vn -0.430817 0.782633 0.449313
vn -0.003963 0.999903 0.013347
vn -0.005983 0.951044 0.308999
vn -0.430817 0.782633 0.449313
vn -0.000942 0.475583 0.879670
vn -0.000040 0.003137 0.999995
vn -0.003853 0.002518 0.999989
vn -0.237489 0.158439 0.958382
vn -0.003853 0.002518 0.999989
vn -0.003113 -0.001462 0.999994
vn -0.430291 -0.207401 0.878541
vn -0.237489 0.158439 0.958382
vn 0.451125 -0.724008 0.521822
vn 0.451125 -0.724008 0.521822
vn 0.451125 -0.724008 0.521822
vn 0.451125 -0.724008 0.521823
vn -0.455055 -0.725504 0.516304
vn -0.455055 -0.725504 0.516304
vn -0.455055 -0.725504 0.516304
vn -0.455055 -0.725504 0.516304
vn -0.429356 -0.208685 0.878694
vn -0.002504 -0.001261 0.999996
vn -0.000006 -0.003951 0.999992
vn -0.002818 -0.234452 0.972124
vn -0.000006 -0.003951 0.999992
vn 0.002523 -0.001269 0.999996
vn 0.428521 -0.208137 0.879232
vn -0.002818 -0.234452 0.972124
vn -0.451129 -0.724002 -0.521827
vn -0.451129 -0.724002 -0.521827
vn -0.451129 -0.724002 -0.521827
vn -0.451129 -0.724002 -0.521827
vn 0.455051 -0.725511 -0.516297
vn 0.455051 -0.725511 -0.516297
vn 0.455051 -0.725511 -0.516297
vn 0.455051 -0.725511 -0.516297
vn 0.429357 -0.208685 -0.878694
vn 0.002504 -0.001261 -0.999996
vn 0.000006 -0.003951 -0.999992
vn 0.002817 -0.234455 -0.972123
vn 0.000006 -0.003951 -0.999992
vn -0.002522 -0.001269 -0.999996
vn -0.428515 -0.208133 -0.879236
vn 0.002817 -0.234455 -0.972123
vn -0.005899 0.951028 -0.309047
vn -0.003960 0.999903 -0.013344
vn -0.431395 0.780112 -0.453127
vn -0.431395 0.780112 -0.453127
vn -0.890932 0.050768 -0.451290
vn -0.901573 -0.432414 -0.013568
vn -0.857270 -0.408884 -0.312894
vn -0.890932 0.050768 -0.451290
vn -0.429524 -0.206884 -0.879038
vn -0.003097 -0.001453 -0.999994
vn -0.003857 0.002504 -0.999989
vn -0.240276 0.154656 -0.958305
vn -0.003857 0.002504 -0.999989
vn -0.000039 0.003152 -0.999995
vn -0.000830 0.475551 -0.879688
vn -0.240276 0.154656 -0.958305
vn 0.857471 -0.409076 -0.312090
vn 0.901572 -0.432417 -0.013525
vn 0.888463 0.052469 -0.455940
vn 0.888463 0.052469 -0.455940
vn 0.430823 0.782627 -0.449319
vn 0.003963 0.999903 -0.013347
vn 0.005983 0.951044 -0.308999
vn 0.430823 0.782626 -0.449319
vn 0.000942 0.475583 -0.879671
vn 0.000040 0.003138 -0.999995
vn 0.003852 0.002518 -0.999989
vn 0.237489 0.158438 -0.958382
vn 0.003852 0.002518 -0.999989
vn 0.003113 -0.001462 -0.999994
vn 0.430292 -0.207401 -0.878541
vn 0.237489 0.158438 -0.958382
vn -0.999475 -0.032396 0.000315
vn -0.895245 0.445370 0.013517
vn -0.895286 0.445492 0.000002
vn -0.999010 -0.044496 0.000330
vn -0.894427 0.447214 0.000001
vn -0.895286 0.445492 0.000002
vn -0.895245 0.445370 0.013517
vn -0.894365 0.447178 0.011939
vn -0.507204 0.861826 -0.000633
vn -0.507204 0.861826 -0.000633
vn -0.526020 0.850472 -0.000592
vn -0.524832 0.851205 -0.000594
vn 0.542765 0.839884 0.000553
vn 0.542765 0.839884 0.000553
vn 0.524832 0.851206 0.000594
vn 0.526019 0.850472 0.000591
vn 0.895234 0.445402 0.013175
vn 0.895286 0.445492 -0.000001
vn 0.894427 0.447213 -0.000000
vn 0.894282 0.447324 0.012677
vn 0.895234 0.445402 0.013175
vn 0.998344 -0.057531 -0.000345
vn 0.999009 -0.044511 -0.000329
vn 0.895286 0.445492 -0.000001
vn 0.475893 -0.879503 0.000316
vn 0.002244 -0.999889 0.014733
vn 0.002154 -0.999998 0.000002
vn 0.486509 -0.873675 0.000329
vn -0.002154 -0.999998 -0.000001
vn 0.002154 -0.999998 0.000002
vn 0.002244 -0.999889 0.014733
vn -0.002031 -0.999897 0.014200
vn -0.002031 -0.999897 0.014200
vn -0.497855 -0.867260 -0.000344
vn -0.486516 -0.873672 -0.000329
vn -0.002154 -0.999998 -0.000001
vn -0.053661 -0.000051 0.998559
vn -0.013939 -0.013577 0.999811
vn 0.005319 0.005307 0.999972
vn 0.005553 0.000029 0.999985
vn -0.013939 -0.013577 0.999811
vn -0.000046 -0.053882 0.998547
vn 0.000029 0.005566 0.999984
vn 0.005319 0.005307 0.999972
vn -0.999867 -0.001697 0.016236
vn -0.955861 -0.001222 0.293818
vn -0.955856 0.001163 0.293832
vn -0.999869 0.001681 0.016119
vn -0.476234 -0.001958 0.879316
vn -0.053661 -0.000051 0.998559
vn -0.053883 0.000046 0.998547
vn -0.476109 0.001983 0.879384
vn -0.001653 -0.999999 -0.000001
vn -0.382584 -0.923921 -0.000080
vn -0.379243 -0.925297 -0.000078
vn -0.001697 -0.999867 -0.016236
vn -0.923921 -0.382584 0.000081
vn -0.999999 -0.001653 0.000000
vn -0.999869 -0.001681 -0.016119
vn -0.922484 -0.386034 0.000082
vn -0.000046 -0.053882 0.998547
vn -0.001983 -0.476091 0.879394
vn 0.001958 -0.476217 0.879326
vn 0.000051 -0.053660 0.998559
vn -0.001163 -0.955857 0.293831
vn -0.001681 -0.999869 0.016119
vn 0.001697 -0.999867 0.016236
vn 0.001222 -0.955861 0.293817
vn 0.000051 -0.053660 0.998559
vn 0.013577 -0.013938 0.999811
vn -0.005307 0.005319 0.999972
vn -0.000029 0.005553 0.999985
vn 0.013577 -0.013938 0.999811
vn 0.053882 -0.000046 0.998547
vn -0.005566 0.000029 0.999984
vn -0.005307 0.005319 0.999972
vn 0.999999 -0.001653 -0.000000
vn 0.923921 -0.382584 -0.000081
vn 0.925300 -0.379235 -0.000080
vn 0.999867 -0.001697 -0.016236
vn 0.382583 -0.923921 0.000081
vn 0.001653 -0.999999 0.000000
vn 0.001681 -0.999869 -0.016119
vn 0.386025 -0.922488 0.000083
vn 0.053882 -0.000046 0.998547
vn 0.476106 -0.001983 0.879386
vn 0.476232 0.001958 0.879318
vn 0.053661 0.000051 0.998559
vn 0.955857 -0.001163 0.293830
vn 0.999869 -0.001681 0.016119
vn 0.999867 0.001697 0.016236
vn 0.955861 0.001222 0.293815
vn -0.000051 0.053661 0.998559
vn -0.013577 0.013938 0.999811
vn 0.005307 -0.005319 0.999972
vn 0.000029 -0.005553 0.999985
vn -0.013577 0.013938 0.999811
vn -0.053883 0.000046 0.998547
vn 0.005566 -0.000029 0.999984
vn 0.005307 -0.005319 0.999972
vn -0.001697 0.999867 0.016235
vn -0.001222 0.955867 0.293798
vn 0.001163 0.955862 0.293813
vn 0.001681 0.999869 0.016118
vn -0.001958 0.476206 0.879331
vn -0.000051 0.053661 0.998559
vn 0.000046 0.053883 0.998547
vn 0.001983 0.476081 0.879399
vn -0.999999 0.001653 -0.000000
vn -0.923920 0.382586 -0.000080
vn -0.925298 0.379240 -0.000078
vn -0.999867 0.001697 -0.016236
vn -0.382601 0.923913 0.000081
vn -0.001653 0.999999 0.000001
vn -0.001681 0.999869 -0.016117
vn -0.386037 0.922483 0.000083
vn 0.053661 0.000051 0.998559
vn 0.013938 0.013577 0.999811
vn -0.005319 -0.005307 0.999972
vn -0.005553 -0.000029 0.999985
vn 0.013938 0.013577 0.999811
vn 0.000046 0.053883 0.998547
vn -0.000029 -0.005566 0.999984
vn -0.005319 -0.005307 0.999972
vn 0.001653 0.999999 0.000000
vn 0.382601 0.923913 -0.000080
vn 0.379267 0.925287 -0.000078
vn 0.001697 0.999867 -0.016235
vn 0.923920 0.382586 0.000080
vn 0.999999 0.001653 0.000000
vn 0.999869 0.001681 -0.016119
vn 0.922484 0.386034 0.000082
vn -0.053661 0.000051 -0.998559
vn -0.013937 0.013577 -0.999811
vn 0.005320 -0.005307 -0.999972
vn 0.005553 -0.000029 -0.999985
vn -0.013937 0.013577 -0.999811
vn -0.000046 0.053881 -0.998547
vn 0.000029 -0.005566 -0.999984
vn 0.005320 -0.005307 -0.999972
vn -0.999867 0.001697 -0.016236
vn -0.955861 0.001222 -0.293815
vn -0.955857 -0.001163 -0.293830
vn -0.999869 -0.001681 -0.016119
vn -0.476234 0.001958 -0.879316
vn -0.053661 0.000051 -0.998559
vn -0.053883 -0.000046 -0.998547
vn -0.476108 -0.001983 -0.879384
vn -0.000046 0.053881 -0.998547
vn -0.001983 0.476081 -0.879399
vn 0.001958 0.476206 -0.879331
vn 0.000051 0.053660 -0.998559
vn -0.001163 0.955862 -0.293813
vn -0.001681 0.999869 -0.016117
vn 0.001697 0.999867 -0.016235
vn 0.001222 0.955867 -0.293798
vn 0.000051 0.053660 -0.998559
vn 0.013577 0.013938 -0.999811
vn -0.005307 -0.005319 -0.999972
vn -0.000029 -0.005553 -0.999985
vn 0.013577 0.013938 -0.999811
vn 0.053883 0.000046 -0.998547
vn -0.005566 -0.000029 -0.999984
vn -0.005307 -0.005319 -0.999972
vn 0.053883 0.000046 -0.998547
vn 0.476109 0.001983 -0.879384
vn 0.476234 -0.001958 -0.879316
vn 0.053661 -0.000051 -0.998559
vn 0.955856 0.001163 -0.293832
vn 0.999869 0.001681 -0.016119
vn 0.999867 -0.001697 -0.016236
vn 0.955861 -0.001222 -0.293818
vn -0.000051 -0.053660 -0.998559
vn -0.013576 -0.013938 -0.999811
vn 0.005307 0.005319 -0.999972
vn 0.000029 0.005553 -0.999985
vn -0.013576 -0.013938 -0.999811
vn -0.053883 -0.000046 -0.998547
vn 0.005566 0.000029 -0.999984
vn 0.005307 0.005319 -0.999972
vn -0.001697 -0.999867 -0.016236
vn -0.001222 -0.955861 -0.293817
vn 0.001163 -0.955857 -0.293831
vn 0.001681 -0.999869 -0.016119
vn -0.001958 -0.476217 -0.879326
vn -0.000051 -0.053660 -0.998559
vn 0.000046 -0.053882 -0.998547
vn 0.001983 -0.476091 -0.879394
vn 0.053661 -0.000051 -0.998559
vn 0.013938 -0.013577 -0.999811
vn -0.005319 0.005307 -0.999972
vn -0.005553 0.000029 -0.999985
vn 0.013938 -0.013577 -0.999811
vn 0.000046 -0.053882 -0.998547
vn -0.000029 0.005566 -0.999984
vn -0.005319 0.005307 -0.999972
vn 0.999924 0.002325 0.012098
vn 0.923779 0.382646 0.014617
vn 0.923765 0.382678 -0.014663
vn 0.999924 0.002324 -0.012092
vn 0.382675 0.923766 0.014664
vn 0.002324 0.999924 0.012094
vn 0.002325 0.999924 -0.012101
vn 0.382644 0.923780 -0.014617
vn 0.005553 0.000029 0.999985
vn 0.493863 0.000657 0.869539
vn 0.493852 -0.000611 0.869546
vn 0.005566 -0.000029 0.999984
vn 0.956066 0.002977 0.293135
vn 0.999924 0.002325 0.012098
vn 0.999924 -0.002324 0.012092
vn 0.956062 -0.002944 0.293151
vn 0.002324 0.999924 0.012094
vn 0.002944 0.956045 0.293205
vn -0.002977 0.956050 0.293189
vn -0.002325 0.999924 0.012101
vn 0.000611 0.493879 0.869530
vn 0.000029 0.005566 0.999984
vn -0.000029 0.005553 0.999985
vn -0.000657 0.493891 0.869523
vn -0.002325 0.999924 0.012101
vn -0.382644 0.923780 0.014617
vn -0.382675 0.923766 -0.014664
vn -0.002324 0.999924 -0.012094
vn -0.923765 0.382678 0.014663
vn -0.999924 0.002324 0.012092
vn -0.999924 0.002325 -0.012098
vn -0.923779 0.382646 -0.014617
vn -0.999924 0.002324 0.012092
vn -0.956061 0.002944 0.293153
vn -0.956066 -0.002977 0.293138
vn -0.999924 -0.002325 0.012098
vn -0.493854 0.000611 0.869545
vn -0.005566 0.000029 0.999984
vn -0.005553 -0.000029 0.999985
vn -0.493866 -0.000657 0.869538
vn -0.999924 -0.002325 0.012098
vn -0.923779 -0.382646 0.014618
vn -0.923766 -0.382678 -0.014663
vn -0.999924 -0.002324 -0.012092
vn -0.382699 -0.923757 0.014663
vn -0.002324 -0.999924 0.012091
vn -0.002325 -0.999924 -0.012097
vn -0.382668 -0.923770 -0.014616
vn -0.002324 -0.999924 0.012091
vn -0.002944 -0.956069 0.293127
vn 0.002977 -0.956074 0.293111
vn 0.002325 -0.999924 0.012097
vn -0.000611 -0.493819 0.869565
vn -0.000029 -0.005566 0.999984
vn 0.000029 -0.005553 0.999985
vn 0.000657 -0.493831 0.869558
vn 0.002325 -0.999924 0.012097
vn 0.382668 -0.923770 0.014616
vn 0.382699 -0.923757 -0.014663
vn 0.002324 -0.999924 -0.012091
vn 0.923766 -0.382678 0.014663
vn 0.999924 -0.002324 0.012092
vn 0.999924 -0.002325 -0.012098
vn 0.923779 -0.382646 -0.014618
vn 0.005553 -0.000029 -0.999985
vn 0.493866 -0.000657 -0.869538
vn 0.493854 0.000611 -0.869545
vn 0.005566 0.000029 -0.999984
vn 0.956066 -0.002977 -0.293138
vn 0.999924 -0.002325 -0.012098
vn 0.999924 0.002324 -0.012092
vn 0.956061 0.002944 -0.293153
vn 0.002324 -0.999924 -0.012091
vn 0.002944 -0.956069 -0.293127
vn -0.002977 -0.956074 -0.293111
vn -0.002325 -0.999924 -0.012097
vn 0.000611 -0.493819 -0.869565
vn 0.000029 -0.005566 -0.999984
vn -0.000029 -0.005553 -0.999985
vn -0.000657 -0.493831 -0.869558
vn -0.999924 -0.002324 -0.012092
vn -0.956062 -0.002944 -0.293151
vn -0.956066 0.002977 -0.293135
vn -0.999924 0.002325 -0.012098
vn -0.493851 -0.000611 -0.869547
vn -0.005566 -0.000029 -0.999984
vn -0.005553 0.000029 -0.999985
vn -0.493863 0.000657 -0.869540
vn -0.002324 0.999924 -0.012094
vn -0.002944 0.956045 -0.293205
vn 0.002977 0.956050 -0.293189
vn 0.002325 0.999924 -0.012101
vn -0.000611 0.493879 -0.869530
vn -0.000029 0.005566 -0.999984
vn 0.000029 0.005553 -0.999985
vn 0.000657 0.493891 -0.869523
vn -0.001653 0.999999 0.000001
vn 0.001653 0.999999 0.000000
vn 0.001697 0.999867 -0.016235
vn -0.001681 0.999869 -0.016117
vn -0.001697 -0.999867 -0.016236
vn 0.001681 -0.999869 -0.016119
vn 0.001653 -0.999999 0.000000
vn -0.001653 -0.999999 -0.000001
vn 0.999999 0.001653 0.000000
vn 0.999999 -0.001653 -0.000000
vn 0.999867 -0.001697 -0.016236
vn 0.999869 0.001681 -0.016119
vn -0.999869 -0.001681 -0.016119
vn -0.999999 -0.001653 0.000000
vn -0.999999 0.001653 -0.000000
vn -0.999867 0.001697 -0.016236
vn -0.000046 -0.053882 0.998547
vn 0.000051 -0.053660 0.998559
vn -0.000029 0.005553 0.999985
vn 0.000029 0.005566 0.999984
vn 0.053882 -0.000046 0.998547
vn 0.053661 0.000051 0.998559
vn -0.005553 -0.000029 0.999985
vn -0.005566 0.000029 0.999984
vn 0.000046 0.053883 0.998547
vn -0.000051 0.053661 0.998559
vn 0.000029 -0.005553 0.999985
vn -0.000029 -0.005566 0.999984
vn -0.053883 0.000046 0.998547
vn -0.053661 -0.000051 0.998559
vn 0.005553 0.000029 0.999985
vn 0.005566 -0.000029 0.999984
vn -0.000046 0.053881 -0.998547
vn 0.000051 0.053660 -0.998559
vn -0.000029 -0.005553 -0.999985
vn 0.000029 -0.005566 -0.999984
vn 0.053883 0.000046 -0.998547
vn 0.053661 -0.000051 -0.998559
vn -0.005553 0.000029 -0.999985
vn -0.005566 -0.000029 -0.999984
vn 0.000046 -0.053882 -0.998547
vn -0.000051 -0.053660 -0.998559
vn 0.000029 0.005553 -0.999985
vn -0.000029 0.005566 -0.999984
vn -0.053883 -0.000046 -0.998547
vn -0.053661 0.000051 -0.998559
vn 0.005553 -0.000029 -0.999985
vn 0.005566 0.000029 -0.999984
vn -0.999924 0.002324 0.012092
vn -0.999924 -0.002325 0.012098
vn -0.999924 -0.002324 -0.012092
vn -0.999924 0.002325 -0.012098
vn -0.002324 -0.999924 0.012091
vn 0.002325 -0.999924 0.012097
vn 0.002324 -0.999924 -0.012091
vn -0.002325 -0.999924 -0.012097
vn 0.999924 -0.002324 0.012092
vn 0.999924 0.002325 0.012098
vn 0.999924 0.002324 -0.012092
vn 0.999924 -0.002325 -0.012098
vn 0.002324 0.999924 0.012094
vn -0.002325 0.999924 0.012101
vn -0.002324 0.999924 -0.012094
vn 0.002325 0.999924 -0.012101
vn -0.001983 -0.476091 0.879394
vn -0.000046 -0.053882 0.998547
vn -0.013939 -0.013577 0.999811
vn -0.254139 -0.247521 0.934958
vn -0.013939 -0.013577 0.999811
vn -0.053661 -0.000051 0.998559
vn -0.476234 -0.001958 0.879316
vn -0.254139 -0.247521 0.934958
vn -0.955861 -0.001222 0.293818
vn -0.999867 -0.001697 0.016236
vn -0.858382 -0.345224 0.379474
vn -0.858382 -0.345224 0.379474
vn -0.363705 -0.847772 0.386007
vn -0.001681 -0.999869 0.016119
vn -0.001163 -0.955857 0.293831
vn -0.363705 -0.847772 0.386007
vn 0.476106 -0.001983 0.879386
vn 0.053882 -0.000046 0.998547
vn 0.013577 -0.013938 0.999811
vn 0.247517 -0.254133 0.934961
vn 0.013577 -0.013938 0.999811
vn 0.000051 -0.053660 0.998559
vn 0.001958 -0.476217 0.879326
vn 0.247517 -0.254133 0.934961
vn 0.001222 -0.955861 0.293817
vn 0.001697 -0.999867 0.016236
vn 0.345230 -0.858383 0.379466
vn 0.345230 -0.858383 0.379466
vn 0.847778 -0.363706 0.385993
vn 0.999869 -0.001681 0.016119
vn 0.955857 -0.001163 0.293830
vn 0.847778 -0.363706 0.385993
vn -0.476109 0.001983 0.879384
vn -0.053883 0.000046 0.998547
vn -0.013577 0.013938 0.999811
vn -0.247523 0.254130 0.934960
vn -0.013577 0.013938 0.999811
vn -0.000051 0.053661 0.998559
vn -0.001958 0.476206 0.879331
vn -0.247523 0.254130 0.934960
vn -0.001222 0.955867 0.293798
vn -0.001697 0.999867 0.016235
vn -0.345232 0.858357 0.379524
vn -0.345232 0.858357 0.379524
vn -0.847775 0.363705 0.386001
vn -0.999869 0.001681 0.016119
vn -0.955856 0.001163 0.293832
vn -0.847775 0.363705 0.386001
vn 0.001983 0.476081 0.879399
vn 0.000046 0.053883 0.998547
vn 0.013938 0.013577 0.999811
vn 0.254146 0.247523 0.934956
vn 0.013938 0.013577 0.999811
vn 0.053661 0.000051 0.998559
vn 0.476232 0.001958 0.879318
vn 0.254146 0.247523 0.934956
vn 0.955861 0.001222 0.293815
vn 0.999867 0.001697 0.016236
vn 0.858373 0.345230 0.379490
vn 0.858373 0.345230 0.379490
vn 0.363693 0.847773 0.386016
vn 0.001681 0.999869 0.016118
vn 0.001163 0.955862 0.293813
vn 0.363693 0.847773 0.386016
vn -0.001983 0.476081 -0.879399
vn -0.000046 0.053881 -0.998547
vn -0.013937 0.013577 -0.999811
vn -0.254145 0.247523 -0.934956
vn -0.013937 0.013577 -0.999811
vn -0.053661 0.000051 -0.998559
vn -0.476234 0.001958 -0.879316
vn -0.254145 0.247523 -0.934956
vn -0.955861 0.001222 -0.293815
vn -0.999867 0.001697 -0.016236
vn -0.858372 0.345230 -0.379490
vn -0.858373 0.345230 -0.379490
vn -0.363692 0.847773 -0.386016
vn -0.001681 0.999869 -0.016117
vn -0.001163 0.955862 -0.293813
vn -0.363692 0.847773 -0.386016
vn 0.476109 0.001983 -0.879384
vn 0.053883 0.000046 -0.998547
vn 0.013577 0.013938 -0.999811
vn 0.247522 0.254130 -0.934960
vn 0.013577 0.013938 -0.999811
vn 0.000051 0.053660 -0.998559
vn 0.001958 0.476206 -0.879331
vn 0.247522 0.254130 -0.934960
vn 0.001222 0.955867 -0.293798
vn 0.001697 0.999867 -0.016235
vn 0.345233 0.858357 -0.379524
vn 0.345233 0.858357 -0.379524
vn 0.847775 0.363705 -0.386001
vn 0.999869 0.001681 -0.016119
vn 0.955856 0.001163 -0.293832
vn 0.847775 0.363705 -0.386001
vn -0.476108 -0.001983 -0.879384
vn -0.053883 -0.000046 -0.998547
vn -0.013576 -0.013938 -0.999811
vn -0.247517 -0.254133 -0.934961
vn -0.013576 -0.013938 -0.999811
vn -0.000051 -0.053660 -0.998559
vn -0.001958 -0.476217 -0.879326
vn -0.247517 -0.254133 -0.934961
vn -0.001222 -0.955861 -0.293817
vn -0.001697 -0.999867 -0.016236
vn -0.345230 -0.858383 -0.379466
vn -0.345230 -0.858383 -0.379466
vn -0.847778 -0.363706 -0.385993
vn -0.999869 -0.001681 -0.016119
vn -0.955857 -0.001163 -0.293830
vn -0.847778 -0.363706 -0.385993
vn 0.001983 -0.476091 -0.879394
vn 0.000046 -0.053882 -0.998547
vn 0.013938 -0.013577 -0.999811
vn 0.254139 -0.247521 -0.934958
vn 0.013938 -0.013577 -0.999811
vn 0.053661 -0.000051 -0.998559
vn 0.476234 -0.001958 -0.879316
vn 0.254139 -0.247521 -0.934958
vn 0.955861 -0.001222 -0.293818
vn 0.999867 -0.001697 -0.016236
vn 0.858382 -0.345224 -0.379474
vn 0.858382 -0.345224 -0.379474
vn 0.363705 -0.847772 -0.386007
vn 0.001681 -0.999869 -0.016119
vn 0.001163 -0.955857 -0.293831
vn 0.363705 -0.847772 -0.386007
vn 0.002944 0.956045 0.293205
vn 0.002324 0.999924 0.012094
vn 0.382675 0.923766 0.014664
vn 0.356833 0.859156 0.366770
vn 0.923779 0.382646 0.014617
vn 0.999924 0.002325 0.012098
vn 0.956066 0.002977 0.293135
vn 0.860235 0.356357 0.364700
vn 0.493863 0.000657 0.869539
vn 0.005553 0.000029 0.999985
vn 0.005319 0.005307 0.999972
vn 0.266493 0.264481 0.926839
vn 0.005319 0.005307 0.999972
vn 0.000029 0.005566 0.999984
vn 0.000611 0.493879 0.869530
vn 0.266493 0.264481 0.926839
vn -0.956061 0.002944 0.293153
vn -0.999924 0.002324 0.012092
vn -0.923765 0.382678 0.014663
vn -0.859161 0.356846 0.366747
vn -0.382644 0.923780 0.014617
vn -0.002325 0.999924 0.012101
vn -0.002977 0.956050 0.293189
vn -0.356352 0.860231 0.364714
vn -0.000657 0.493891 0.869523
vn -0.000029 0.005553 0.999985
vn -0.005307 0.005319 0.999972
vn -0.264481 0.266501 0.926837
vn -0.005307 0.005319 0.999972
vn -0.005566 0.000029 0.999984
vn -0.493854 0.000611 0.869545
vn -0.264481 0.266501 0.926837
vn -0.002944 -0.956069 0.293127
vn -0.002324 -0.999924 0.012091
vn -0.382699 -0.923757 0.014663
vn -0.356869 -0.859150 0.366750
vn -0.923779 -0.382646 0.014618
vn -0.999924 -0.002325 0.012098
vn -0.956066 -0.002977 0.293138
vn -0.860223 -0.356353 0.364731
vn -0.493866 -0.000657 0.869538
vn -0.005553 -0.000029 0.999985
vn -0.005319 -0.005307 0.999972
vn -0.266508 -0.264477 0.926836
vn -0.005319 -0.005307 0.999972
vn -0.000029 -0.005566 0.999984
vn -0.000611 -0.493819 0.869565
vn -0.266508 -0.264477 0.926836
vn 0.956062 -0.002944 0.293151
vn 0.999924 -0.002324 0.012092
vn 0.923766 -0.382678 0.014663
vn 0.859163 -0.356844 0.366744
vn 0.382668 -0.923770 0.014616
vn 0.002325 -0.999924 0.012097
vn 0.002977 -0.956074 0.293111
vn 0.356380 -0.860226 0.364698
vn 0.000657 -0.493831 0.869558
vn 0.000029 -0.005553 0.999985
vn 0.005307 -0.005319 0.999972
vn 0.264475 -0.266488 0.926842
vn 0.005307 -0.005319 0.999972
vn 0.005566 -0.000029 0.999984
vn 0.493852 -0.000611 0.869546
vn 0.264475 -0.266488 0.926842
vn 0.002944 -0.956069 -0.293127
vn 0.002324 -0.999924 -0.012091
vn 0.382699 -0.923757 -0.014663
vn 0.356869 -0.859150 -0.366750
vn 0.923779 -0.382646 -0.014618
vn 0.999924 -0.002325 -0.012098
vn 0.956066 -0.002977 -0.293138
vn 0.860223 -0.356353 -0.364731
vn 0.493866 -0.000657 -0.869538
vn 0.005553 -0.000029 -0.999985
vn 0.005320 -0.005307 -0.999972
vn 0.266507 -0.264477 -0.926836
vn 0.005320 -0.005307 -0.999972
vn 0.000029 -0.005566 -0.999984
vn 0.000611 -0.493819 -0.869565
vn 0.266507 -0.264477 -0.926836
vn -0.956062 -0.002944 -0.293151
vn -0.999924 -0.002324 -0.012092
vn -0.923766 -0.382678 -0.014663
vn -0.859163 -0.356844 -0.366744
vn -0.382668 -0.923770 -0.014616
vn -0.002325 -0.999924 -0.012097
vn -0.002977 -0.956074 -0.293111
vn -0.356380 -0.860226 -0.364698
vn -0.000657 -0.493831 -0.869558
vn -0.000029 -0.005553 -0.999985
vn -0.005307 -0.005319 -0.999972
vn -0.264475 -0.266488 -0.926842
vn -0.005307 -0.005319 -0.999972
vn -0.005566 -0.000029 -0.999984
vn -0.493851 -0.000611 -0.869547
vn -0.264475 -0.266488 -0.926842
vn -0.002944 0.956045 -0.293205
vn -0.002324 0.999924 -0.012094
vn -0.382675 0.923766 -0.014664
vn -0.356833 0.859157 -0.366770
vn -0.923779 0.382646 -0.014617
vn -0.999924 0.002325 -0.012098
vn -0.956066 0.002977 -0.293135
vn -0.860234 0.356358 -0.364700
vn -0.493863 0.000657 -0.869540
vn -0.005553 0.000029 -0.999985
vn -0.005319 0.005307 -0.999972
vn -0.266493 0.264481 -0.926839
vn -0.005319 0.005307 -0.999972
vn -0.000029 0.005566 -0.999984
vn -0.000611 0.493879 -0.869530
vn -0.266493 0.264481 -0.926839
vn 0.956061 0.002944 -0.293153
vn 0.999924 0.002324 -0.012092
vn 0.923765 0.382678 -0.014663
vn 0.859161 0.356846 -0.366747
vn 0.382644 0.923780 -0.014617
vn 0.002325 0.999924 -0.012101
vn 0.002977 0.956050 -0.293189
vn 0.356352 0.860231 -0.364714
vn 0.000657 0.493891 -0.869523
vn 0.000029 0.005553 -0.999985
vn 0.005307 0.005319 -0.999972
vn 0.264481 0.266501 -0.926837
vn 0.005307 0.005319 -0.999972
vn 0.005566 0.000029 -0.999984
vn 0.493854 0.000611 -0.869545
vn 0.264481 0.266501 -0.926837
vn -0.925300 -0.379235 0.000079
vn -0.999867 -0.001697 0.016236
vn -0.999999 -0.001653 0.000000
vn -0.923921 -0.382584 0.000081
vn -0.999999 0.001653 -0.000000
vn -0.999999 -0.001653 0.000000
vn -0.999867 -0.001697 0.016236
vn -0.999869 0.001681 0.016119
vn -0.999869 0.001681 0.016119
vn -0.922484 0.386034 -0.000081
vn -0.923920 0.382586 -0.000080
vn -0.999999 0.001653 -0.000000
vn -0.379267 0.925287 0.000079
vn -0.001697 0.999867 0.016235
vn -0.001653 0.999999 0.000001
vn -0.382601 0.923913 0.000081
vn -0.001697 0.999867 0.016235
vn 0.001681 0.999869 0.016118
vn 0.001653 0.999999 0.000000
vn -0.001653 0.999999 0.000001
vn 0.001681 0.999869 0.016118
vn 0.386037 0.922483 -0.000081
vn 0.382601 0.923913 -0.000080
vn 0.001653 0.999999 0.000000
vn 0.925298 0.379240 0.000078
vn 0.999867 0.001697 0.016236
vn 0.999999 0.001653 0.000000
vn 0.923920 0.382586 0.000080
vn 0.999869 -0.001681 0.016119
vn 0.999999 -0.001653 -0.000000
vn 0.999999 0.001653 0.000000
vn 0.999867 0.001697 0.016236
vn 0.999869 -0.001681 0.016119
vn 0.922484 -0.386034 -0.000082
vn 0.923921 -0.382584 -0.000081
vn 0.999999 -0.001653 -0.000000
vn 0.379243 -0.925297 0.000079
vn 0.001697 -0.999867 0.016236
vn 0.001653 -0.999999 0.000000
vn 0.382583 -0.923921 0.000081
vn -0.001653 -0.999999 -0.000001
vn 0.001653 -0.999999 0.000000
vn 0.001697 -0.999867 0.016236
vn -0.001681 -0.999869 0.016119
vn -0.001681 -0.999869 0.016119
vn -0.386025 -0.922488 -0.000082
vn -0.382584 -0.923921 -0.000080
vn -0.001653 -0.999999 -0.000001
vn -0.714309 -0.699830 0.000000
vn -0.923876 -0.382692 0.000000
vn -0.923007 -0.384590 -0.012178
vn -0.714032 -0.699859 -0.018845
vn -0.923876 0.382692 0.000000
vn -0.709296 0.704910 -0.000000
vn -0.709129 0.704828 -0.018820
vn -0.923007 0.384591 -0.012178
vn -0.012926 0.006824 0.999893
vn -0.360525 -0.355002 0.862551
vn -0.355001 -0.360525 0.862552
vn 0.006933 -0.013027 0.999891
vn -0.683084 -0.674444 0.280218
vn -0.714032 -0.699859 0.018844
vn -0.699859 -0.714032 0.018845
vn -0.674443 -0.683084 0.280218
vn -0.709140 0.704827 0.018402
vn -0.680975 0.678048 0.276631
vn -0.682001 0.676703 0.277392
vn -0.709101 0.704823 0.020020
vn -0.353584 0.351550 0.866828
vn -0.012926 0.006824 0.999893
vn -0.008891 0.008831 0.999922
vn -0.352994 0.351022 0.867283
vn 0.704910 -0.709297 -0.000000
vn 0.382686 -0.923879 0.000000
vn 0.384576 -0.923013 -0.012179
vn 0.704827 -0.709141 -0.018403
vn -0.382686 -0.923879 0.000000
vn -0.699830 -0.714309 0.000000
vn -0.699859 -0.714032 -0.018844
vn -0.384578 -0.923012 -0.012178
vn 0.006933 -0.013027 0.999891
vn 0.349109 -0.350850 0.868923
vn 0.348467 -0.350323 0.869393
vn 0.008976 -0.009032 0.999919
vn 0.677401 -0.680135 0.280257
vn 0.704827 -0.709129 0.018822
vn 0.704801 -0.709113 0.020341
vn 0.676007 -0.681200 0.281035
vn -0.006933 0.013027 0.999891
vn -0.349107 0.350850 0.868924
vn -0.348465 0.350323 0.869394
vn -0.008976 0.009032 0.999919
vn -0.677407 0.680140 0.280231
vn -0.704828 0.709129 0.018820
vn -0.704802 0.709113 0.020339
vn -0.676013 0.681205 0.281009
vn 0.699859 0.714032 0.018845
vn 0.674443 0.683084 0.280218
vn 0.683084 0.674444 0.280218
vn 0.714032 0.699859 0.018844
vn 0.354999 0.360522 0.862554
vn -0.006933 0.013027 0.999891
vn 0.012926 -0.006824 0.999893
vn 0.360523 0.354999 0.862554
vn -0.704910 0.709296 0.000000
vn -0.382686 0.923879 0.000000
vn -0.384576 0.923013 -0.012178
vn -0.704827 0.709140 -0.018403
vn 0.382686 0.923879 0.000000
vn 0.699830 0.714309 0.000000
vn 0.699859 0.714032 -0.018845
vn 0.384578 0.923012 -0.012178
vn 0.709140 -0.704827 0.018403
vn 0.680974 -0.678048 0.276631
vn 0.682001 -0.676704 0.277392
vn 0.709101 -0.704823 0.020022
vn 0.353585 -0.351549 0.866828
vn 0.012926 -0.006824 0.999893
vn 0.008891 -0.008831 0.999922
vn 0.352995 -0.351021 0.867282
vn 0.714310 0.699830 0.000000
vn 0.923877 0.382688 0.000000
vn 0.923008 0.384587 -0.012179
vn 0.714033 0.699859 -0.018846
vn 0.923877 -0.382688 0.000000
vn 0.709297 -0.704910 0.000001
vn 0.709129 -0.704828 -0.018820
vn 0.923009 -0.384587 -0.012179
vn -0.704827 0.709140 -0.018403
vn -0.678048 0.680974 -0.276631
vn -0.676704 0.682001 -0.277392
vn -0.704823 0.709101 -0.020021
vn -0.351541 0.353578 -0.866834
vn -0.006824 0.012926 -0.999893
vn -0.008831 0.008891 -0.999922
vn -0.351013 0.352988 -0.867288
vn -0.006824 0.012926 -0.999893
vn 0.354999 0.360523 -0.862554
vn 0.360522 0.354999 -0.862554
vn 0.013027 -0.006933 -0.999891
vn 0.674442 0.683080 -0.280232
vn 0.699859 0.714032 -0.018845
vn 0.714033 0.699859 -0.018846
vn 0.683082 0.674440 -0.280232
vn 0.013027 -0.006933 -0.999891
vn 0.350848 -0.349110 -0.868923
vn 0.350321 -0.348468 -0.869394
vn 0.009032 -0.008976 -0.999919
vn 0.680137 -0.677403 -0.280248
vn 0.709129 -0.704828 -0.018820
vn 0.709113 -0.704801 -0.020339
vn 0.681202 -0.676009 -0.281026
vn -0.013072 0.006933 -0.999891
vn -0.351756 0.347880 -0.869050
vn -0.350325 0.348471 -0.869391
vn -0.009032 0.008976 -0.999919
vn -0.680139 0.677404 -0.280240
vn -0.709129 0.704828 -0.018820
vn -0.709113 0.704802 -0.020339
vn -0.681204 0.676011 -0.281018
vn -0.714032 -0.699859 -0.018845
vn -0.683085 -0.674445 -0.280211
vn -0.674445 -0.683086 -0.280211
vn -0.699859 -0.714032 -0.018844
vn -0.363432 -0.350842 -0.863033
vn -0.013072 0.006933 -0.999891
vn 0.006823 -0.012971 -0.999893
vn -0.350844 -0.363432 -0.863033
vn 0.704827 -0.709141 -0.018403
vn 0.678049 -0.680976 -0.276623
vn 0.676705 -0.682003 -0.277384
vn 0.704823 -0.709101 -0.020021
vn 0.350282 -0.354495 -0.866969
vn 0.006823 -0.012971 -0.999893
vn 0.008831 -0.008891 -0.999922
vn 0.351017 -0.352992 -0.867285
vn -0.709094 -0.704829 0.020026
vn -0.682594 -0.677321 0.274411
vn -0.681524 -0.678701 0.273659
vn -0.709126 -0.704843 0.018371
vn -0.354971 -0.353039 0.865655
vn -0.008802 -0.008743 0.999923
vn -0.012881 -0.006822 0.999894
vn -0.355538 -0.353557 0.865211
vn -0.709262 0.704946 0.000001
vn -0.925148 0.379607 0.000161
vn -0.923360 0.383031 -0.026329
vn -0.709113 0.704802 -0.020339
vn -0.922582 -0.385800 0.000088
vn -0.709228 -0.704979 0.000001
vn -0.709096 -0.704828 -0.020029
vn -0.922162 -0.385936 -0.025900
vn -0.000470 0.000001 1.000000
vn -0.008604 0.004742 0.999952
vn 0.004795 -0.009139 0.999947
vn -0.000000 -0.000493 1.000000
vn -0.008604 0.004742 0.999952
vn -0.008891 0.008831 0.999922
vn 0.008976 -0.009032 0.999919
vn 0.004795 -0.009139 0.999947
vn -0.008802 -0.008743 0.999923
vn -0.008696 -0.004751 0.999951
vn 0.004817 0.008803 0.999950
vn 0.008743 0.008803 0.999923
vn -0.008696 -0.004751 0.999951
vn -0.000470 0.000001 1.000000
vn 0.000000 0.000493 1.000000
vn 0.004817 0.008803 0.999950
vn -0.008744 -0.008803 0.999923
vn -0.353027 -0.354977 0.865658
vn -0.353560 -0.355539 0.865209
vn -0.006822 -0.012880 0.999894
vn -0.677278 -0.682636 0.274413
vn -0.704828 -0.709096 0.020030
vn -0.704843 -0.709126 0.018372
vn -0.678700 -0.681523 0.273665
vn -0.000000 -0.000493 1.000000
vn -0.004818 -0.008803 0.999950
vn 0.008695 0.004751 0.999951
vn 0.000470 -0.000001 1.000000
vn -0.004818 -0.008803 0.999950
vn -0.008744 -0.008803 0.999923
vn 0.008802 0.008743 0.999923
vn 0.008695 0.004751 0.999951
vn -0.704979 -0.709228 -0.000001
vn -0.385809 -0.922579 -0.000088
vn -0.389028 -0.920849 -0.026349
vn -0.704829 -0.709094 -0.020026
vn 0.379614 -0.925145 -0.000161
vn 0.704945 -0.709262 -0.000001
vn 0.704823 -0.709101 -0.020021
vn 0.380138 -0.924581 -0.025395
vn 0.704829 0.709094 -0.020024
vn 0.677325 0.682598 -0.274393
vn 0.678705 0.681528 -0.273640
vn 0.704843 0.709126 -0.018370
vn 0.353025 0.354957 -0.865667
vn 0.008743 0.008802 -0.999923
vn 0.006822 0.012881 -0.999894
vn 0.353543 0.355524 -0.865222
vn -0.704823 0.709101 -0.020021
vn -0.380116 0.924590 -0.025395
vn -0.379590 0.925155 -0.000161
vn -0.704945 0.709262 -0.000001
vn 0.389017 0.920854 -0.026349
vn 0.704829 0.709094 -0.020024
vn 0.704979 0.709228 -0.000001
vn 0.385797 0.922584 -0.000087
vn -0.000001 0.000470 -1.000000
vn -0.004742 0.008604 -0.999952
vn 0.009139 -0.004796 -0.999947
vn 0.000493 0.000000 -1.000000
vn -0.004742 0.008604 -0.999952
vn -0.008831 0.008891 -0.999922
vn 0.009032 -0.008976 -0.999919
vn 0.009139 -0.004796 -0.999947
vn 0.008743 0.008802 -0.999923
vn 0.004752 0.008695 -0.999951
vn -0.008803 -0.004818 -0.999950
vn -0.008803 -0.008744 -0.999923
vn 0.004752 0.008695 -0.999951
vn -0.000001 0.000470 -1.000000
vn -0.000493 -0.000000 -1.000000
vn -0.008803 -0.004818 -0.999950
vn 0.008803 0.008744 -0.999923
vn 0.354981 0.353030 -0.865655
vn 0.355544 0.353563 -0.865206
vn 0.012880 0.006822 -0.999894
vn 0.682636 0.677278 -0.274412
vn 0.709096 0.704828 -0.020030
vn 0.709125 0.704843 -0.018372
vn 0.681524 0.678699 -0.273665
vn 0.000493 0.000000 -1.000000
vn 0.008803 0.004818 -0.999950
vn -0.004751 -0.008695 -0.999951
vn 0.000001 -0.000470 -1.000000
vn 0.008803 0.004818 -0.999950
vn 0.008803 0.008744 -0.999923
vn -0.008743 -0.008802 -0.999923
vn -0.004751 -0.008695 -0.999951
vn 0.709096 0.704828 -0.020030
vn 0.922161 0.385938 -0.025901
vn 0.922581 0.385802 0.000088
vn 0.709228 0.704979 0.000001
vn 0.923359 -0.383033 -0.026329
vn 0.709113 -0.704801 -0.020339
vn 0.709262 -0.704945 0.000002
vn 0.925147 -0.379609 0.000160
vn -0.008803 -0.008744 -0.999923
vn -0.354977 -0.353024 -0.865659
vn -0.355539 -0.353557 -0.865211
vn -0.012880 -0.006822 -0.999894
vn -0.682637 -0.677280 -0.274406
vn -0.709096 -0.704828 -0.020029
vn -0.709126 -0.704843 -0.018371
vn -0.681524 -0.678701 -0.273659
vn -0.009032 0.008976 -0.999919
vn -0.009139 0.004796 -0.999947
vn 0.004742 -0.008604 -0.999952
vn 0.008831 -0.008891 -0.999922
vn -0.009139 0.004796 -0.999947
vn -0.000493 -0.000000 -1.000000
vn 0.000001 -0.000470 -1.000000
vn 0.004742 -0.008604 -0.999952
vn -0.704829 -0.709094 -0.020026
vn -0.677320 -0.682593 -0.274417
vn -0.678700 -0.681523 -0.273665
vn -0.704843 -0.709125 -0.018372
vn -0.353039 -0.354973 -0.865654
vn -0.008743 -0.008802 -0.999923
vn -0.006822 -0.012880 -0.999894
vn -0.353557 -0.355540 -0.865210
vn 0.709094 0.704829 0.020026
vn 0.682593 0.677319 0.274417
vn 0.681524 0.678699 0.273665
vn 0.709125 0.704843 0.018372
vn 0.354976 0.353044 0.865651
vn 0.008802 0.008743 0.999923
vn 0.012880 0.006822 0.999894
vn 0.355542 0.353563 0.865207
vn 0.000470 -0.000001 1.000000
vn 0.008604 -0.004742 0.999952
vn -0.004795 0.009139 0.999947
vn 0.000000 0.000493 1.000000
vn 0.008604 -0.004742 0.999952
vn 0.008891 -0.008831 0.999922
vn -0.008976 0.009032 0.999919
vn -0.004795 0.009139 0.999947
vn 0.008743 0.008803 0.999923
vn 0.353011 0.354961 0.865671
vn 0.353544 0.355524 0.865222
vn 0.006822 0.012881 0.999894
vn 0.677283 0.682641 0.274388
vn 0.704828 0.709096 0.020028
vn 0.704843 0.709126 0.018370
vn 0.678705 0.681528 0.273641
vn 0.713965 -0.699928 -0.018845
vn 0.923014 -0.384574 -0.012179
vn 0.923881 -0.382679 0.000000
vn 0.714240 -0.699901 0.000000
vn 0.923015 0.384572 -0.012179
vn 0.709125 0.704843 -0.018372
vn 0.709284 0.704923 0.000000
vn 0.923881 0.382679 0.000000
vn 0.012880 0.006822 -0.999894
vn 0.360498 -0.355028 -0.862552
vn 0.355029 -0.360497 -0.862552
vn -0.006822 -0.012880 -0.999894
vn 0.683043 -0.674488 -0.280210
vn 0.713965 -0.699928 -0.018845
vn 0.699928 -0.713965 -0.018845
vn 0.674487 -0.683044 -0.280210
vn -0.704843 -0.709125 -0.018372
vn -0.384581 -0.923011 -0.012179
vn -0.382688 -0.923878 0.000000
vn -0.704923 -0.709284 0.000000
vn 0.384579 -0.923012 -0.012179
vn 0.699928 -0.713965 -0.018845
vn 0.699900 -0.714241 0.000000
vn 0.382684 -0.923879 0.000000
vn 0.713965 -0.699928 0.018845
vn 0.683043 -0.674488 0.280211
vn 0.674487 -0.683044 0.280210
vn 0.699928 -0.713965 0.018845
vn 0.360497 -0.355028 0.862553
vn 0.012880 0.006822 0.999894
vn -0.006822 -0.012880 0.999894
vn 0.355028 -0.360497 0.862553
vn 0.006822 0.012881 0.999894
vn -0.355033 0.360498 0.862550
vn -0.360503 0.355029 0.862550
vn -0.012881 -0.006822 0.999894
vn -0.674489 0.683037 0.280224
vn -0.699932 0.713961 0.018846
vn -0.713969 0.699924 0.018846
vn -0.683045 0.674481 0.280224
vn -0.699905 0.714236 0.000000
vn -0.382690 0.923877 0.000000
vn -0.384586 0.923009 -0.012179
vn -0.699932 0.713961 -0.018846
vn 0.382684 0.923879 0.000000
vn 0.704923 0.709284 0.000000
vn 0.704843 0.709126 -0.018370
vn 0.384577 0.923012 -0.012180
vn -0.699932 0.713961 -0.018846
vn -0.674489 0.683037 -0.280224
vn -0.683044 0.674481 -0.280225
vn -0.713969 0.699924 -0.018846
vn -0.355032 0.360498 -0.862550
vn 0.006822 0.012881 -0.999894
vn -0.012880 -0.006822 -0.999894
vn -0.360502 0.355029 -0.862550
vn -0.713969 0.699924 -0.018846
vn -0.923015 0.384570 -0.012180
vn -0.923883 0.382675 0.000000
vn -0.714244 0.699897 0.000000
vn -0.923016 -0.384569 -0.012180
vn -0.709126 -0.704843 -0.018371
vn -0.709284 -0.704923 0.000000
vn -0.923885 -0.382671 0.000000
vn 0.000470 -0.000001 1.000000
vn 0.000000 0.000493 1.000000
vn -0.000000 0.000000 1.000000
vn 0.699830 0.714309 0.000000
vn 0.714310 0.699830 0.000000
vn 0.714033 0.699859 -0.018846
vn 0.699859 0.714032 -0.018845
vn 0.000493 0.000000 -1.000000
vn -0.000000 0.000000 -1.000000
vn -0.000001 0.000470 -1.000000
vn -0.714032 -0.699859 -0.018845
vn -0.699859 -0.714032 -0.018844
vn -0.699830 -0.714309 0.000000
vn -0.714309 -0.699830 0.000000
vn 0.699928 -0.713965 -0.018845
vn 0.713965 -0.699928 -0.018845
vn 0.714240 -0.699901 0.000000
vn 0.699900 -0.714241 0.000000
vn -0.714244 0.699897 0.000000
vn -0.699905 0.714236 0.000000
vn -0.699932 0.713961 -0.018846
vn -0.713969 0.699924 -0.018846
vn -0.006824 0.012926 -0.999893
vn 0.013027 -0.006933 -0.999891
vn 0.009032 -0.008976 -0.999919
vn -0.008831 0.008891 -0.999922
vn 0.709297 -0.704910 0.000001
vn 0.709262 -0.704945 0.000002
vn 0.709113 -0.704801 -0.020339
vn 0.709129 -0.704828 -0.018820
vn -0.008976 0.009032 0.999919
vn 0.008891 -0.008831 0.999922
vn 0.012926 -0.006824 0.999893
vn -0.006933 0.013027 0.999891
vn -0.704823 0.709101 -0.020021
vn -0.704945 0.709262 -0.000001
vn -0.704910 0.709296 0.000000
vn -0.704827 0.709140 -0.018403
vn -0.012926 0.006824 0.999893
vn 0.006933 -0.013027 0.999891
vn 0.008976 -0.009032 0.999919
vn -0.008891 0.008831 0.999922
vn 0.704945 -0.709262 -0.000001
vn 0.704910 -0.709297 -0.000000
vn 0.704827 -0.709141 -0.018403
vn 0.704823 -0.709101 -0.020021
vn -0.009032 0.008976 -0.999919
vn 0.008831 -0.008891 -0.999922
vn 0.006823 -0.012971 -0.999893
vn -0.013072 0.006933 -0.999891
vn -0.709129 0.704828 -0.018820
vn -0.709296 0.704910 -0.000000
vn -0.709262 0.704946 0.000001
vn -0.709113 0.704802 -0.020339
vn -0.008743 -0.008802 -0.999923
vn 0.008803 0.008744 -0.999923
vn 0.012880 0.006822 -0.999894
vn -0.006822 -0.012880 -0.999894
vn 0.709096 0.704828 -0.020030
vn 0.709228 0.704979 0.000001
vn 0.709284 0.704923 0.000000
vn 0.709125 0.704843 -0.018372
vn 0.008802 0.008743 0.999923
vn -0.008744 -0.008803 0.999923
vn -0.006822 -0.012880 0.999894
vn 0.012880 0.006822 0.999894
vn -0.704923 -0.709284 0.000000
vn -0.704979 -0.709228 -0.000001
vn -0.704829 -0.709094 -0.020026
vn -0.704843 -0.709125 -0.018372
vn 0.704923 0.709284 0.000000
vn 0.704979 0.709228 -0.000001
vn 0.704829 0.709094 -0.020024
vn 0.704843 0.709126 -0.018370
vn 0.008743 0.008802 -0.999923
vn -0.008803 -0.008744 -0.999923
vn -0.012880 -0.006822 -0.999894
vn 0.006822 0.012881 -0.999894
vn -0.709096 -0.704828 -0.020029
vn -0.709228 -0.704979 0.000001
vn -0.709284 -0.704923 0.000000
vn -0.709126 -0.704843 -0.018371
vn -0.008802 -0.008743 0.999923
vn 0.008743 0.008803 0.999923
vn 0.006822 0.012881 0.999894
vn -0.012881 -0.006822 0.999894
vn -0.680975 0.678048 0.276631
vn -0.709140 0.704827 0.018402
vn -0.923011 0.384580 0.012179
vn -0.881573 0.408793 0.236045
vn -0.923010 -0.384582 0.012177
vn -0.714032 -0.699859 0.018844
vn -0.683084 -0.674444 0.280218
vn -0.881558 -0.408833 0.236035
vn -0.360525 -0.355002 0.862551
vn -0.012926 0.006824 0.999893
vn -0.591586 -0.000031 0.806242
vn -0.674443 -0.683084 0.280218
vn -0.699859 -0.714032 0.018845
vn -0.384581 -0.923011 0.012178
vn -0.408828 -0.881560 0.236031
vn 0.384581 -0.923011 0.012179
vn 0.704827 -0.709129 0.018822
vn 0.677401 -0.680135 0.280257
vn 0.408826 -0.881559 0.236039
vn 0.349109 -0.350850 0.868923
vn 0.006933 -0.013027 0.999891
vn 0.000006 -0.591542 0.806274
vn -0.384582 0.923011 0.012178
vn -0.704828 0.709129 0.018820
vn -0.677407 0.680140 0.280231
vn -0.408829 0.881561 0.236027
vn -0.349107 0.350850 0.868924
vn -0.006933 0.013027 0.999891
vn -0.000001 0.591547 0.806271
vn 0.674443 0.683084 0.280218
vn 0.699859 0.714032 0.018845
vn 0.384582 0.923011 0.012178
vn 0.408834 0.881558 0.236030
vn 0.360523 0.354999 0.862554
vn 0.012926 -0.006824 0.999893
vn 0.591582 0.000031 0.806245
vn 0.680974 -0.678048 0.276631
vn 0.709140 -0.704827 0.018403
vn 0.923013 -0.384577 0.012178
vn 0.881569 -0.408802 0.236043
vn 0.923012 0.384578 0.012179
vn 0.714032 0.699859 0.018844
vn 0.683084 0.674444 0.280218
vn 0.881555 0.408824 0.236058
vn 0.354999 0.360523 -0.862554
vn -0.006824 0.012926 -0.999893
vn 0.000037 0.591575 -0.806250
vn -0.678048 0.680974 -0.276631
vn -0.704827 0.709140 -0.018403
vn -0.384576 0.923013 -0.012178
vn -0.408792 0.881575 -0.236041
vn 0.384578 0.923012 -0.012178
vn 0.699859 0.714032 -0.018845
vn 0.674442 0.683080 -0.280232
vn 0.408830 0.881555 -0.236046
vn 0.923009 -0.384587 -0.012179
vn 0.709129 -0.704828 -0.018820
vn 0.680137 -0.677403 -0.280248
vn 0.881555 -0.408828 -0.236050
vn 0.350848 -0.349110 -0.868923
vn 0.013027 -0.006933 -0.999891
vn 0.591548 -0.000005 -0.806270
vn 0.683082 0.674440 -0.280232
vn 0.714033 0.699859 -0.018846
vn 0.923008 0.384587 -0.012179
vn 0.881554 0.408836 -0.236042
vn -0.923007 0.384591 -0.012178
vn -0.709129 0.704828 -0.018820
vn -0.680139 0.677404 -0.280240
vn -0.881558 0.408836 -0.236026
vn -0.351756 0.347880 -0.869050
vn -0.013072 0.006933 -0.999891
vn -0.363432 -0.350842 -0.863033
vn -0.591552 0.000014 -0.806267
vn -0.683085 -0.674445 -0.280211
vn -0.714032 -0.699859 -0.018845
vn -0.923007 -0.384590 -0.012178
vn -0.881566 -0.408818 -0.236030
vn -0.350844 -0.363432 -0.863033
vn 0.006823 -0.012971 -0.999893
vn 0.350282 -0.354495 -0.866969
vn -0.000031 -0.591578 -0.806247
vn 0.678049 -0.680976 -0.276623
vn 0.704827 -0.709141 -0.018403
vn 0.384576 -0.923013 -0.012179
vn 0.408791 -0.881572 -0.236051
vn -0.384578 -0.923012 -0.012178
vn -0.699859 -0.714032 -0.018844
vn -0.674445 -0.683086 -0.280211
vn -0.408829 -0.881557 -0.236044
vn -0.008696 -0.004751 0.999951
vn -0.008802 -0.008743 0.999923
vn -0.354971 -0.353039 0.865655
vn -0.367506 -0.000976 0.930021
vn -0.682594 -0.677321 0.274411
vn -0.709094 -0.704829 0.020026
vn -0.920851 -0.389022 0.026348
vn -0.864991 -0.389099 0.316847
vn -0.924581 0.380137 0.025394
vn -0.709101 0.704823 0.020020
vn -0.682001 0.676703 0.277392
vn -0.865323 0.386185 0.319495
vn -0.352994 0.351022 0.867283
vn -0.008891 0.008831 0.999922
vn -0.008604 0.004742 0.999952
vn -0.367506 -0.000976 0.930021
vn -0.367506 -0.000976 0.930021
vn -0.000470 0.000001 1.000000
vn -0.008696 -0.004751 0.999951
vn -0.385947 -0.922157 0.025901
vn -0.704828 -0.709096 0.020030
vn -0.677278 -0.682636 0.274413
vn -0.386714 -0.866496 0.315653
vn -0.353027 -0.354977 0.865658
vn -0.008744 -0.008803 0.999923
vn -0.004818 -0.008803 0.999950
vn -0.000331 -0.368524 0.929618
vn -0.004818 -0.008803 0.999950
vn -0.000000 -0.000493 1.000000
vn -0.000331 -0.368524 0.929618
vn 0.004795 -0.009139 0.999947
vn 0.008976 -0.009032 0.999919
vn 0.348467 -0.350323 0.869393
vn -0.000331 -0.368524 0.929618
vn 0.676007 -0.681200 0.281035
vn 0.704801 -0.709113 0.020341
vn 0.383042 -0.923355 0.026331
vn 0.385222 -0.864757 0.322180
vn 0.004752 0.008695 -0.999951
vn 0.008743 0.008802 -0.999923
vn 0.353025 0.354957 -0.865667
vn 0.000982 0.367499 -0.930023
vn 0.677325 0.682598 -0.274393
vn 0.704829 0.709094 -0.020024
vn 0.389017 0.920854 -0.026349
vn 0.389094 0.864989 -0.316858
vn -0.380116 0.924590 -0.025395
vn -0.704823 0.709101 -0.020021
vn -0.676704 0.682001 -0.277392
vn -0.386168 0.865331 -0.319493
vn -0.351013 0.352988 -0.867288
vn -0.008831 0.008891 -0.999922
vn -0.004742 0.008604 -0.999952
vn 0.000982 0.367499 -0.930023
vn -0.004742 0.008604 -0.999952
vn -0.000001 0.000470 -1.000000
vn 0.000982 0.367499 -0.930023
vn 0.922161 0.385938 -0.025901
vn 0.709096 0.704828 -0.020030
vn 0.682636 0.677278 -0.274412
vn 0.866503 0.386704 -0.315648
vn 0.354981 0.353030 -0.865655
vn 0.008803 0.008744 -0.999923
vn 0.008803 0.004818 -0.999950
vn 0.368524 0.000329 -0.929618
vn 0.368524 0.000329 -0.929618
vn 0.000493 0.000000 -1.000000
vn 0.009139 -0.004796 -0.999947
vn 0.009139 -0.004796 -0.999947
vn 0.009032 -0.008976 -0.999919
vn 0.350321 -0.348468 -0.869394
vn 0.368524 0.000329 -0.929618
vn 0.681202 -0.676009 -0.281026
vn 0.709113 -0.704801 -0.020339
vn 0.923359 -0.383033 -0.026329
vn 0.864769 -0.385226 -0.322142
vn -0.922162 -0.385936 -0.025900
vn -0.709096 -0.704828 -0.020029
vn -0.682637 -0.677280 -0.274406
vn -0.866503 -0.386708 -0.315640
vn -0.354977 -0.353024 -0.865659
vn -0.008803 -0.008744 -0.999923
vn -0.008803 -0.004818 -0.999950
vn -0.368521 -0.000329 -0.929619
vn -0.008803 -0.004818 -0.999950
vn -0.000493 -0.000000 -1.000000
vn -0.368521 -0.000329 -0.929619
vn -0.009139 0.004796 -0.999947
vn -0.009032 0.008976 -0.999919
vn -0.350325 0.348471 -0.869391
vn -0.368521 -0.000329 -0.929619
vn -0.681204 0.676011 -0.281018
vn -0.709113 0.704802 -0.020339
vn -0.923360 0.383031 -0.026329
vn -0.864762 0.385224 -0.322163
vn -0.004751 -0.008695 -0.999951
vn -0.008743 -0.008802 -0.999923
vn -0.353039 -0.354973 -0.865654
vn -0.000979 -0.367515 -0.930017
vn -0.677320 -0.682593 -0.274417
vn -0.704829 -0.709094 -0.020026
vn -0.389028 -0.920849 -0.026349
vn -0.389094 -0.864989 -0.316858
vn 0.380138 -0.924581 -0.025395
vn 0.704823 -0.709101 -0.020021
vn 0.676705 -0.682003 -0.277384
vn 0.386167 -0.865329 -0.319502
vn 0.351017 -0.352992 -0.867285
vn 0.008831 -0.008891 -0.999922
vn 0.004742 -0.008604 -0.999952
vn -0.000979 -0.367515 -0.930017
vn -0.000979 -0.367515 -0.930017
vn 0.000001 -0.000470 -1.000000
vn -0.004751 -0.008695 -0.999951
vn 0.008695 0.004751 0.999951
vn 0.008802 0.008743 0.999923
vn 0.354976 0.353044 0.865651
vn 0.367508 0.000978 0.930020
vn 0.682593 0.677319 0.274417
vn 0.709094 0.704829 0.020026
vn 0.920851 0.389024 0.026349
vn 0.864989 0.389098 0.316854
vn 0.924581 -0.380139 0.025394
vn 0.709101 -0.704823 0.020022
vn 0.682001 -0.676704 0.277392
vn 0.865326 -0.386184 0.319488
vn 0.352995 -0.351021 0.867282
vn 0.008891 -0.008831 0.999922
vn 0.008604 -0.004742 0.999952
vn 0.367508 0.000978 0.930020
vn 0.008604 -0.004742 0.999952
vn 0.000470 -0.000001 1.000000
vn 0.367508 0.000978 0.930020
vn 0.385936 0.922162 0.025900
vn 0.704828 0.709096 0.020028
vn 0.677283 0.682641 0.274388
vn 0.386715 0.866500 0.315641
vn 0.353011 0.354961 0.865671
vn 0.008743 0.008803 0.999923
vn 0.004817 0.008803 0.999950
vn 0.000333 0.368515 0.929622
vn 0.000333 0.368515 0.929622
vn 0.000000 0.000493 1.000000
vn -0.004795 0.009139 0.999947
vn -0.004795 0.009139 0.999947
vn -0.008976 0.009032 0.999919
vn -0.348465 0.350323 0.869394
vn 0.000333 0.368515 0.929622
vn -0.676013 0.681205 0.281009
vn -0.704802 0.709113 0.020339
vn -0.383020 0.923364 0.026332
vn -0.385222 0.864757 0.322180
vn 0.681524 0.678699 -0.273665
vn 0.709125 0.704843 -0.018372
vn 0.923015 0.384572 -0.012179
vn 0.881569 0.408801 -0.236046
vn 0.923014 -0.384574 -0.012179
vn 0.713965 -0.699928 -0.018845
vn 0.683043 -0.674488 -0.280210
vn 0.881550 -0.408840 -0.236050
vn 0.360498 -0.355028 -0.862552
vn 0.012880 0.006822 -0.999894
vn 0.591569 -0.000031 -0.806254
vn 0.674487 -0.683044 -0.280210
vn 0.699928 -0.713965 -0.018845
vn 0.384579 -0.923012 -0.012179
vn 0.408836 -0.881553 -0.236046
vn -0.384581 -0.923011 -0.012179
vn -0.704843 -0.709125 -0.018372
vn -0.678700 -0.681523 -0.273665
vn -0.408805 -0.881567 -0.236045
vn -0.353557 -0.355540 -0.865210
vn -0.006822 -0.012880 -0.999894
vn 0.000031 -0.591565 -0.806257
vn 0.355542 0.353563 0.865207
vn 0.012880 0.006822 0.999894
vn 0.591569 -0.000031 0.806254
vn 0.683043 -0.674488 0.280211
vn 0.713965 -0.699928 0.018845
vn 0.923014 -0.384574 0.012179
vn 0.881552 -0.408836 0.236051
vn 0.923015 0.384572 0.012179
vn 0.709125 0.704843 0.018372
vn 0.681524 0.678699 0.273665
vn 0.881570 0.408798 0.236046
vn -0.678700 -0.681523 0.273665
vn -0.704843 -0.709126 0.018372
vn -0.384581 -0.923011 0.012180
vn -0.408806 -0.881566 0.236047
vn 0.384579 -0.923012 0.012179
vn 0.699928 -0.713965 0.018845
vn 0.674487 -0.683044 0.280210
vn 0.408837 -0.881552 0.236048
vn 0.355028 -0.360497 0.862553
vn -0.006822 -0.012880 0.999894
vn 0.000029 -0.591565 0.806257
vn -0.384582 0.923010 0.012179
vn -0.699932 0.713961 0.018846
vn -0.674489 0.683037 0.280224
vn -0.408840 0.881550 0.236051
vn -0.355033 0.360498 0.862550
vn 0.006822 0.012881 0.999894
vn -0.000038 0.591559 0.806262
vn 0.678705 0.681528 0.273641
vn 0.704843 0.709126 0.018370
vn 0.384577 0.923013 0.012181
vn 0.408801 0.881564 0.236067
vn 0.353543 0.355524 -0.865222
vn 0.006822 0.012881 -0.999894
vn -0.000038 0.591559 -0.806262
vn -0.674489 0.683037 -0.280224
vn -0.699932 0.713961 -0.018846
vn -0.384586 0.923009 -0.012179
vn -0.408840 0.881551 -0.236044
vn 0.384577 0.923012 -0.012180
vn 0.704843 0.709126 -0.018370
vn 0.678705 0.681528 -0.273640
vn 0.408802 0.881565 -0.236059
vn -0.681524 -0.678701 -0.273659
vn -0.709126 -0.704843 -0.018371
vn -0.923016 -0.384569 -0.012180
vn -0.881566 -0.408807 -0.236049
vn -0.923015 0.384570 -0.012180
vn -0.713969 0.699924 -0.018846
vn -0.683044 0.674481 -0.280225
vn -0.881552 0.408834 -0.236053
vn -0.360502 0.355029 -0.862550
vn -0.012880 -0.006822 -0.999894
vn -0.591572 0.000026 -0.806252
vn -0.355538 -0.353557 0.865211
vn -0.012881 -0.006822 0.999894
vn -0.591573 0.000025 0.806251
vn -0.683045 0.674481 0.280224
vn -0.713969 0.699924 0.018846
vn -0.923016 0.384570 0.012180
vn -0.881552 0.408831 0.236058
vn -0.923019 -0.384561 0.012180
vn -0.709126 -0.704843 0.018371
vn -0.681524 -0.678701 0.273659
vn -0.881561 -0.408813 0.236054
vn -0.923011 0.384580 0.012179
vn -0.709140 0.704827 0.018402
vn -0.709296 0.704910 -0.000000
vn -0.923876 0.382692 0.000000
vn -0.709262 0.704946 0.000001
vn -0.709296 0.704910 -0.000000
vn -0.709140 0.704827 0.018402
vn -0.709101 0.704823 0.020020
vn -0.709101 0.704823 0.020020
vn -0.924581 0.380137 0.025394
vn -0.925148 0.379607 0.000161
vn -0.709262 0.704946 0.000001
vn -0.920851 -0.389022 0.026348
vn -0.709094 -0.704829 0.020026
vn -0.709228 -0.704979 0.000001
vn -0.922582 -0.385800 0.000088
vn -0.709284 -0.704923 0.000000
vn -0.709228 -0.704979 0.000001
vn -0.709094 -0.704829 0.020026
vn -0.709126 -0.704843 0.018371
vn -0.923885 -0.382671 0.000000
vn -0.709284 -0.704923 0.000000
vn -0.709126 -0.704843 0.018371
vn -0.923019 -0.384561 0.012180
vn -0.714244 0.699897 0.000000
vn -0.923883 0.382675 0.000000
vn -0.923016 0.384570 0.012180
vn -0.713969 0.699924 0.018846
vn -0.699932 0.713961 0.018846
vn -0.699905 0.714236 0.000000
vn -0.714244 0.699897 0.000000
vn -0.713969 0.699924 0.018846
vn -0.699932 0.713961 0.018846
vn -0.384582 0.923010 0.012179
vn -0.382690 0.923877 0.000000
vn -0.699905 0.714236 0.000000
vn 0.384577 0.923013 0.012181
vn 0.704843 0.709126 0.018370
vn 0.704923 0.709284 0.000000
vn 0.382684 0.923879 0.000000
vn 0.704828 0.709096 0.020028
vn 0.704979 0.709228 -0.000001
vn 0.704923 0.709284 0.000000
vn 0.704843 0.709126 0.018370
vn 0.385797 0.922584 -0.000087
vn 0.704979 0.709228 -0.000001
vn 0.704828 0.709096 0.020028
vn 0.385936 0.922162 0.025900
vn -0.704945 0.709262 -0.000001
vn -0.379590 0.925155 -0.000161
vn -0.383020 0.923364 0.026332
vn -0.704802 0.709113 0.020339
vn -0.704910 0.709296 0.000000
vn -0.704945 0.709262 -0.000001
vn -0.704802 0.709113 0.020339
vn -0.704828 0.709129 0.018820
vn -0.704828 0.709129 0.018820
vn -0.384582 0.923011 0.012178
vn -0.382686 0.923879 0.000000
vn -0.704910 0.709296 0.000000
vn 0.384582 0.923011 0.012178
vn 0.699859 0.714032 0.018845
vn 0.699830 0.714309 0.000000
vn 0.382686 0.923879 0.000000
vn 0.699859 0.714032 0.018845
vn 0.714032 0.699859 0.018844
vn 0.714310 0.699830 0.000000
vn 0.699830 0.714309 0.000000
vn 0.714032 0.699859 0.018844
vn 0.923012 0.384578 0.012179
vn 0.923877 0.382688 0.000000
vn 0.714310 0.699830 0.000000
vn 0.923013 -0.384577 0.012178
vn 0.709140 -0.704827 0.018403
vn 0.709297 -0.704910 0.000001
vn 0.923877 -0.382688 0.000000
vn 0.709101 -0.704823 0.020022
vn 0.709262 -0.704945 0.000002
vn 0.709297 -0.704910 0.000001
vn 0.709140 -0.704827 0.018403
vn 0.925147 -0.379609 0.000160
vn 0.709262 -0.704945 0.000002
vn 0.709101 -0.704823 0.020022
vn 0.924581 -0.380139 0.025394
vn 0.709228 0.704979 0.000001
vn 0.922581 0.385802 0.000088
vn 0.920851 0.389024 0.026349
vn 0.709094 0.704829 0.020026
vn 0.709284 0.704923 0.000000
vn 0.709228 0.704979 0.000001
vn 0.709094 0.704829 0.020026
vn 0.709125 0.704843 0.018372
vn 0.923881 0.382679 0.000000
vn 0.709284 0.704923 0.000000
vn 0.709125 0.704843 0.018372
vn 0.923015 0.384572 0.012179
vn 0.714240 -0.699901 0.000000
vn 0.923881 -0.382679 0.000000
vn 0.923014 -0.384574 0.012179
vn 0.713965 -0.699928 0.018845
vn 0.699900 -0.714241 0.000000
vn 0.714240 -0.699901 0.000000
vn 0.713965 -0.699928 0.018845
vn 0.699928 -0.713965 0.018845
vn 0.382684 -0.923879 0.000000
vn 0.699900 -0.714241 0.000000
vn 0.699928 -0.713965 0.018845
vn 0.384579 -0.923012 0.012179
vn -0.704923 -0.709284 0.000000
vn -0.382688 -0.923878 0.000000
vn -0.384581 -0.923011 0.012180
vn -0.704843 -0.709126 0.018372
vn -0.704828 -0.709096 0.020030
vn -0.704979 -0.709228 -0.000001
vn -0.704923 -0.709284 0.000000
vn -0.704843 -0.709126 0.018372
vn -0.704828 -0.709096 0.020030
vn -0.385947 -0.922157 0.025901
vn -0.385809 -0.922579 -0.000088
vn -0.704979 -0.709228 -0.000001
vn 0.383042 -0.923355 0.026331
vn 0.704801 -0.709113 0.020341
vn 0.704945 -0.709262 -0.000001
vn 0.379614 -0.925145 -0.000161
vn 0.704827 -0.709129 0.018822
vn 0.704910 -0.709297 -0.000000
vn 0.704945 -0.709262 -0.000001
vn 0.704801 -0.709113 0.020341
vn 0.704827 -0.709129 0.018822
vn 0.384581 -0.923011 0.012179
vn 0.382686 -0.923879 0.000000
vn 0.704910 -0.709297 -0.000000
vn -0.384581 -0.923011 0.012178
vn -0.699859 -0.714032 0.018845
vn -0.699830 -0.714309 0.000000
vn -0.382686 -0.923879 0.000000
vn -0.714309 -0.699830 0.000000
vn -0.699830 -0.714309 0.000000
vn -0.699859 -0.714032 0.018845
vn -0.714032 -0.699859 0.018844
vn -0.714032 -0.699859 0.018844
vn -0.923010 -0.384582 0.012177
vn -0.923876 -0.382692 0.000000
vn -0.714309 -0.699830 0.000000
vn -0.008604 0.004742 0.999952
vn -0.000470 0.000001 1.000000
vn -0.367506 -0.000976 0.930021
vn 0.000470 -0.000001 1.000000
vn -0.000000 0.000000 1.000000
vn -0.000000 -0.000493 1.000000
vn 0.367508 0.000978 0.930020
vn 0.000470 -0.000001 1.000000
vn 0.008695 0.004751 0.999951
vn 0.004817 0.008803 0.999950
vn 0.000000 0.000493 1.000000
vn 0.000333 0.368515 0.929622
vn -0.000000 0.000000 1.000000
vn 0.000000 0.000493 1.000000
vn -0.000470 0.000001 1.000000
vn -0.000000 -0.000493 1.000000
vn -0.000000 0.000000 1.000000
vn -0.000470 0.000001 1.000000
vn -0.000331 -0.368524 0.929618
vn -0.000000 -0.000493 1.000000
vn 0.004795 -0.009139 0.999947
vn 0.004742 -0.008604 -0.999952
vn 0.000001 -0.000470 -1.000000
vn -0.000979 -0.367515 -0.930017
vn -0.000493 -0.000000 -1.000000
vn -0.000001 0.000470 -1.000000
vn -0.000000 0.000000 -1.000000
vn 0.000982 0.367499 -0.930023
vn -0.000001 0.000470 -1.000000
vn 0.004752 0.008695 -0.999951
vn 0.008803 0.004818 -0.999950
vn 0.000493 0.000000 -1.000000
vn 0.368524 0.000329 -0.929618
vn 0.000001 -0.000470 -1.000000
vn -0.000000 0.000000 -1.000000
vn 0.000493 0.000000 -1.000000
vn -0.000493 -0.000000 -1.000000
vn -0.000000 0.000000 -1.000000
vn 0.000001 -0.000470 -1.000000
vn -0.368521 -0.000329 -0.929619
vn -0.000493 -0.000000 -1.000000
vn -0.009139 0.004796 -0.999947
vn -0.591586 -0.000031 0.806242
vn -0.012926 0.006824 0.999893
vn -0.353584 0.351550 0.866828
vn 0.000006 -0.591542 0.806274
vn 0.006933 -0.013027 0.999891
vn -0.355001 -0.360525 0.862552
vn 0.000029 -0.591565 0.806257
vn -0.006822 -0.012880 0.999894
vn -0.353560 -0.355539 0.865209
vn 0.591569 -0.000031 0.806254
vn 0.012880 0.006822 0.999894
vn 0.360497 -0.355028 0.862553
vn 0.591569 -0.000031 -0.806254
vn 0.012880 0.006822 -0.999894
vn 0.355544 0.353563 -0.865206
vn 0.000031 -0.591565 -0.806257
vn -0.006822 -0.012880 -0.999894
vn 0.355029 -0.360497 -0.862552
vn -0.000038 0.591559 0.806262
vn 0.006822 0.012881 0.999894
vn 0.353544 0.355524 0.865222
vn -0.591573 0.000025 0.806251
vn -0.012881 -0.006822 0.999894
vn -0.360503 0.355029 0.862550
vn -0.000001 0.591547 0.806271
vn -0.006933 0.013027 0.999891
vn 0.354999 0.360522 0.862554
vn 0.591582 0.000031 0.806245
vn 0.012926 -0.006824 0.999893
vn 0.353585 -0.351549 0.866828
vn 0.591548 -0.000005 -0.806270
vn 0.013027 -0.006933 -0.999891
vn 0.360522 0.354999 -0.862554
vn 0.000037 0.591575 -0.806250
vn -0.006824 0.012926 -0.999893
vn -0.351541 0.353578 -0.866834
vn -0.000038 0.591559 -0.806262
vn 0.006822 0.012881 -0.999894
vn -0.355032 0.360498 -0.862550
vn -0.591572 0.000026 -0.806252
vn -0.012880 -0.006822 -0.999894
vn -0.355539 -0.353557 -0.865211
vn 0.023945 0.007780 -0.999683
vn 0.025177 -0.000000 -0.999683
vn -0.013071 -0.000000 -0.999915
vn -0.012431 -0.004039 -0.999915
vn 0.020369 0.014799 -0.999683
vn 0.023945 0.007780 -0.999683
vn -0.012431 -0.004039 -0.999915
vn -0.010575 -0.007683 -0.999915
vn 0.014799 0.020369 -0.999683
vn 0.020369 0.014799 -0.999683
vn -0.010575 -0.007683 -0.999915
vn -0.007683 -0.010575 -0.999915
vn 0.007780 0.023945 -0.999683
vn 0.014799 0.020369 -0.999683
vn -0.007683 -0.010575 -0.999915
vn -0.004039 -0.012431 -0.999915
vn -0.000000 0.025177 -0.999683
vn 0.007780 0.023945 -0.999683
vn -0.004039 -0.012431 -0.999915
vn 0.000000 -0.013071 -0.999915
vn -0.007780 0.023945 -0.999683
vn -0.000000 0.025177 -0.999683
vn 0.000000 -0.013071 -0.999915
vn 0.004039 -0.012431 -0.999915
vn -0.014799 0.020369 -0.999683
vn -0.007780 0.023945 -0.999683
vn 0.004039 -0.012431 -0.999915
vn 0.007683 -0.010575 -0.999915
vn -0.020369 0.014799 -0.999683
vn -0.014799 0.020369 -0.999683
vn 0.007683 -0.010575 -0.999915
vn 0.010575 -0.007683 -0.999915
vn -0.023945 0.007780 -0.999683
vn -0.020369 0.014799 -0.999683
vn 0.010575 -0.007683 -0.999915
vn 0.012431 -0.004039 -0.999915
vn -0.025177 -0.000000 -0.999683
vn -0.023945 0.007780 -0.999683
vn 0.012431 -0.004039 -0.999915
vn 0.013071 0.000000 -0.999915
vn -0.023945 -0.007780 -0.999683
vn -0.025177 -0.000000 -0.999683
vn 0.013071 0.000000 -0.999915
vn 0.012431 0.004039 -0.999915
vn -0.020369 -0.014799 -0.999683
vn -0.023945 -0.007780 -0.999683
vn 0.012431 0.004039 -0.999915
vn 0.010575 0.007683 -0.999915
vn -0.014799 -0.020369 -0.999683
vn -0.020369 -0.014799 -0.999683
vn 0.010575 0.007683 -0.999915
vn 0.007683 0.010575 -0.999915
vn -0.007780 -0.023945 -0.999683
vn -0.014799 -0.020369 -0.999683
vn 0.007683 0.010575 -0.999915
vn 0.004039 0.012431 -0.999915
vn -0.000000 -0.025177 -0.999683
vn -0.007780 -0.023945 -0.999683
vn 0.004039 0.012431 -0.999915
vn 0.000000 0.013071 -0.999915
vn 0.007780 -0.023945 -0.999683
vn -0.000000 -0.025177 -0.999683
vn 0.000000 0.013071 -0.999915
vn -0.004039 0.012431 -0.999915
vn 0.014799 -0.020369 -0.999683
vn 0.007780 -0.023945 -0.999683
vn -0.004039 0.012431 -0.999915
vn -0.007683 0.010575 -0.999915
vn 0.020369 -0.014799 -0.999683
vn 0.014799 -0.020369 -0.999683
vn -0.007683 0.010575 -0.999915
vn -0.010575 0.007683 -0.999915
vn 0.023945 -0.007780 -0.999683
vn 0.020369 -0.014799 -0.999683
vn -0.010575 0.007683 -0.999915
vn -0.012431 0.004039 -0.999915
vn 0.025177 -0.000000 -0.999683
vn 0.023945 -0.007780 -0.999683
vn -0.012431 0.004039 -0.999915
vn -0.013071 -0.000000 -0.999915
vn -0.012431 -0.004039 0.999915
vn -0.013071 -0.000000 0.999915
vn 0.025177 -0.000000 0.999683
vn 0.023945 0.007780 0.999683
vn -0.010575 -0.007683 0.999915
vn -0.012431 -0.004039 0.999915
vn 0.023945 0.007780 0.999683
vn 0.020369 0.014799 0.999683
vn -0.007683 -0.010575 0.999915
vn -0.010575 -0.007683 0.999915
vn 0.020369 0.014799 0.999683
vn 0.014799 0.020369 0.999683
vn -0.004039 -0.012431 0.999915
vn -0.007683 -0.010575 0.999915
vn 0.014799 0.020369 0.999683
vn 0.007780 0.023945 0.999683
vn 0.000000 -0.013071 0.999915
vn -0.004039 -0.012431 0.999915
vn 0.007780 0.023945 0.999683
vn -0.000000 0.025177 0.999683
vn 0.004039 -0.012431 0.999915
vn 0.000000 -0.013071 0.999915
vn -0.000000 0.025177 0.999683
vn -0.007780 0.023945 0.999683
vn 0.007683 -0.010575 0.999915
vn 0.004039 -0.012431 0.999915
vn -0.007780 0.023945 0.999683
vn -0.014799 0.020369 0.999683
vn 0.010575 -0.007683 0.999915
vn 0.007683 -0.010575 0.999915
vn -0.014799 0.020369 0.999683
vn -0.020369 0.014799 0.999683
vn 0.012431 -0.004039 0.999915
vn 0.010575 -0.007683 0.999915
vn -0.020369 0.014799 0.999683
vn -0.023945 0.007780 0.999683
vn 0.013071 0.000000 0.999915
vn 0.012431 -0.004039 0.999915
vn -0.023945 0.007780 0.999683
vn -0.025177 0.000000 0.999683
vn 0.012431 0.004039 0.999915
vn 0.013071 0.000000 0.999915
vn -0.025177 0.000000 0.999683
vn -0.023945 -0.007780 0.999683
vn 0.010575 0.007683 0.999915
vn 0.012431 0.004039 0.999915
vn -0.023945 -0.007780 0.999683
vn -0.020369 -0.014799 0.999683
vn 0.007683 0.010575 0.999915
vn 0.010575 0.007683 0.999915
vn -0.020369 -0.014799 0.999683
vn -0.014799 -0.020369 0.999683
vn 0.004039 0.012431 0.999915
vn 0.007683 0.010575 0.999915
vn -0.014799 -0.020369 0.999683
vn -0.007780 -0.023945 0.999683
vn 0.000000 0.013071 0.999915
vn 0.004039 0.012431 0.999915
vn -0.007780 -0.023945 0.999683
vn -0.000000 -0.025177 0.999683
vn -0.004039 0.012431 0.999915
vn 0.000000 0.013071 0.999915
vn -0.000000 -0.025177 0.999683
vn 0.007780 -0.023945 0.999683
vn -0.007683 0.010575 0.999915
vn -0.004039 0.012431 0.999915
vn 0.007780 -0.023945 0.999683
vn 0.014799 -0.020369 0.999683
vn -0.010575 0.007683 0.999915
vn -0.007683 0.010575 0.999915
vn 0.014799 -0.020369 0.999683
vn 0.020369 -0.014799 0.999683
vn -0.012431 0.004039 0.999915
vn -0.010575 0.007683 0.999915
vn 0.020369 -0.014799 0.999683
vn 0.023945 -0.007780 0.999683
vn -0.013071 -0.000000 0.999915
vn -0.012431 0.004039 0.999915
vn 0.023945 -0.007780 0.999683
vn 0.025177 -0.000000 0.999683
vn 0.950874 0.308957 -0.019586
vn 0.808862 0.587672 -0.019585
vn 0.809017 0.587785 0.000000
vn 0.951057 0.309017 0.000000
vn 0.808862 0.587672 -0.019585
vn 0.587673 0.808862 -0.019585
vn 0.587785 0.809017 0.000000
vn 0.809017 0.587785 0.000000
vn 0.587673 0.808862 -0.019585
vn 0.308958 0.950874 -0.019586
vn 0.309017 0.951057 0.000000
vn 0.587785 0.809017 0.000000
vn 0.308958 0.950874 -0.019586
vn -0.000002 0.999808 -0.019586
vn -0.000002 1.000000 0.000000
vn 0.309017 0.951057 0.000000
vn -0.000002 0.999808 -0.019586
vn -0.308958 0.950874 -0.019585
vn -0.309017 0.951057 0.000000
vn -0.000002 1.000000 0.000000
vn -0.308958 0.950874 -0.019585
vn -0.587671 0.808863 -0.019585
vn -0.587784 0.809018 0.000000
vn -0.309017 0.951057 0.000000
vn -0.587671 0.808863 -0.019585
vn -0.808862 0.587672 -0.019585
vn -0.809017 0.587785 0.000000
vn -0.587784 0.809018 0.000000
vn -0.808862 0.587672 -0.019585
vn -0.950874 0.308957 -0.019586
vn -0.951057 0.309016 0.000000
vn -0.809017 0.587785 0.000000
vn -0.950874 0.308957 -0.019586
vn -0.999808 -0.000000 -0.019585
vn -1.000000 0.000000 0.000000
vn -0.951057 0.309016 0.000000
vn -0.999808 -0.000000 -0.019585
vn -0.950874 -0.308957 -0.019585
vn -0.951057 -0.309016 0.000000
vn -1.000000 0.000000 0.000000
vn -0.950874 -0.308957 -0.019585
vn -0.808861 -0.587673 -0.019586
vn -0.809017 -0.587786 0.000000
vn -0.951057 -0.309016 0.000000
vn -0.808861 -0.587673 -0.019586
vn -0.587672 -0.808862 -0.019586
vn -0.587785 -0.809017 0.000000
vn -0.809017 -0.587786 0.000000
vn -0.587672 -0.808862 -0.019586
vn -0.308957 -0.950874 -0.019585
vn -0.309017 -0.951057 0.000000
vn -0.587785 -0.809017 0.000000
vn -0.308957 -0.950874 -0.019585
vn -0.000000 -0.999808 -0.019585
vn -0.000000 -1.000000 0.000000
vn -0.309017 -0.951057 0.000000
vn -0.000000 -0.999808 -0.019585
vn 0.308958 -0.950874 -0.019585
vn 0.309017 -0.951057 0.000000
vn -0.000000 -1.000000 0.000000
vn 0.308958 -0.950874 -0.019585
vn 0.587672 -0.808862 -0.019586
vn 0.587785 -0.809017 0.000000
vn 0.309017 -0.951057 0.000000
vn 0.587672 -0.808862 -0.019586
vn 0.808862 -0.587672 -0.019586
vn 0.809017 -0.587785 0.000000
vn 0.587785 -0.809017 0.000000
vn 0.808862 -0.587672 -0.019586
vn 0.950874 -0.308957 -0.019586
vn 0.951057 -0.309017 0.000000
vn 0.809017 -0.587785 0.000000
vn 0.950874 -0.308957 -0.019586
vn 0.999808 -0.000002 -0.019586
vn 1.000000 -0.000002 0.000000
vn 0.951057 -0.309017 0.000000
vn 0.999808 -0.000002 -0.019586
vn 0.950874 0.308957 -0.019586
vn 0.951057 0.309017 0.000000
vn 1.000000 -0.000002 0.000000
vn 0.000000 0.999942 -0.010739
vn 0.308999 0.951002 -0.010740
vn 0.308999 0.951002 0.010740
vn 0.000000 0.999942 0.010739
vn 0.308999 0.951002 -0.010740
vn 0.587752 0.808970 -0.010740
vn 0.587752 0.808970 0.010740
vn 0.308999 0.951002 0.010740
vn 0.587752 0.808970 -0.010740
vn 0.808970 0.587752 -0.010739
vn 0.808970 0.587752 0.010739
vn 0.587752 0.808970 0.010740
vn 0.808970 0.587752 -0.010739
vn 0.951002 0.308999 -0.010739
vn 0.951002 0.308999 0.010739
vn 0.808970 0.587752 0.010739
vn 0.951002 0.308999 -0.010739
vn 0.999942 -0.000000 -0.010739
vn 0.999942 -0.000000 0.010739
vn 0.951002 0.308999 0.010739
vn 0.999942 -0.000000 -0.010739
vn 0.951002 -0.308999 -0.010739
vn 0.951002 -0.308999 0.010739
vn 0.999942 -0.000000 0.010739
vn 0.951002 -0.308999 -0.010739
vn 0.808970 -0.587752 -0.010739
vn 0.808970 -0.587752 0.010739
vn 0.951002 -0.308999 0.010739
vn 0.808970 -0.587752 -0.010739
vn 0.587752 -0.808970 -0.010739
vn 0.587752 -0.808970 0.010739
vn 0.808970 -0.587752 0.010739
vn 0.587752 -0.808970 -0.010739
vn 0.309000 -0.951001 -0.010739
vn 0.309000 -0.951001 0.010739
vn 0.587752 -0.808970 0.010739
vn 0.309000 -0.951001 -0.010739
vn 0.000000 -0.999942 -0.010739
vn 0.000000 -0.999942 0.010739
vn 0.309000 -0.951001 0.010739
vn 0.000000 -0.999942 -0.010739
vn -0.309000 -0.951001 -0.010739
vn -0.309000 -0.951001 0.010739
vn 0.000000 -0.999942 0.010739
vn -0.309000 -0.951001 -0.010739
vn -0.587752 -0.808970 -0.010739
vn -0.587752 -0.808970 0.010739
vn -0.309000 -0.951001 0.010739
vn -0.587752 -0.808970 -0.010739
vn -0.808970 -0.587752 -0.010739
vn -0.808970 -0.587752 0.010739
vn -0.587752 -0.808970 0.010739
vn -0.808970 -0.587752 -0.010739
vn -0.951001 -0.309000 -0.010739
vn -0.951001 -0.309000 0.010739
vn -0.808970 -0.587752 0.010739
vn -0.951001 -0.309000 -0.010739
vn -0.999942 0.000000 -0.010740
vn -0.999942 0.000000 0.010740
vn -0.951001 -0.309000 0.010739
vn -0.999942 0.000000 -0.010740
vn -0.951001 0.309000 -0.010740
vn -0.951001 0.309000 0.010740
vn -0.999942 0.000000 0.010740
vn -0.951001 0.309000 -0.010740
vn -0.808970 0.587752 -0.010740
vn -0.808970 0.587752 0.010740
vn -0.951001 0.309000 0.010740
vn -0.808970 0.587752 -0.010740
vn -0.587752 0.808970 -0.010739
vn -0.587752 0.808970 0.010739
vn -0.808970 0.587752 0.010740
vn -0.587752 0.808970 -0.010739
vn -0.308999 0.951002 -0.010739
vn -0.308999 0.951002 0.010739
vn -0.587752 0.808970 0.010739
vn -0.308999 0.951002 -0.010739
vn 0.000000 0.999942 -0.010739
vn 0.000000 0.999942 0.010739
vn -0.308999 0.951002 0.010739
vn -0.012431 -0.004039 -0.999915
vn -0.476768 -0.154912 -0.865271
vn -0.405558 -0.294654 -0.865276
vn -0.010575 -0.007683 -0.999915
vn -0.911909 -0.296298 -0.283954
vn -0.951001 -0.309000 -0.010739
vn -0.808970 -0.587752 -0.010739
vn -0.775717 -0.563591 -0.283951
vn -0.010575 -0.007683 -0.999915
vn -0.405558 -0.294654 -0.865276
vn -0.294652 -0.405553 -0.865279
vn -0.007683 -0.010575 -0.999915
vn -0.775717 -0.563591 -0.283951
vn -0.808970 -0.587752 -0.010739
vn -0.587752 -0.808970 -0.010739
vn -0.563594 -0.775719 -0.283941
vn -0.951001 -0.309000 -0.010739
vn -0.911909 -0.296298 -0.283954
vn -0.958837 0.000000 -0.283957
vn -0.999942 0.000000 -0.010740
vn -0.476768 -0.154912 -0.865271
vn -0.012431 -0.004039 -0.999915
vn -0.013071 -0.000000 -0.999915
vn -0.501302 -0.000000 -0.865272
vn -0.007683 -0.010575 -0.999915
vn -0.294652 -0.405553 -0.865279
vn -0.154910 -0.476762 -0.865275
vn -0.004039 -0.012431 -0.999915
vn -0.563594 -0.775719 -0.283941
vn -0.587752 -0.808970 -0.010739
vn -0.309000 -0.951001 -0.010739
vn -0.296299 -0.911912 -0.283941
vn -0.004039 -0.012431 -0.999915
vn -0.154910 -0.476762 -0.865275
vn 0.000000 -0.501302 -0.865272
vn 0.000000 -0.013071 -0.999915
vn -0.296299 -0.911912 -0.283941
vn -0.309000 -0.951001 -0.010739
vn 0.000000 -0.999942 -0.010739
vn 0.000000 -0.958838 -0.283952
vn 0.000000 -0.013071 -0.999915
vn 0.000000 -0.501302 -0.865272
vn 0.154910 -0.476762 -0.865275
vn 0.004039 -0.012431 -0.999915
vn 0.000000 -0.958838 -0.283952
vn 0.000000 -0.999942 -0.010739
vn 0.309000 -0.951001 -0.010739
vn 0.296298 -0.911910 -0.283951
vn 0.004039 -0.012431 -0.999915
vn 0.154910 -0.476762 -0.865275
vn 0.294652 -0.405552 -0.865279
vn 0.007683 -0.010575 -0.999915
vn 0.296298 -0.911910 -0.283951
vn 0.309000 -0.951001 -0.010739
vn 0.587752 -0.808970 -0.010739
vn 0.563592 -0.775716 -0.283952
vn 0.007683 -0.010575 -0.999915
vn 0.294652 -0.405552 -0.865279
vn 0.405555 -0.294653 -0.865277
vn 0.010575 -0.007683 -0.999915
vn 0.563592 -0.775716 -0.283952
vn 0.587752 -0.808970 -0.010739
vn 0.808970 -0.587752 -0.010739
vn 0.775717 -0.563591 -0.283952
vn 0.010575 -0.007683 -0.999915
vn 0.405555 -0.294653 -0.865277
vn 0.476764 -0.154910 -0.865274
vn 0.012431 -0.004039 -0.999915
vn 0.775717 -0.563591 -0.283952
vn 0.808970 -0.587752 -0.010739
vn 0.951002 -0.308999 -0.010739
vn 0.911910 -0.296297 -0.283951
vn 0.012431 -0.004039 -0.999915
vn 0.476764 -0.154910 -0.865274
vn 0.501300 -0.000000 -0.865274
vn 0.013071 0.000000 -0.999915
vn 0.911910 -0.296297 -0.283951
vn 0.951002 -0.308999 -0.010739
vn 0.999942 -0.000000 -0.010739
vn 0.958838 -0.000000 -0.283953
vn 0.013071 0.000000 -0.999915
vn 0.501300 -0.000000 -0.865274
vn 0.476765 0.154910 -0.865274
vn 0.012431 0.004039 -0.999915
vn 0.958838 -0.000000 -0.283953
vn 0.999942 -0.000000 -0.010739
vn 0.951002 0.308999 -0.010739
vn 0.911909 0.296297 -0.283955
vn 0.012431 0.004039 -0.999915
vn 0.476765 0.154910 -0.865274
vn 0.405559 0.294656 -0.865275
vn 0.010575 0.007683 -0.999915
vn 0.911909 0.296297 -0.283955
vn 0.951002 0.308999 -0.010739
vn 0.808970 0.587752 -0.010739
vn 0.775716 0.563591 -0.283954
vn 0.010575 0.007683 -0.999915
vn 0.405559 0.294656 -0.865275
vn 0.294655 0.405558 -0.865275
vn 0.007683 0.010575 -0.999915
vn 0.775716 0.563591 -0.283954
vn 0.808970 0.587752 -0.010739
vn 0.587752 0.808970 -0.010740
vn 0.563591 0.775715 -0.283957
vn 0.007683 0.010575 -0.999915
vn 0.294655 0.405558 -0.865275
vn 0.154909 0.476762 -0.865275
vn 0.004039 0.012431 -0.999915
vn 0.563591 0.775715 -0.283957
vn 0.587752 0.808970 -0.010740
vn 0.308999 0.951002 -0.010740
vn 0.296297 0.911908 -0.283957
vn 0.004039 0.012431 -0.999915
vn 0.154909 0.476762 -0.865275
vn 0.000000 0.501293 -0.865277
vn 0.000000 0.013071 -0.999915
vn 0.296297 0.911908 -0.283957
vn 0.308999 0.951002 -0.010740
vn 0.000000 0.999942 -0.010739
vn 0.000000 0.958840 -0.283947
vn 0.000000 0.013071 -0.999915
vn 0.000000 0.501293 -0.865277
vn -0.154909 0.476762 -0.865275
vn -0.004039 0.012431 -0.999915
vn 0.000000 0.958840 -0.283947
vn 0.000000 0.999942 -0.010739
vn -0.308999 0.951002 -0.010739
vn -0.296298 0.911911 -0.283947
vn -0.004039 0.012431 -0.999915
vn -0.154909 0.476762 -0.865275
vn -0.294655 0.405558 -0.865275
vn -0.007683 0.010575 -0.999915
vn -0.296298 0.911911 -0.283947
vn -0.308999 0.951002 -0.010739
vn -0.587752 0.808970 -0.010739
vn -0.563592 0.775716 -0.283952
vn -0.007683 0.010575 -0.999915
vn -0.294655 0.405558 -0.865275
vn -0.405557 0.294655 -0.865276
vn -0.010575 0.007683 -0.999915
vn -0.563592 0.775716 -0.283952
vn -0.587752 0.808970 -0.010739
vn -0.808970 0.587752 -0.010740
vn -0.775715 0.563590 -0.283957
vn -0.010575 0.007683 -0.999915
vn -0.405557 0.294655 -0.865276
vn -0.476767 0.154911 -0.865272
vn -0.012431 0.004039 -0.999915
vn -0.775715 0.563590 -0.283957
vn -0.808970 0.587752 -0.010740
vn -0.951001 0.309000 -0.010740
vn -0.911907 0.296298 -0.283959
vn -0.999942 0.000000 -0.010740
vn -0.958837 0.000000 -0.283957
vn -0.911907 0.296298 -0.283959
vn -0.951001 0.309000 -0.010740
vn -0.501302 -0.000000 -0.865272
vn -0.013071 -0.000000 -0.999915
vn -0.012431 0.004039 -0.999915
vn -0.476767 0.154911 -0.865272
vn 0.023945 0.007780 -0.999683
vn 0.476759 0.154909 -0.865277
vn 0.501297 -0.000001 -0.865275
vn 0.025177 -0.000000 -0.999683
vn 0.911909 0.296296 -0.283956
vn 0.950874 0.308957 -0.019586
vn 0.999808 -0.000002 -0.019586
vn 0.958837 -0.000002 -0.283956
vn 0.025177 -0.000000 -0.999683
vn 0.501297 -0.000001 -0.865275
vn 0.476768 -0.154912 -0.865271
vn 0.023945 -0.007780 -0.999683
vn 0.958837 -0.000002 -0.283956
vn 0.999808 -0.000002 -0.019586
vn 0.950874 -0.308957 -0.019586
vn 0.911909 -0.296296 -0.283956
vn 0.950874 0.308957 -0.019586
vn 0.911909 0.296296 -0.283956
vn 0.775718 0.563592 -0.283945
vn 0.808862 0.587672 -0.019585
vn 0.476759 0.154909 -0.865277
vn 0.023945 0.007780 -0.999683
vn 0.020369 0.014799 -0.999683
vn 0.405555 0.294653 -0.865277
vn 0.808862 0.587672 -0.019585
vn 0.775718 0.563592 -0.283945
vn 0.563593 0.775719 -0.283941
vn 0.587673 0.808862 -0.019585
vn 0.405555 0.294653 -0.865277
vn 0.020369 0.014799 -0.999683
vn 0.014799 0.020369 -0.999683
vn 0.294650 0.405552 -0.865280
vn 0.587673 0.808862 -0.019585
vn 0.563593 0.775719 -0.283941
vn 0.296297 0.911906 -0.283963
vn 0.308958 0.950874 -0.019586
vn 0.294650 0.405552 -0.865280
vn 0.014799 0.020369 -0.999683
vn 0.007780 0.023945 -0.999683
vn 0.154906 0.476751 -0.865282
vn 0.308958 0.950874 -0.019586
vn 0.296297 0.911906 -0.283963
vn -0.000001 0.958835 -0.283963
vn -0.000002 0.999808 -0.019586
vn 0.154906 0.476751 -0.865282
vn 0.007780 0.023945 -0.999683
vn -0.000000 0.025177 -0.999683
vn -0.000000 0.501286 -0.865282
vn -0.000002 0.999808 -0.019586
vn -0.000001 0.958835 -0.283963
vn -0.296299 0.911910 -0.283948
vn -0.308958 0.950874 -0.019585
vn -0.000000 0.501286 -0.865282
vn -0.000000 0.025177 -0.999683
vn -0.007780 0.023945 -0.999683
vn -0.154906 0.476751 -0.865282
vn -0.308958 0.950874 -0.019585
vn -0.296299 0.911910 -0.283948
vn -0.563590 0.775718 -0.283949
vn -0.587671 0.808863 -0.019585
vn -0.154906 0.476751 -0.865282
vn -0.007780 0.023945 -0.999683
vn -0.014799 0.020369 -0.999683
vn -0.294652 0.405556 -0.865277
vn -0.587671 0.808863 -0.019585
vn -0.563590 0.775718 -0.283949
vn -0.775716 0.563591 -0.283952
vn -0.808862 0.587672 -0.019585
vn -0.294652 0.405556 -0.865277
vn -0.014799 0.020369 -0.999683
vn -0.020369 0.014799 -0.999683
vn -0.405559 0.294656 -0.865274
vn -0.808862 0.587672 -0.019585
vn -0.775716 0.563591 -0.283952
vn -0.911909 0.296297 -0.283954
vn -0.950874 0.308957 -0.019586
vn -0.405559 0.294656 -0.865274
vn -0.020369 0.014799 -0.999683
vn -0.023945 0.007780 -0.999683
vn -0.476762 0.154909 -0.865276
vn -0.950874 0.308957 -0.019586
vn -0.911909 0.296297 -0.283954
vn -0.958839 -0.000000 -0.283952
vn -0.999808 -0.000000 -0.019585
vn -0.476762 0.154909 -0.865276
vn -0.023945 0.007780 -0.999683
vn -0.025177 -0.000000 -0.999683
vn -0.501299 -0.000000 -0.865274
vn -0.999808 -0.000000 -0.019585
vn -0.958839 -0.000000 -0.283952
vn -0.911910 -0.296297 -0.283950
vn -0.950874 -0.308957 -0.019585
vn -0.501299 -0.000000 -0.865274
vn -0.025177 -0.000000 -0.999683
vn -0.023945 -0.007780 -0.999683
vn -0.476764 -0.154910 -0.865274
vn -0.950874 -0.308957 -0.019585
vn -0.911910 -0.296297 -0.283950
vn -0.775716 -0.563591 -0.283956
vn -0.808861 -0.587673 -0.019586
vn -0.476764 -0.154910 -0.865274
vn -0.023945 -0.007780 -0.999683
vn -0.020369 -0.014799 -0.999683
vn -0.405562 -0.294658 -0.865273
vn -0.808861 -0.587673 -0.019586
vn -0.775716 -0.563591 -0.283956
vn -0.563589 -0.775715 -0.283960
vn -0.587672 -0.808862 -0.019586
vn -0.405562 -0.294658 -0.865273
vn -0.020369 -0.014799 -0.999683
vn -0.014799 -0.020369 -0.999683
vn -0.294657 -0.405561 -0.865273
vn -0.587672 -0.808862 -0.019586
vn -0.563589 -0.775715 -0.283960
vn -0.296297 -0.911910 -0.283952
vn -0.308957 -0.950874 -0.019585
vn -0.294657 -0.405561 -0.865273
vn -0.014799 -0.020369 -0.999683
vn -0.007780 -0.023945 -0.999683
vn -0.154908 -0.476759 -0.865277
vn -0.308957 -0.950874 -0.019585
vn -0.296297 -0.911910 -0.283952
vn -0.000000 -0.958840 -0.283948
vn -0.000000 -0.999808 -0.019585
vn -0.154908 -0.476759 -0.865277
vn -0.007780 -0.023945 -0.999683
vn -0.000000 -0.025177 -0.999683
vn -0.000000 -0.501290 -0.865279
vn -0.000000 -0.999808 -0.019585
vn -0.000000 -0.958840 -0.283948
vn 0.296297 -0.911909 -0.283952
vn 0.308958 -0.950874 -0.019585
vn -0.000000 -0.501290 -0.865279
vn -0.000000 -0.025177 -0.999683
vn 0.007780 -0.023945 -0.999683
vn 0.154908 -0.476759 -0.865277
vn 0.308958 -0.950874 -0.019585
vn 0.296297 -0.911909 -0.283952
vn 0.563590 -0.775716 -0.283956
vn 0.587672 -0.808862 -0.019586
vn 0.154908 -0.476759 -0.865277
vn 0.007780 -0.023945 -0.999683
vn 0.014799 -0.020369 -0.999683
vn 0.294654 -0.405558 -0.865276
vn 0.587672 -0.808862 -0.019586
vn 0.563590 -0.775716 -0.283956
vn 0.775716 -0.563590 -0.283956
vn 0.808862 -0.587672 -0.019586
vn 0.294654 -0.405558 -0.865276
vn 0.014799 -0.020369 -0.999683
vn 0.020369 -0.014799 -0.999683
vn 0.405561 -0.294657 -0.865273
vn 0.808862 -0.587672 -0.019586
vn 0.775716 -0.563590 -0.283956
vn 0.911909 -0.296296 -0.283956
vn 0.950874 -0.308957 -0.019586
vn 0.405561 -0.294657 -0.865273
vn 0.020369 -0.014799 -0.999683
vn 0.023945 -0.007780 -0.999683
vn 0.476768 -0.154912 -0.865271
vn 0.950874 0.308957 0.019586
vn 0.911909 0.296296 0.283956
vn 0.958837 -0.000002 0.283956
vn 0.999808 -0.000002 0.019586
vn 0.476761 0.154909 0.865276
vn 0.023945 0.007780 0.999683
vn 0.025177 -0.000000 0.999683
vn 0.501299 -0.000000 0.865274
vn 0.999808 -0.000002 0.019586
vn 0.958837 -0.000002 0.283956
vn 0.911909 -0.296296 0.283956
vn 0.950874 -0.308957 0.019586
vn 0.501299 -0.000000 0.865274
vn 0.025177 -0.000000 0.999683
vn 0.023945 -0.007780 0.999683
vn 0.476769 -0.154912 0.865271
vn 0.023945 0.007780 0.999683
vn 0.476761 0.154909 0.865276
vn 0.405556 0.294653 0.865277
vn 0.020369 0.014799 0.999683
vn 0.911909 0.296296 0.283956
vn 0.950874 0.308957 0.019586
vn 0.808862 0.587672 0.019585
vn 0.775718 0.563592 0.283945
vn 0.020369 0.014799 0.999683
vn 0.405556 0.294653 0.865277
vn 0.294650 0.405552 0.865279
vn 0.014799 0.020369 0.999683
vn 0.775718 0.563592 0.283945
vn 0.808862 0.587672 0.019585
vn 0.587673 0.808862 0.019585
vn 0.563593 0.775719 0.283941
vn 0.014799 0.020369 0.999683
vn 0.294650 0.405552 0.865279
vn 0.154906 0.476751 0.865282
vn 0.007780 0.023945 0.999683
vn 0.563593 0.775719 0.283941
vn 0.587673 0.808862 0.019585
vn 0.308958 0.950874 0.019586
vn 0.296297 0.911906 0.283963
vn 0.007780 0.023945 0.999683
vn 0.154906 0.476751 0.865282
vn -0.000000 0.501286 0.865282
vn -0.000000 0.025177 0.999683
vn 0.296297 0.911906 0.283963
vn 0.308958 0.950874 0.019586
vn -0.000002 0.999808 0.019586
vn -0.000001 0.958835 0.283963
vn -0.000000 0.025177 0.999683
vn -0.000000 0.501286 0.865282
vn -0.154906 0.476751 0.865282
vn -0.007780 0.023945 0.999683
vn -0.000001 0.958835 0.283963
vn -0.000002 0.999808 0.019586
vn -0.308958 0.950874 0.019585
vn -0.296298 0.911910 0.283948
vn -0.007780 0.023945 0.999683
vn -0.154906 0.476751 0.865282
vn -0.294652 0.405556 0.865277
vn -0.014799 0.020369 0.999683
vn -0.296298 0.911910 0.283948
vn -0.308958 0.950874 0.019585
vn -0.587672 0.808863 0.019585
vn -0.563590 0.775719 0.283949
vn -0.014799 0.020369 0.999683
vn -0.294652 0.405556 0.865277
vn -0.405559 0.294656 0.865274
vn -0.020369 0.014799 0.999683
vn -0.563590 0.775719 0.283949
vn -0.587672 0.808863 0.019585
vn -0.808862 0.587672 0.019585
vn -0.775716 0.563591 0.283952
vn -0.020369 0.014799 0.999683
vn -0.405559 0.294656 0.865274
vn -0.476763 0.154909 0.865274
vn -0.023945 0.007780 0.999683
vn -0.775716 0.563591 0.283952
vn -0.808862 0.587672 0.019585
vn -0.950874 0.308957 0.019586
vn -0.911909 0.296297 0.283954
vn -0.023945 0.007780 0.999683
vn -0.476763 0.154909 0.865274
vn -0.501300 0.000000 0.865274
vn -0.025177 0.000000 0.999683
vn -0.911909 0.296297 0.283954
vn -0.950874 0.308957 0.019586
vn -0.999808 -0.000000 0.019585
vn -0.958839 -0.000000 0.283952
vn -0.025177 0.000000 0.999683
vn -0.501300 0.000000 0.865274
vn -0.476763 -0.154910 0.865274
vn -0.023945 -0.007780 0.999683
vn -0.958839 -0.000000 0.283952
vn -0.999808 -0.000000 0.019585
vn -0.950874 -0.308957 0.019585
vn -0.911910 -0.296297 0.283950
vn -0.023945 -0.007780 0.999683
vn -0.476763 -0.154910 0.865274
vn -0.405561 -0.294658 0.865273
vn -0.020369 -0.014799 0.999683
vn -0.911910 -0.296297 0.283950
vn -0.950874 -0.308957 0.019585
vn -0.808861 -0.587673 0.019586
vn -0.775716 -0.563590 0.283956
vn -0.020369 -0.014799 0.999683
vn -0.405561 -0.294658 0.865273
vn -0.294656 -0.405562 0.865273
vn -0.014799 -0.020369 0.999683
vn -0.775716 -0.563590 0.283956
vn -0.808861 -0.587673 0.019586
vn -0.587672 -0.808862 0.019586
vn -0.563589 -0.775715 0.283960
vn -0.014799 -0.020369 0.999683
vn -0.294656 -0.405562 0.865273
vn -0.154908 -0.476759 0.865277
vn -0.007780 -0.023945 0.999683
vn -0.563589 -0.775715 0.283960
vn -0.587672 -0.808862 0.019586
vn -0.308957 -0.950874 0.019585
vn -0.296297 -0.911910 0.283952
vn -0.007780 -0.023945 0.999683
vn -0.154908 -0.476759 0.865277
vn -0.000000 -0.501290 0.865279
vn -0.000000 -0.025177 0.999683
vn -0.296297 -0.911910 0.283952
vn -0.308957 -0.950874 0.019585
vn -0.000000 -0.999808 0.019585
vn 0.000000 -0.958840 0.283948
vn -0.000000 -0.025177 0.999683
vn -0.000000 -0.501290 0.865279
vn 0.154908 -0.476759 0.865277
vn 0.007780 -0.023945 0.999683
vn 0.000000 -0.958840 0.283948
vn -0.000000 -0.999808 0.019585
vn 0.308958 -0.950874 0.019585
vn 0.296297 -0.911909 0.283952
vn 0.007780 -0.023945 0.999683
vn 0.154908 -0.476759 0.865277
vn 0.294654 -0.405558 0.865276
vn 0.014799 -0.020369 0.999683
vn 0.296297 -0.911909 0.283952
vn 0.308958 -0.950874 0.019585
vn 0.587672 -0.808862 0.019586
vn 0.563590 -0.775716 0.283956
vn 0.014799 -0.020369 0.999683
vn 0.294654 -0.405558 0.865276
vn 0.405561 -0.294657 0.865273
vn 0.020369 -0.014799 0.999683
vn 0.563590 -0.775716 0.283956
vn 0.587672 -0.808862 0.019586
vn 0.808862 -0.587672 0.019586
vn 0.775716 -0.563590 0.283956
vn 0.020369 -0.014799 0.999683
vn 0.405561 -0.294657 0.865273
vn 0.476769 -0.154912 0.865271
vn 0.023945 -0.007780 0.999683
vn 0.775716 -0.563590 0.283956
vn 0.808862 -0.587672 0.019586
vn 0.950874 -0.308957 0.019586
vn 0.911909 -0.296296 0.283956
vn -0.012431 -0.004039 0.999915
vn -0.476768 -0.154912 0.865271
vn -0.501302 -0.000000 0.865272
vn -0.013071 -0.000000 0.999915
vn -0.911909 -0.296298 0.283954
vn -0.951001 -0.309000 0.010739
vn -0.999942 0.000000 0.010740
vn -0.958837 -0.000000 0.283957
vn -0.013071 -0.000000 0.999915
vn -0.501302 -0.000000 0.865272
vn -0.476767 0.154911 0.865272
vn -0.012431 0.004039 0.999915
vn -0.958837 -0.000000 0.283957
vn -0.999942 0.000000 0.010740
vn -0.951001 0.309000 0.010740
vn -0.911907 0.296298 0.283959
vn -0.951001 -0.309000 0.010739
vn -0.911909 -0.296298 0.283954
vn -0.775716 -0.563592 0.283952
vn -0.808970 -0.587752 0.010739
vn -0.476768 -0.154912 0.865271
vn -0.012431 -0.004039 0.999915
vn -0.010575 -0.007683 0.999915
vn -0.405558 -0.294654 0.865275
vn -0.808970 -0.587752 0.010739
vn -0.775716 -0.563592 0.283952
vn -0.563594 -0.775719 0.283941
vn -0.587752 -0.808970 0.010739
vn -0.405558 -0.294654 0.865275
vn -0.010575 -0.007683 0.999915
vn -0.007683 -0.010575 0.999915
vn -0.294652 -0.405553 0.865279
vn -0.587752 -0.808970 0.010739
vn -0.563594 -0.775719 0.283941
vn -0.296299 -0.911912 0.283941
vn -0.309000 -0.951001 0.010739
vn -0.294652 -0.405553 0.865279
vn -0.007683 -0.010575 0.999915
vn -0.004039 -0.012431 0.999915
vn -0.154910 -0.476762 0.865275
vn -0.309000 -0.951001 0.010739
vn -0.296299 -0.911912 0.283941
vn 0.000000 -0.958838 0.283952
vn 0.000000 -0.999942 0.010739
vn -0.154910 -0.476762 0.865275
vn -0.004039 -0.012431 0.999915
vn 0.000000 -0.013071 0.999915
vn 0.000000 -0.501302 0.865272
vn 0.000000 -0.999942 0.010739
vn 0.000000 -0.958838 0.283952
vn 0.296299 -0.911909 0.283951
vn 0.309000 -0.951001 0.010739
vn 0.000000 -0.501302 0.865272
vn 0.000000 -0.013071 0.999915
vn 0.004039 -0.012431 0.999915
vn 0.154910 -0.476762 0.865275
vn 0.309000 -0.951001 0.010739
vn 0.296299 -0.911909 0.283951
vn 0.563592 -0.775716 0.283952
vn 0.587752 -0.808970 0.010739
vn 0.154910 -0.476762 0.865275
vn 0.004039 -0.012431 0.999915
vn 0.007683 -0.010575 0.999915
vn 0.294653 -0.405552 0.865279
vn 0.587752 -0.808970 0.010739
vn 0.563592 -0.775716 0.283952
vn 0.775716 -0.563592 0.283952
vn 0.808970 -0.587752 0.010739
vn 0.294653 -0.405552 0.865279
vn 0.007683 -0.010575 0.999915
vn 0.010575 -0.007683 0.999915
vn 0.405555 -0.294653 0.865277
vn 0.808970 -0.587752 0.010739
vn 0.775716 -0.563592 0.283952
vn 0.911910 -0.296298 0.283952
vn 0.951002 -0.308999 0.010739
vn 0.405555 -0.294653 0.865277
vn 0.010575 -0.007683 0.999915
vn 0.012431 -0.004039 0.999915
vn 0.476764 -0.154910 0.865274
vn 0.951002 -0.308999 0.010739
vn 0.911910 -0.296298 0.283952
vn 0.958838 -0.000000 0.283953
vn 0.999942 -0.000000 0.010739
vn 0.476764 -0.154910 0.865274
vn 0.012431 -0.004039 0.999915
vn 0.013071 0.000000 0.999915
vn 0.501300 -0.000000 0.865274
vn 0.999942 -0.000000 0.010739
vn 0.958838 -0.000000 0.283953
vn 0.911909 0.296297 0.283955
vn 0.951002 0.308999 0.010739
vn 0.501300 -0.000000 0.865274
vn 0.013071 0.000000 0.999915
vn 0.012431 0.004039 0.999915
vn 0.476765 0.154910 0.865274
vn 0.951002 0.308999 0.010739
vn 0.911909 0.296297 0.283955
vn 0.775716 0.563591 0.283954
vn 0.808970 0.587752 0.010739
vn 0.476765 0.154910 0.865274
vn 0.012431 0.004039 0.999915
vn 0.010575 0.007683 0.999915
vn 0.405559 0.294656 0.865275
vn 0.808970 0.587752 0.010739
vn 0.775716 0.563591 0.283954
vn 0.563591 0.775715 0.283957
vn 0.587752 0.808970 0.010740
vn 0.405559 0.294656 0.865275
vn 0.010575 0.007683 0.999915
vn 0.007683 0.010575 0.999915
vn 0.294656 0.405557 0.865275
vn 0.587752 0.808970 0.010740
vn 0.563591 0.775715 0.283957
vn 0.296297 0.911908 0.283957
vn 0.308999 0.951002 0.010740
vn 0.294656 0.405557 0.865275
vn 0.007683 0.010575 0.999915
vn 0.004039 0.012431 0.999915
vn 0.154909 0.476762 0.865275
vn 0.308999 0.951002 0.010740
vn 0.296297 0.911908 0.283957
vn 0.000000 0.958840 0.283947
vn 0.000000 0.999942 0.010739
vn 0.154909 0.476762 0.865275
vn 0.004039 0.012431 0.999915
vn 0.000000 0.013071 0.999915
vn 0.000000 0.501293 0.865277
vn 0.000000 0.999942 0.010739
vn 0.000000 0.958840 0.283947
vn -0.296298 0.911911 0.283947
vn -0.308999 0.951002 0.010739
vn 0.000000 0.501293 0.865277
vn 0.000000 0.013071 0.999915
vn -0.004039 0.012431 0.999915
vn -0.154909 0.476762 0.865275
vn -0.308999 0.951002 0.010739
vn -0.296298 0.911911 0.283947
vn -0.563591 0.775717 0.283952
vn -0.587752 0.808970 0.010739
vn -0.154909 0.476762 0.865275
vn -0.004039 0.012431 0.999915
vn -0.007683 0.010575 0.999915
vn -0.294655 0.405558 0.865275
vn -0.587752 0.808970 0.010739
vn -0.563591 0.775717 0.283952
vn -0.775715 0.563591 0.283957
vn -0.808970 0.587752 0.010740
vn -0.294655 0.405558 0.865275
vn -0.007683 0.010575 0.999915
vn -0.010575 0.007683 0.999915
vn -0.405557 0.294655 0.865276
vn -0.808970 0.587752 0.010740
vn -0.775715 0.563591 0.283957
vn -0.911907 0.296298 0.283959
vn -0.951001 0.309000 0.010740
vn -0.405557 0.294655 0.865276
vn -0.010575 0.007683 0.999915
vn -0.012431 0.004039 0.999915
vn -0.476767 0.154911 0.865272
vn 0.951057 0.309017 0.000000
vn 0.809017 0.587785 0.000000
vn 0.808862 0.587672 0.019585
vn 0.950874 0.308957 0.019586
vn 1.000000 -0.000002 0.000000
vn 0.951057 0.309017 0.000000
vn 0.950874 0.308957 0.019586
vn 0.999808 -0.000002 0.019586
vn 0.951057 -0.309017 0.000000
vn 1.000000 -0.000002 0.000000
vn 0.999808 -0.000002 0.019586
vn 0.950874 -0.308957 0.019586
vn 0.809017 -0.587785 0.000000
vn 0.951057 -0.309017 0.000000
vn 0.950874 -0.308957 0.019586
vn 0.808862 -0.587672 0.019586
vn 0.587785 -0.809017 0.000000
vn 0.809017 -0.587785 0.000000
vn 0.808862 -0.587672 0.019586
vn 0.587672 -0.808862 0.019586
vn 0.309017 -0.951057 0.000000
vn 0.587785 -0.809017 0.000000
vn 0.587672 -0.808862 0.019586
vn 0.308958 -0.950874 0.019585
vn -0.000000 -1.000000 0.000000
vn 0.309017 -0.951057 0.000000
vn 0.308958 -0.950874 0.019585
vn -0.000000 -0.999808 0.019585
vn -0.309017 -0.951057 0.000000
vn -0.000000 -1.000000 0.000000
vn -0.000000 -0.999808 0.019585
vn -0.308957 -0.950874 0.019585
vn -0.587785 -0.809017 0.000000
vn -0.309017 -0.951057 0.000000
vn -0.308957 -0.950874 0.019585
vn -0.587672 -0.808862 0.019586
vn -0.809017 -0.587786 0.000000
vn -0.587785 -0.809017 0.000000
vn -0.587672 -0.808862 0.019586
vn -0.808861 -0.587673 0.019586
vn -0.951057 -0.309016 0.000000
vn -0.809017 -0.587786 0.000000
vn -0.808861 -0.587673 0.019586
vn -0.950874 -0.308957 0.019585
vn -1.000000 0.000000 0.000000
vn -0.951057 -0.309016 0.000000
vn -0.950874 -0.308957 0.019585
vn -0.999808 -0.000000 0.019585
vn -0.951057 0.309016 0.000000
vn -1.000000 0.000000 0.000000
vn -0.999808 -0.000000 0.019585
vn -0.950874 0.308957 0.019586
vn -0.809017 0.587785 0.000000
vn -0.951057 0.309016 0.000000
vn -0.950874 0.308957 0.019586
vn -0.808862 0.587672 0.019585
vn -0.587784 0.809018 0.000000
vn -0.809017 0.587785 0.000000
vn -0.808862 0.587672 0.019585
vn -0.587672 0.808863 0.019585
vn -0.309017 0.951057 0.000000
vn -0.587784 0.809018 0.000000
vn -0.587672 0.808863 0.019585
vn -0.308958 0.950874 0.019585
vn -0.000002 1.000000 0.000000
vn -0.309017 0.951057 0.000000
vn -0.308958 0.950874 0.019585
vn -0.000002 0.999808 0.019586
vn 0.309017 0.951057 0.000000
vn -0.000002 1.000000 0.000000
vn -0.000002 0.999808 0.019586
vn 0.308958 0.950874 0.019586
vn 0.587785 0.809017 0.000000
vn 0.309017 0.951057 0.000000
vn 0.308958 0.950874 0.019586
vn 0.587673 0.808862 0.019585
vn 0.809017 0.587785 0.000000
vn 0.587785 0.809017 0.000000
vn 0.587673 0.808862 0.019585
vn 0.808862 0.587672 0.019585
vn -0.491401 -0.870933 0.000000
vn -0.491401 -0.870933 0.000000
vn -0.490542 -0.871396 -0.006144
vn -0.002203 -0.999965 -0.008102
vn -0.999559 -0.029711 0.000000
vn -0.999559 -0.029711 0.000000
vn -0.892810 0.450360 -0.008121
vn -0.999568 -0.028737 -0.006150
vn -0.000097 -0.445332 0.895366
vn -0.000097 -0.445338 0.895362
vn 0.000676 -0.446457 0.894805
vn 0.001286 -0.011856 0.999929
vn 0.000053 -0.940666 0.339333
vn 0.000053 -0.940668 0.339329
vn 0.001156 -0.999959 0.009015
vn 0.000772 -0.940953 0.338535
vn -0.892812 0.450357 0.008119
vn -0.836377 0.430280 0.339606
vn -0.830391 0.443211 0.337660
vn -0.880988 0.473056 0.008881
vn -0.394832 0.188182 0.899275
vn -0.003499 -0.028798 0.999579
vn -0.001286 0.011856 0.999929
vn -0.393940 0.212996 0.894116
vn 0.727796 -0.685794 0.000000
vn 0.727796 -0.685794 0.000000
vn 0.728330 -0.685202 -0.005719
vn 0.880983 -0.473064 -0.008927
vn 0.268375 -0.963314 0.000000
vn 0.268375 -0.963314 0.000000
vn 0.001156 -0.999959 -0.009015
vn 0.267609 -0.963511 -0.005711
vn 0.001286 -0.011856 0.999929
vn 0.393938 -0.212996 0.894117
vn 0.394829 -0.188178 0.899277
vn 0.003499 0.028803 0.999579
vn 0.830400 -0.443216 0.337634
vn 0.880982 -0.473067 0.008893
vn 0.892913 -0.450156 0.008118
vn 0.836387 -0.430284 0.339577
vn -0.727000 0.686637 0.000044
vn -0.727002 0.686635 0.000044
vn -0.727499 0.686086 -0.005614
vn -0.881005 0.473023 -0.008878
vn -0.267267 0.963623 0.000025
vn -0.267270 0.963622 0.000025
vn -0.001155 0.999958 -0.009051
vn -0.266433 0.963836 -0.005746
vn -0.000053 0.940673 0.339315
vn -0.000053 0.940672 0.339318
vn 0.001079 0.940863 0.338786
vn 0.002232 0.999965 0.008110
vn 0.000097 0.445349 0.895357
vn 0.000097 0.445342 0.895360
vn 0.003499 0.028803 0.999579
vn 0.002263 0.445062 0.895497
vn 0.491416 0.870925 -0.000460
vn 0.491416 0.870925 -0.000460
vn 0.490562 0.871381 -0.006588
vn 0.002228 0.999964 -0.008231
vn 0.999559 0.029699 -0.000460
vn 0.999559 0.029699 -0.000460
vn 0.892893 -0.450194 -0.008244
vn 0.999565 0.028739 -0.006594
vn -0.881005 0.473023 -0.008878
vn -0.829880 0.442796 -0.339457
vn -0.835899 0.429855 -0.341318
vn -0.892810 0.450360 -0.008121
vn -0.392072 0.211997 -0.895174
vn -0.001282 0.011977 -0.999927
vn -0.003478 -0.028809 -0.999579
vn -0.393098 0.187160 -0.900247
vn 0.000122 0.449995 -0.893031
vn 0.000122 0.450000 -0.893028
vn 0.002311 0.449622 -0.893216
vn 0.003510 0.028859 -0.999577
vn -0.000010 0.941597 -0.336742
vn -0.000010 0.941598 -0.336740
vn 0.002228 0.999964 -0.008231
vn 0.001192 0.941766 -0.336266
vn 0.003510 0.028859 -0.999577
vn 0.399271 -0.190071 -0.896914
vn 0.397900 -0.214856 -0.891915
vn 0.001300 -0.011862 -0.999929
vn 0.837619 -0.429945 -0.336960
vn 0.892893 -0.450194 -0.008244
vn 0.880983 -0.473064 -0.008927
vn 0.831337 -0.443275 -0.335241
vn 0.000053 -0.940668 -0.339329
vn 0.000053 -0.940666 -0.339333
vn 0.000772 -0.940953 -0.338535
vn 0.001156 -0.999959 -0.009015
vn -0.000097 -0.445339 -0.895362
vn -0.000097 -0.445332 -0.895365
vn 0.001300 -0.011862 -0.999929
vn 0.000676 -0.446457 -0.894805
vn 0.000000 0.000000 1.000000
vn 0.000000 0.000000 1.000000
vn 0.001286 -0.011856 0.999929
vn 0.003499 0.028803 0.999579
vn 0.000000 1.000000 0.000000
vn 0.000000 1.000000 0.000000
vn 0.000000 1.000000 0.000000
vn 0.002228 0.999964 -0.008231
vn -0.000000 0.000000 -1.000000
vn -0.000000 0.000000 -1.000000
vn 0.003510 0.028859 -0.999577
vn 0.001300 -0.011862 -0.999929
vn 0.000000 -1.000000 0.000000
vn 0.000000 -1.000000 0.000000
vn 0.000000 -1.000000 0.000000
vn 0.001156 -0.999959 -0.009015
vn 0.885141 -0.465324 0.000000
vn 0.885141 -0.465324 0.000000
vn 0.880983 -0.473064 -0.008927
vn 0.892893 -0.450194 -0.008244
vn -0.892810 0.450360 -0.008121
vn -0.885141 0.465323 0.000000
vn -0.885141 0.465323 0.000000
vn -0.881005 0.473023 -0.008878
vn -0.836377 0.430280 0.339606
vn -0.892812 0.450357 0.008119
vn -0.999568 -0.028736 0.006151
vn -0.941556 0.025297 0.335906
vn -0.490541 -0.871396 0.006146
vn -0.002204 -0.999965 0.008102
vn -0.001079 -0.940862 0.338789
vn -0.415561 -0.845335 0.335734
vn -0.002262 -0.445054 0.895501
vn -0.003499 -0.028798 0.999579
vn -0.394832 0.188182 0.899275
vn -0.353178 -0.213669 0.910830
vn 0.000772 -0.940953 0.338535
vn 0.001156 -0.999959 0.009015
vn 0.267611 -0.963510 0.005709
vn 0.221076 -0.935735 0.274819
vn 0.728329 -0.685204 0.005717
vn 0.880982 -0.473067 0.008893
vn 0.830400 -0.443216 0.337634
vn 0.725573 -0.630769 0.275090
vn 0.393938 -0.212996 0.894117
vn 0.001286 -0.011856 0.999929
vn 0.000676 -0.446457 0.894805
vn 0.308476 -0.510140 0.802870
vn -0.000772 0.940954 0.338532
vn -0.001151 0.999959 0.009020
vn -0.266520 0.963812 0.005740
vn -0.221088 0.935727 0.274836
vn -0.727559 0.686021 0.005781
vn -0.880988 0.473056 0.008881
vn -0.830391 0.443211 0.337660
vn -0.725567 0.630772 0.275098
vn -0.393940 0.212996 0.894116
vn -0.001286 0.011856 0.999929
vn -0.000676 0.446466 0.894800
vn -0.308496 0.510136 0.802865
vn 0.836387 -0.430284 0.339577
vn 0.892913 -0.450156 0.008118
vn 0.999571 0.028741 0.005628
vn 0.941616 -0.025344 0.335734
vn 0.490567 0.871385 0.005622
vn 0.002232 0.999965 0.008110
vn 0.001079 0.940863 0.338786
vn 0.415567 0.845395 0.335577
vn 0.002263 0.445062 0.895497
vn 0.003499 0.028803 0.999579
vn 0.394829 -0.188178 0.899277
vn 0.353150 0.213657 0.910843
vn -0.000634 0.450963 -0.892542
vn -0.001282 0.011977 -0.999927
vn -0.392072 0.211997 -0.895174
vn -0.303379 0.510114 -0.804826
vn -0.829880 0.442796 -0.339457
vn -0.881005 0.473023 -0.008878
vn -0.727499 0.686086 -0.005614
vn -0.722756 0.632779 -0.277875
vn -0.266433 0.963836 -0.005746
vn -0.001155 0.999958 -0.009051
vn -0.000707 0.941846 -0.336044
vn -0.217042 0.936400 -0.275767
vn 0.999565 0.028739 -0.006594
vn 0.892893 -0.450194 -0.008244
vn 0.837619 -0.429945 -0.336960
vn 0.945474 -0.023086 -0.324878
vn 0.399271 -0.190071 -0.896914
vn 0.003510 0.028859 -0.999577
vn 0.002311 0.449622 -0.893216
vn 0.364201 0.220368 -0.904873
vn 0.001192 0.941766 -0.336266
vn 0.002228 0.999964 -0.008231
vn 0.490562 0.871381 -0.006588
vn 0.419344 0.847770 -0.324711
vn -0.001079 -0.940861 -0.338790
vn -0.002203 -0.999965 -0.008102
vn -0.490542 -0.871396 -0.006144
vn -0.415601 -0.845321 -0.335720
vn -0.999568 -0.028737 -0.006150
vn -0.892810 0.450360 -0.008121
vn -0.835899 0.429855 -0.341318
vn -0.941561 0.025251 -0.335894
vn -0.393098 0.187160 -0.900247
vn -0.003478 -0.028809 -0.999579
vn -0.002263 -0.445054 -0.895501
vn -0.353209 -0.213688 -0.910813
vn 0.831337 -0.443275 -0.335241
vn 0.880983 -0.473064 -0.008927
vn 0.728330 -0.685202 -0.005719
vn 0.725618 -0.630708 -0.275109
vn 0.267609 -0.963511 -0.005711
vn 0.001156 -0.999959 -0.009015
vn 0.000772 -0.940953 -0.338535
vn 0.221002 -0.935744 -0.274848
vn 0.000676 -0.446457 -0.894805
vn 0.001300 -0.011862 -0.999929
vn 0.397900 -0.214856 -0.891915
vn 0.308439 -0.510073 -0.802926
vn -0.100898 0.048868 0.993696
vn -0.020187 -0.006990 0.999772
vn 0.006607 0.004290 0.999969
vn 0.005071 -0.002375 0.999984
vn -0.020187 -0.006990 0.999772
vn -0.000118 -0.099233 0.995064
vn 0.000071 0.005493 0.999985
vn 0.006607 0.004290 0.999969
vn -0.900337 0.434955 0.014377
vn -0.846205 0.409605 0.340824
vn -0.845975 0.410559 0.340248
vn -0.899522 0.436696 0.012496
vn -0.362561 0.172483 0.915860
vn -0.100898 0.048868 0.993696
vn -0.116106 0.056455 0.991631
vn -0.354948 0.177374 0.917906
vn -0.002154 -0.999998 -0.000002
vn -0.486532 -0.873663 -0.000362
vn -0.475895 -0.879502 -0.000348
vn -0.002244 -0.999874 -0.015719
vn -0.999008 -0.044530 0.000362
vn -0.900393 0.435078 0.000035
vn -0.900334 0.434976 -0.013940
vn -0.998346 -0.057499 0.000380
vn -0.000118 -0.099233 0.995064
vn -0.003668 -0.412136 0.911115
vn 0.003567 -0.412670 0.910874
vn 0.000138 -0.098622 0.995125
vn 0.000080 -0.940722 0.339179
vn -0.002040 -0.999884 0.015114
vn 0.002244 -0.999874 0.015720
vn 0.001405 -0.940451 0.339926
vn 0.000138 -0.098622 0.995125
vn 0.019145 -0.008421 0.999781
vn -0.006601 0.004311 0.999969
vn -0.000073 0.005462 0.999985
vn 0.019145 -0.008421 0.999781
vn 0.102137 0.049497 0.993538
vn -0.005103 -0.002393 0.999984
vn -0.006601 0.004311 0.999969
vn 0.900393 0.435078 -0.000035
vn 0.999008 -0.044522 -0.000362
vn 0.999476 -0.032361 -0.000346
vn 0.900337 0.434955 -0.014377
vn 0.486529 -0.873664 0.000363
vn 0.002154 -0.999998 0.000002
vn 0.002040 -0.999884 -0.015113
vn 0.497837 -0.867271 0.000379
vn 0.102137 0.049497 0.993538
vn 0.364204 0.173164 0.915079
vn 0.358168 0.178707 0.916395
vn 0.116254 0.056557 0.991608
vn 0.846801 0.410053 0.338799
vn 0.900334 0.434975 0.013940
vn 0.899440 0.436842 0.013262
vn 0.845879 0.411816 0.338962
vn -0.000138 -0.098623 -0.995125
vn -0.019146 -0.008421 -0.999781
vn 0.006601 0.004311 -0.999969
vn 0.000073 0.005462 -0.999985
vn -0.019146 -0.008421 -0.999781
vn -0.102136 0.049497 -0.993538
vn 0.005103 -0.002393 -0.999984
vn 0.006601 0.004311 -0.999969
vn -0.002244 -0.999874 -0.015719
vn -0.001405 -0.940461 -0.339899
vn -0.000080 -0.940732 -0.339152
vn 0.002040 -0.999884 -0.015113
vn -0.003567 -0.412669 -0.910874
vn -0.000138 -0.098623 -0.995125
vn 0.000118 -0.099234 -0.995064
vn 0.003668 -0.412135 -0.911115
vn -0.102136 0.049497 -0.993538
vn -0.364203 0.173164 -0.915079
vn -0.358167 0.178707 -0.916395
vn -0.116254 0.056557 -0.991608
vn -0.846801 0.410053 -0.338799
vn -0.900334 0.434976 -0.013940
vn -0.899440 0.436842 -0.013262
vn -0.845879 0.411816 -0.338962
vn 0.100898 0.048868 -0.993696
vn 0.020186 -0.006990 -0.999772
vn -0.006607 0.004290 -0.999969
vn -0.005071 -0.002375 -0.999984
vn 0.020186 -0.006990 -0.999772
vn 0.000118 -0.099234 -0.995064
vn -0.000071 0.005493 -0.999985
vn -0.006607 0.004290 -0.999969
vn 0.900337 0.434955 -0.014377
vn 0.846206 0.409604 -0.340822
vn 0.845975 0.410558 -0.340247
vn 0.899523 0.436695 -0.012496
vn 0.362559 0.172482 -0.915861
vn 0.100898 0.048868 -0.993696
vn 0.116105 0.056455 -0.991631
vn 0.354946 0.177373 -0.917906
vn 0.116254 0.056557 0.991608
vn 0.001323 0.018986 0.999819
vn -0.000008 -0.006152 0.999981
vn -0.004097 -0.002068 0.999989
vn 0.001323 0.018986 0.999819
vn -0.116106 0.056455 0.991631
vn 0.004135 -0.002085 0.999989
vn -0.000008 -0.006152 0.999981
vn -0.524893 0.851168 -0.000652
vn -0.525964 0.850506 -0.000649
vn -0.542756 0.839890 -0.000609
vn -0.542756 0.839890 -0.000609
vn 0.525964 0.850506 0.000649
vn 0.524893 0.851168 0.000651
vn 0.507217 0.861818 0.000692
vn 0.507217 0.861818 0.000692
vn -0.116254 0.056557 -0.991608
vn -0.001323 0.018986 -0.999819
vn 0.000008 -0.006152 -0.999981
vn 0.004097 -0.002068 -0.999989
vn -0.001323 0.018986 -0.999819
vn 0.116105 0.056455 -0.991631
vn -0.004135 -0.002085 -0.999989
vn 0.000008 -0.006152 -0.999981
vn 0.901455 -0.432377 0.020699
vn 0.998689 0.051191 0.000000
vn 0.998689 0.051191 0.000000
vn 0.901455 -0.432381 -0.020622
vn 0.487176 0.873303 0.000000
vn 0.003948 0.999786 0.020322
vn 0.003951 0.999785 -0.020335
vn 0.487177 0.873304 0.000000
vn 0.005071 -0.002375 0.999984
vn 0.318204 -0.153281 0.935548
vn 0.317436 -0.154171 0.935663
vn 0.004135 -0.002085 0.999989
vn 0.815997 -0.388255 0.428261
vn 0.901455 -0.432377 0.020699
vn 0.899946 -0.435458 0.021758
vn 0.814771 -0.394239 0.425117
vn 0.003948 0.999786 0.020322
vn 0.006526 0.905875 0.423494
vn -0.006620 0.905904 0.423431
vn -0.003951 0.999785 0.020335
vn 0.000600 0.352193 0.935927
vn 0.000071 0.005493 0.999985
vn -0.000073 0.005462 0.999985
vn -0.000683 0.352220 0.935917
vn -0.003951 0.999785 0.020335
vn -0.487152 0.873317 0.000000
vn -0.487152 0.873317 0.000000
vn -0.003948 0.999786 -0.020322
vn -0.998690 0.051169 0.000000
vn -0.901455 -0.432380 0.020623
vn -0.901455 -0.432377 -0.020698
vn -0.998690 0.051169 0.000000
vn -0.901455 -0.432380 0.020623
vn -0.816373 -0.388541 0.427283
vn -0.815189 -0.394527 0.424046
vn -0.899946 -0.435461 0.021700
vn -0.318848 -0.153698 0.935261
vn -0.005103 -0.002393 0.999984
vn -0.004097 -0.002068 0.999989
vn -0.318142 -0.154618 0.935350
vn -0.531224 -0.847232 0.000000
vn -0.531224 -0.847232 0.000000
vn -0.531224 -0.847232 0.000000
vn -0.531224 -0.847232 0.000000
vn 0.531224 -0.847232 0.000000
vn 0.531224 -0.847232 0.000000
vn 0.531224 -0.847232 0.000000
vn 0.531224 -0.847232 0.000000
vn 0.004097 -0.002068 -0.999989
vn 0.318147 -0.154620 -0.935348
vn 0.318853 -0.153700 -0.935259
vn 0.005103 -0.002393 -0.999984
vn 0.815195 -0.394530 -0.424031
vn 0.899946 -0.435462 -0.021699
vn 0.901455 -0.432381 -0.020622
vn 0.816379 -0.388544 -0.427269
vn -0.899946 -0.435457 -0.021757
vn -0.814777 -0.394241 -0.425102
vn -0.816003 -0.388258 -0.428246
vn -0.901455 -0.432377 -0.020698
vn -0.317426 -0.154166 -0.935667
vn -0.004135 -0.002085 -0.999989
vn -0.005071 -0.002375 -0.999984
vn -0.318194 -0.153276 -0.935553
vn -0.003948 0.999786 -0.020322
vn -0.006526 0.905875 -0.423495
vn 0.006620 0.905904 -0.423431
vn 0.003951 0.999785 -0.020335
vn -0.000600 0.352181 -0.935932
vn -0.000071 0.005493 -0.999985
vn 0.000073 0.005462 -0.999985
vn 0.000683 0.352208 -0.935922
vn -0.002244 -0.999874 -0.015719
vn 0.002040 -0.999884 -0.015113
vn 0.002154 -0.999998 0.000002
vn -0.002154 -0.999998 -0.000002
vn 0.899591 0.436733 -0.000034
vn 0.900393 0.435078 -0.000035
vn 0.900337 0.434955 -0.014377
vn 0.899523 0.436695 -0.012496
vn -0.900334 0.434976 -0.013940
vn -0.900393 0.435078 0.000035
vn -0.899591 0.436734 0.000034
vn -0.899440 0.436842 -0.013262
vn -0.000118 -0.099233 0.995064
vn 0.000138 -0.098622 0.995125
vn -0.000073 0.005462 0.999985
vn 0.000071 0.005493 0.999985
vn 0.102137 0.049497 0.993538
vn 0.116254 0.056557 0.991608
vn -0.004097 -0.002068 0.999989
vn -0.005103 -0.002393 0.999984
vn -0.116106 0.056455 0.991631
vn -0.100898 0.048868 0.993696
vn 0.005071 -0.002375 0.999984
vn 0.004135 -0.002085 0.999989
vn 0.116105 0.056455 -0.991631
vn 0.100898 0.048868 -0.993696
vn -0.005071 -0.002375 -0.999984
vn -0.004135 -0.002085 -0.999989
vn 0.000118 -0.099234 -0.995064
vn -0.000138 -0.098623 -0.995125
vn 0.000073 0.005462 -0.999985
vn -0.000071 0.005493 -0.999985
vn -0.102136 0.049497 -0.993538
vn -0.116254 0.056557 -0.991608
vn 0.004097 -0.002068 -0.999989
vn 0.005103 -0.002393 -0.999984
vn -0.901455 -0.432380 0.020623
vn -0.899946 -0.435461 0.021700
vn -0.899946 -0.435457 -0.021757
vn -0.901455 -0.432377 -0.020698
vn 0.899946 -0.435458 0.021758
vn 0.901455 -0.432377 0.020699
vn 0.901455 -0.432381 -0.020622
vn 0.899946 -0.435462 -0.021699
vn 0.003948 0.999786 0.020322
vn -0.003951 0.999785 0.020335
vn -0.003948 0.999786 -0.020322
vn 0.003951 0.999785 -0.020335
vn -0.003668 -0.412136 0.911115
vn -0.000118 -0.099233 0.995064
vn -0.020187 -0.006990 0.999772
vn -0.208016 -0.091491 0.973837
vn -0.020187 -0.006990 0.999772
vn -0.100898 0.048868 0.993696
vn -0.362561 0.172483 0.915860
vn -0.208016 -0.091491 0.973837
vn -0.846205 0.409605 0.340824
vn -0.900337 0.434955 0.014377
vn -0.850324 0.006359 0.526221
vn -0.850324 0.006359 0.526221
vn -0.451569 -0.700874 0.552142
vn -0.451569 -0.700874 0.552142
vn -0.451569 -0.700874 0.552142
vn -0.451569 -0.700874 0.552142
vn 0.364204 0.173164 0.915079
vn 0.102137 0.049497 0.993538
vn 0.019145 -0.008421 0.999781
vn 0.199035 -0.105965 0.974247
vn 0.019145 -0.008421 0.999781
vn 0.000138 -0.098622 0.995125
vn 0.003567 -0.412670 0.910874
vn 0.199035 -0.105965 0.974247
vn 0.001405 -0.940451 0.339926
vn 0.002244 -0.999874 0.015720
vn 0.405520 -0.746395 0.527681
vn 0.405520 -0.746395 0.527681
vn 0.831045 -0.051590 0.553807
vn 0.900334 0.434975 0.013940
vn 0.846801 0.410053 0.338799
vn 0.831045 -0.051590 0.553807
vn -0.364203 0.173164 -0.915079
vn -0.102136 0.049497 -0.993538
vn -0.019146 -0.008421 -0.999781
vn -0.199034 -0.105965 -0.974247
vn -0.019146 -0.008421 -0.999781
vn -0.000138 -0.098623 -0.995125
vn -0.003567 -0.412669 -0.910874
vn -0.199034 -0.105965 -0.974247
vn -0.001405 -0.940461 -0.339899
vn -0.002244 -0.999874 -0.015719
vn -0.405523 -0.746393 -0.527683
vn -0.405523 -0.746393 -0.527683
vn -0.831044 -0.051601 -0.553808
vn -0.900334 0.434976 -0.013940
vn -0.846801 0.410053 -0.338799
vn -0.831044 -0.051601 -0.553808
vn 0.003668 -0.412135 -0.911115
vn 0.000118 -0.099234 -0.995064
vn 0.020186 -0.006990 -0.999772
vn 0.208018 -0.091491 -0.973837
vn 0.020186 -0.006990 -0.999772
vn 0.100898 0.048868 -0.993696
vn 0.362559 0.172482 -0.915861
vn 0.208018 -0.091491 -0.973837
vn 0.846206 0.409604 -0.340822
vn 0.900337 0.434955 -0.014377
vn 0.850313 0.006339 -0.526238
vn 0.850313 0.006339 -0.526238
vn 0.451584 -0.700849 -0.552161
vn 0.451584 -0.700849 -0.552161
vn 0.451584 -0.700849 -0.552161
vn 0.451584 -0.700849 -0.552161
vn -0.354948 0.177374 0.917906
vn -0.116106 0.056455 0.991631
vn 0.001323 0.018986 0.999819
vn 0.010734 0.180963 0.983431
vn 0.001323 0.018986 0.999819
vn 0.116254 0.056557 0.991608
vn 0.358168 0.178707 0.916395
vn 0.010734 0.180963 0.983431
vn 0.845879 0.411816 0.338962
vn 0.899440 0.436842 0.013262
vn 0.458703 0.661284 0.593544
vn 0.458703 0.661284 0.593544
vn -0.361945 0.680445 0.637174
vn -0.361945 0.680445 0.637174
vn -0.361945 0.680445 0.637174
vn -0.361945 0.680445 0.637174
vn 0.354946 0.177373 -0.917906
vn 0.116105 0.056455 -0.991631
vn -0.001323 0.018986 -0.999819
vn -0.010735 0.180962 -0.983432
vn -0.001323 0.018986 -0.999819
vn -0.116254 0.056557 -0.991608
vn -0.358167 0.178707 -0.916395
vn -0.010735 0.180962 -0.983432
vn -0.845879 0.411816 -0.338962
vn -0.899440 0.436842 -0.013262
vn -0.458691 0.661307 -0.593528
vn -0.458691 0.661307 -0.593528
vn 0.361950 0.680433 -0.637184
vn 0.361950 0.680433 -0.637184
vn 0.361950 0.680433 -0.637184
vn 0.361950 0.680433 -0.637184
vn 0.006526 0.905875 0.423494
vn 0.003948 0.999786 0.020322
vn 0.390822 0.706738 0.589729
vn 0.390822 0.706738 0.589729
vn 0.807701 0.046027 0.587793
vn 0.901455 -0.432377 0.020699
vn 0.815997 -0.388255 0.428261
vn 0.807701 0.046027 0.587793
vn 0.318204 -0.153281 0.935548
vn 0.005071 -0.002375 0.999984
vn 0.006607 0.004290 0.999969
vn 0.170880 0.109987 0.979134
vn 0.006607 0.004290 0.999969
vn 0.000071 0.005493 0.999985
vn 0.000600 0.352193 0.935927
vn 0.170880 0.109987 0.979134
vn -0.816373 -0.388541 0.427283
vn -0.901455 -0.432380 0.020623
vn -0.803987 0.047459 0.592751
vn -0.803987 0.047459 0.592751
vn -0.390868 0.710086 0.585662
vn -0.003951 0.999785 0.020335
vn -0.006620 0.905904 0.423431
vn -0.390868 0.710086 0.585662
vn -0.000683 0.352220 0.935917
vn -0.000073 0.005462 0.999985
vn -0.006601 0.004311 0.999969
vn -0.168884 0.112679 0.979174
vn -0.006601 0.004311 0.999969
vn -0.005103 -0.002393 0.999984
vn -0.318848 -0.153698 0.935261
vn -0.168884 0.112679 0.979174
vn 0.397231 -0.637502 0.660150
vn 0.397231 -0.637502 0.660150
vn 0.397231 -0.637502 0.660150
vn 0.397231 -0.637502 0.660150
vn -0.401635 -0.640334 0.654723
vn -0.401635 -0.640334 0.654723
vn -0.401635 -0.640334 0.654723
vn -0.401635 -0.640334 0.654723
vn -0.318142 -0.154618 0.935350
vn -0.004097 -0.002068 0.999989
vn -0.000008 -0.006152 0.999981
vn -0.001992 -0.165555 0.986198
vn -0.000008 -0.006152 0.999981
vn 0.004135 -0.002085 0.999989
vn 0.317436 -0.154171 0.935663
vn -0.001992 -0.165555 0.986198
vn -0.397223 -0.637487 -0.660169
vn -0.397223 -0.637487 -0.660169
vn -0.397223 -0.637487 -0.660169
vn -0.397223 -0.637487 -0.660169
vn 0.401630 -0.640344 -0.654716
vn 0.401630 -0.640344 -0.654716
vn 0.401630 -0.640344 -0.654716
vn 0.401630 -0.640344 -0.654716
vn 0.318147 -0.154620 -0.935348
vn 0.004097 -0.002068 -0.999989
vn 0.000008 -0.006152 -0.999981
vn 0.001993 -0.165556 -0.986198
vn 0.000008 -0.006152 -0.999981
vn -0.004135 -0.002085 -0.999989
vn -0.317426 -0.154166 -0.935667
vn 0.001993 -0.165556 -0.986198
vn -0.006526 0.905875 -0.423495
vn -0.003948 0.999786 -0.020322
vn -0.390809 0.706733 -0.589742
vn -0.390809 0.706733 -0.589742
vn -0.807701 0.046002 -0.587795
vn -0.901455 -0.432377 -0.020698
vn -0.816003 -0.388258 -0.428246
vn -0.807701 0.046002 -0.587794
vn -0.318194 -0.153276 -0.935553
vn -0.005071 -0.002375 -0.999984
vn -0.006607 0.004290 -0.999969
vn -0.170879 0.109984 -0.979134
vn -0.006607 0.004290 -0.999969
vn -0.000071 0.005493 -0.999985
vn -0.000600 0.352181 -0.935932
vn -0.170879 0.109984 -0.979134
vn 0.816379 -0.388544 -0.427269
vn 0.901455 -0.432381 -0.020622
vn 0.803986 0.047488 -0.592749
vn 0.803986 0.047488 -0.592749
vn 0.390877 0.710069 -0.585676
vn 0.003951 0.999785 -0.020335
vn 0.006620 0.905904 -0.423431
vn 0.390877 0.710069 -0.585676
vn 0.000683 0.352208 -0.935922
vn 0.000073 0.005462 -0.999985
vn 0.006601 0.004311 -0.999969
vn 0.168886 0.112679 -0.979174
vn 0.006601 0.004311 -0.999969
vn 0.005103 -0.002393 -0.999984
vn 0.318853 -0.153700 -0.935259
vn 0.168886 0.112679 -0.979174
vn -0.999475 -0.032406 0.000346
vn -0.900337 0.434955 0.014377
vn -0.900393 0.435078 0.000035
vn -0.999008 -0.044530 0.000362
vn -0.899591 0.436734 0.000034
vn -0.900393 0.435078 0.000035
vn -0.900337 0.434955 0.014377
vn -0.899522 0.436696 0.012496
vn -0.507217 0.861818 -0.000693
vn -0.507217 0.861818 -0.000693
vn -0.525964 0.850506 -0.000649
vn -0.524893 0.851168 -0.000652
vn 0.542756 0.839890 0.000609
vn 0.542756 0.839890 0.000609
vn 0.524893 0.851168 0.000651
vn 0.525964 0.850506 0.000649
vn 0.900334 0.434975 0.013940
vn 0.900393 0.435078 -0.000035
vn 0.899591 0.436733 -0.000034
vn 0.899440 0.436842 0.013262
vn 0.900334 0.434975 0.013940
vn 0.998344 -0.057529 -0.000380
vn 0.999008 -0.044522 -0.000362
vn 0.900393 0.435078 -0.000035
vn 0.475889 -0.879505 0.000347
vn 0.002244 -0.999874 0.015720
vn 0.002154 -0.999998 0.000002
vn 0.486529 -0.873664 0.000363
vn -0.002154 -0.999998 -0.000002
vn 0.002154 -0.999998 0.000002
vn 0.002244 -0.999874 0.015720
vn -0.002040 -0.999884 0.015114
vn -0.002040 -0.999884 0.015114
vn -0.497837 -0.867271 -0.000377
vn -0.486532 -0.873663 -0.000362
vn -0.002154 -0.999998 -0.000002
vn -0.061021 -0.000057 0.998137
vn -0.015895 -0.015483 0.999754
vn 0.006705 0.006690 0.999955
vn 0.006949 0.000038 0.999976
vn -0.015895 -0.015483 0.999754
vn -0.000052 -0.061257 0.998122
vn 0.000037 0.006968 0.999976
vn 0.006705 0.006690 0.999955
vn -0.999825 -0.001699 0.018627
vn -0.939169 -0.001149 0.343452
vn -0.939164 0.001091 0.343468
vn -0.999828 0.001690 0.018468
vn -0.414270 -0.001747 0.910152
vn -0.061021 -0.000057 0.998137
vn -0.061257 0.000052 0.998122
vn -0.414151 0.001768 0.910206
vn -0.001653 -0.999999 0.000000
vn -0.382595 -0.923916 -0.000095
vn -0.379241 -0.925298 -0.000096
vn -0.001699 -0.999825 -0.018628
vn -0.923921 -0.382583 0.000095
vn -0.999999 -0.001653 0.000000
vn -0.999828 -0.001690 -0.018467
vn -0.922490 -0.386021 0.000097
vn -0.000052 -0.061257 0.998122
vn -0.001768 -0.414156 0.910204
vn 0.001747 -0.414274 0.910150
vn 0.000057 -0.061021 0.998136
vn -0.001091 -0.939156 0.343490
vn -0.001690 -0.999828 0.018469
vn 0.001699 -0.999825 0.018629
vn 0.001149 -0.939162 0.343474
vn 0.000057 -0.061021 0.998136
vn 0.015483 -0.015895 0.999754
vn -0.006691 0.006705 0.999955
vn -0.000038 0.006949 0.999976
vn 0.015483 -0.015895 0.999754
vn 0.061256 -0.000052 0.998122
vn -0.006969 0.000037 0.999976
vn -0.006691 0.006705 0.999955
vn 0.999999 -0.001653 -0.000000
vn 0.923921 -0.382583 -0.000096
vn 0.925301 -0.379233 -0.000094
vn 0.999825 -0.001699 -0.018627
vn 0.382593 -0.923917 0.000096
vn 0.001653 -0.999999 0.000001
vn 0.001690 -0.999828 -0.018468
vn 0.386033 -0.922485 0.000096
vn 0.061256 -0.000052 0.998122
vn 0.414150 -0.001768 0.910207
vn 0.414268 0.001747 0.910153
vn 0.061021 0.000057 0.998136
vn 0.939164 -0.001091 0.343466
vn 0.999828 -0.001690 0.018467
vn 0.999825 0.001699 0.018627
vn 0.939170 0.001149 0.343450
vn -0.000057 0.061023 0.998136
vn -0.015484 0.015895 0.999754
vn 0.006690 -0.006705 0.999955
vn 0.000038 -0.006949 0.999976
vn -0.015484 0.015895 0.999754
vn -0.061257 0.000052 0.998122
vn 0.006969 -0.000037 0.999976
vn 0.006690 -0.006705 0.999955
vn -0.001699 0.999825 0.018629
vn -0.001149 0.939161 0.343474
vn 0.001091 0.939156 0.343490
vn 0.001690 0.999828 0.018469
vn -0.001747 0.414307 0.910135
vn -0.000057 0.061023 0.998136
vn 0.000052 0.061258 0.998122
vn 0.001768 0.414189 0.910189
vn -0.999999 0.001653 -0.000000
vn -0.923923 0.382578 -0.000095
vn -0.925303 0.379228 -0.000093
vn -0.999825 0.001699 -0.018627
vn -0.382606 0.923912 0.000094
vn -0.001653 0.999999 -0.000000
vn -0.001690 0.999828 -0.018471
vn -0.386033 0.922485 0.000094
vn 0.061021 0.000057 0.998136
vn 0.015895 0.015483 0.999754
vn -0.006704 -0.006690 0.999955
vn -0.006949 -0.000038 0.999976
vn 0.015895 0.015483 0.999754
vn 0.000052 0.061258 0.998122
vn -0.000037 -0.006968 0.999976
vn -0.006704 -0.006690 0.999955
vn 0.001653 0.999999 -0.000001
vn 0.382608 0.923911 -0.000093
vn 0.379266 0.925287 -0.000093
vn 0.001699 0.999825 -0.018630
vn 0.923923 0.382578 0.000095
vn 0.999999 0.001653 0.000000
vn 0.999828 0.001690 -0.018468
vn 0.922492 0.386016 0.000097
vn -0.061021 0.000057 -0.998137
vn -0.015895 0.015483 -0.999754
vn 0.006705 -0.006690 -0.999955
vn 0.006949 -0.000038 -0.999976
vn -0.015895 0.015483 -0.999754
vn -0.000052 0.061258 -0.998122
vn 0.000037 -0.006968 -0.999976
vn 0.006705 -0.006690 -0.999955
vn -0.999825 0.001699 -0.018627
vn -0.939170 0.001149 -0.343451
vn -0.939164 -0.001091 -0.343467
vn -0.999828 -0.001690 -0.018467
vn -0.414267 0.001747 -0.910154
vn -0.061021 0.000057 -0.998137
vn -0.061256 -0.000052 -0.998122
vn -0.414149 -0.001768 -0.910207
vn -0.000052 0.061258 -0.998122
vn -0.001768 0.414189 -0.910189
vn 0.001747 0.414307 -0.910135
vn 0.000057 0.061022 -0.998136
vn -0.001091 0.939156 -0.343491
vn -0.001690 0.999828 -0.018471
vn 0.001699 0.999825 -0.018630
vn 0.001149 0.939161 -0.343475
vn 0.000057 0.061022 -0.998136
vn 0.015483 0.015895 -0.999754
vn -0.006691 -0.006705 -0.999955
vn -0.000038 -0.006949 -0.999976
vn 0.015483 0.015895 -0.999754
vn 0.061256 0.000052 -0.998122
vn -0.006969 -0.000037 -0.999976
vn -0.006691 -0.006705 -0.999955
vn 0.061256 0.000052 -0.998122
vn 0.414151 0.001768 -0.910207
vn 0.414269 -0.001747 -0.910153
vn 0.061021 -0.000057 -0.998137
vn 0.939163 0.001091 -0.343470
vn 0.999828 0.001690 -0.018468
vn 0.999825 -0.001699 -0.018627
vn 0.939169 -0.001149 -0.343454
vn -0.000057 -0.061021 -0.998137
vn -0.015483 -0.015895 -0.999754
vn 0.006691 0.006705 -0.999955
vn 0.000038 0.006949 -0.999976
vn -0.015483 -0.015895 -0.999754
vn -0.061256 -0.000052 -0.998122
vn 0.006969 0.000037 -0.999976
vn 0.006691 0.006705 -0.999955
vn -0.001699 -0.999825 -0.018628
vn -0.001149 -0.939161 -0.343474
vn 0.001091 -0.939156 -0.343490
vn 0.001690 -0.999828 -0.018468
vn -0.001747 -0.414274 -0.910150
vn -0.000057 -0.061021 -0.998137
vn 0.000052 -0.061256 -0.998122
vn 0.001768 -0.414156 -0.910204
vn 0.061021 -0.000057 -0.998137
vn 0.015895 -0.015483 -0.999754
vn -0.006705 0.006690 -0.999955
vn -0.006949 0.000038 -0.999976
vn 0.015895 -0.015483 -0.999754
vn 0.000052 -0.061256 -0.998122
vn -0.000037 0.006968 -0.999976
vn -0.006705 0.006690 -0.999955
vn 0.999859 0.002319 0.016614
vn 0.923695 0.382618 0.019779
vn 0.923680 0.382650 -0.019833
vn 0.999860 0.002318 -0.016602
vn 0.382645 0.923683 0.019833
vn 0.002318 0.999859 0.016603
vn 0.002319 0.999859 -0.016615
vn 0.382614 0.923697 -0.019780
vn 0.006949 0.000038 0.999976
vn 0.394127 0.000514 0.919056
vn 0.394116 -0.000477 0.919061
vn 0.006969 -0.000037 0.999976
vn 0.926486 0.003114 0.376317
vn 0.999859 0.002319 0.016614
vn 0.999859 -0.002318 0.016602
vn 0.926478 -0.003080 0.376337
vn 0.002318 0.999859 0.016603
vn 0.003080 0.926473 0.376349
vn -0.003114 0.926481 0.376330
vn -0.002319 0.999859 0.016615
vn 0.000477 0.394120 0.919059
vn 0.000037 0.006968 0.999976
vn -0.000038 0.006949 0.999976
vn -0.000514 0.394131 0.919054
vn -0.002319 0.999859 0.016615
vn -0.382614 0.923697 0.019780
vn -0.382645 0.923683 -0.019833
vn -0.002318 0.999860 -0.016603
vn -0.923680 0.382650 0.019833
vn -0.999860 0.002318 0.016602
vn -0.999859 0.002319 -0.016614
vn -0.923695 0.382618 -0.019779
vn -0.999860 0.002318 0.016602
vn -0.926476 0.003080 0.376342
vn -0.926484 -0.003115 0.376322
vn -0.999859 -0.002319 0.016614
vn -0.394118 0.000477 0.919060
vn -0.006969 0.000037 0.999976
vn -0.006949 -0.000038 0.999976
vn -0.394129 -0.000514 0.919055
vn -0.999859 -0.002319 0.016614
vn -0.923699 -0.382609 0.019781
vn -0.923684 -0.382641 -0.019834
vn -0.999859 -0.002318 -0.016602
vn -0.382668 -0.923673 0.019836
vn -0.002318 -0.999860 0.016603
vn -0.002319 -0.999859 -0.016615
vn -0.382635 -0.923688 -0.019781
vn -0.002318 -0.999860 0.016603
vn -0.003080 -0.926472 0.376350
vn 0.003115 -0.926481 0.376330
vn 0.002319 -0.999859 0.016615
vn -0.000477 -0.394120 0.919059
vn -0.000037 -0.006968 0.999976
vn 0.000038 -0.006949 0.999976
vn 0.000514 -0.394131 0.919054
vn 0.002319 -0.999859 0.016615
vn 0.382635 -0.923688 0.019781
vn 0.382668 -0.923673 -0.019836
vn 0.002318 -0.999860 -0.016603
vn 0.923684 -0.382641 0.019834
vn 0.999859 -0.002318 0.016602
vn 0.999859 -0.002319 -0.016614
vn 0.923698 -0.382609 -0.019781
vn 0.006949 -0.000038 -0.999976
vn 0.394128 -0.000514 -0.919055
vn 0.394117 0.000477 -0.919060
vn 0.006969 0.000037 -0.999976
vn 0.926484 -0.003115 -0.376322
vn 0.999859 -0.002319 -0.016614
vn 0.999860 0.002318 -0.016602
vn 0.926476 0.003080 -0.376342
vn 0.002318 -0.999860 -0.016603
vn 0.003080 -0.926472 -0.376350
vn -0.003115 -0.926481 -0.376330
vn -0.002319 -0.999859 -0.016615
vn 0.000477 -0.394120 -0.919059
vn 0.000037 -0.006968 -0.999976
vn -0.000038 -0.006949 -0.999976
vn -0.000514 -0.394131 -0.919054
vn -0.999859 -0.002318 -0.016602
vn -0.926478 -0.003080 -0.376337
vn -0.926486 0.003114 -0.376317
vn -0.999859 0.002319 -0.016614
vn -0.394114 -0.000477 -0.919061
vn -0.006969 -0.000037 -0.999976
vn -0.006949 0.000038 -0.999976
vn -0.394125 0.000514 -0.919057
vn -0.002318 0.999860 -0.016603
vn -0.003080 0.926473 -0.376349
vn 0.003114 0.926481 -0.376329
vn 0.002319 0.999859 -0.016615
vn -0.000477 0.394120 -0.919059
vn -0.000037 0.006968 -0.999976
vn 0.000038 0.006949 -0.999976
vn 0.000514 0.394130 -0.919054
vn -0.001653 0.999999 -0.000000
vn 0.001653 0.999999 -0.000001
vn 0.001699 0.999825 -0.018630
vn -0.001690 0.999828 -0.018471
vn -0.001699 -0.999825 -0.018628
vn 0.001690 -0.999828 -0.018468
vn 0.001653 -0.999999 0.000001
vn -0.001653 -0.999999 0.000000
vn 0.999999 0.001653 0.000000
vn 0.999999 -0.001653 -0.000000
vn 0.999825 -0.001699 -0.018627
vn 0.999828 0.001690 -0.018468
vn -0.999828 -0.001690 -0.018467
vn -0.999999 -0.001653 0.000000
vn -0.999999 0.001653 -0.000000
vn -0.999825 0.001699 -0.018627
vn -0.000052 -0.061257 0.998122
vn 0.000057 -0.061021 0.998136
vn -0.000038 0.006949 0.999976
vn 0.000037 0.006968 0.999976
vn 0.061256 -0.000052 0.998122
vn 0.061021 0.000057 0.998136
vn -0.006949 -0.000038 0.999976
vn -0.006969 0.000037 0.999976
vn 0.000052 0.061258 0.998122
vn -0.000057 0.061023 0.998136
vn 0.000038 -0.006949 0.999976
vn -0.000037 -0.006968 0.999976
vn -0.061257 0.000052 0.998122
vn -0.061021 -0.000057 0.998137
vn 0.006949 0.000038 0.999976
vn 0.006969 -0.000037 0.999976
vn -0.000052 0.061258 -0.998122
vn 0.000057 0.061022 -0.998136
vn -0.000038 -0.006949 -0.999976
vn 0.000037 -0.006968 -0.999976
vn 0.061256 0.000052 -0.998122
vn 0.061021 -0.000057 -0.998137
vn -0.006949 0.000038 -0.999976
vn -0.006969 -0.000037 -0.999976
vn 0.000052 -0.061256 -0.998122
vn -0.000057 -0.061021 -0.998137
vn 0.000038 0.006949 -0.999976
vn -0.000037 0.006968 -0.999976
vn -0.061256 -0.000052 -0.998122
vn -0.061021 0.000057 -0.998137
vn 0.006949 -0.000038 -0.999976
vn 0.006969 0.000037 -0.999976
vn -0.999860 0.002318 0.016602
vn -0.999859 -0.002319 0.016614
vn -0.999859 -0.002318 -0.016602
vn -0.999859 0.002319 -0.016614
vn -0.002318 -0.999860 0.016603
vn 0.002319 -0.999859 0.016615
vn 0.002318 -0.999860 -0.016603
vn -0.002319 -0.999859 -0.016615
vn 0.999859 -0.002318 0.016602
vn 0.999859 0.002319 0.016614
vn 0.999860 0.002318 -0.016602
vn 0.999859 -0.002319 -0.016614
vn 0.002318 0.999859 0.016603
vn -0.002319 0.999859 0.016615
vn -0.002318 0.999860 -0.016603
vn 0.002319 0.999859 -0.016615
vn -0.001768 -0.414156 0.910204
vn -0.000052 -0.061257 0.998122
vn -0.015895 -0.015483 0.999754
vn -0.217618 -0.212040 0.952723
vn -0.015895 -0.015483 0.999754
vn -0.061021 -0.000057 0.998137
vn -0.414270 -0.001747 0.910152
vn -0.217618 -0.212040 0.952723
vn -0.939169 -0.001149 0.343452
vn -0.999825 -0.001699 0.018627
vn -0.833788 -0.335334 0.438575
vn -0.833788 -0.335334 0.438575
vn -0.352948 -0.822680 0.445674
vn -0.001690 -0.999828 0.018469
vn -0.001091 -0.939156 0.343490
vn -0.352948 -0.822680 0.445674
vn 0.414150 -0.001768 0.910207
vn 0.061256 -0.000052 0.998122
vn 0.015483 -0.015895 0.999754
vn 0.212037 -0.217606 0.952726
vn 0.015483 -0.015895 0.999754
vn 0.000057 -0.061021 0.998136
vn 0.001747 -0.414274 0.910150
vn 0.212037 -0.217606 0.952726
vn 0.001149 -0.939162 0.343474
vn 0.001699 -0.999825 0.018629
vn 0.335352 -0.833785 0.438569
vn 0.335352 -0.833785 0.438569
vn 0.822686 -0.352934 0.445674
vn 0.999828 -0.001690 0.018467
vn 0.939164 -0.001091 0.343466
vn 0.822686 -0.352934 0.445674
vn -0.414151 0.001768 0.910206
vn -0.061257 0.000052 0.998122
vn -0.015484 0.015895 0.999754
vn -0.212049 0.217613 0.952722
vn -0.015484 0.015895 0.999754
vn -0.000057 0.061023 0.998136
vn -0.001747 0.414307 0.910135
vn -0.212049 0.217613 0.952722
vn -0.001149 0.939161 0.343474
vn -0.001699 0.999825 0.018629
vn -0.335334 0.833772 0.438607
vn -0.335334 0.833772 0.438607
vn -0.822703 0.352930 0.445645
vn -0.999828 0.001690 0.018468
vn -0.939164 0.001091 0.343468
vn -0.822703 0.352930 0.445645
vn 0.001768 0.414189 0.910189
vn 0.000052 0.061258 0.998122
vn 0.015895 0.015483 0.999754
vn 0.217614 0.212039 0.952724
vn 0.015895 0.015483 0.999754
vn 0.061021 0.000057 0.998136
vn 0.414268 0.001747 0.910153
vn 0.217614 0.212039 0.952724
vn 0.939170 0.001149 0.343450
vn 0.999825 0.001699 0.018627
vn 0.833800 0.335334 0.438552
vn 0.833800 0.335334 0.438552
vn 0.352911 0.822688 0.445689
vn 0.001690 0.999828 0.018469
vn 0.001091 0.939156 0.343490
vn 0.352911 0.822688 0.445689
vn -0.001768 0.414189 -0.910189
vn -0.000052 0.061258 -0.998122
vn -0.015895 0.015483 -0.999754
vn -0.217613 0.212039 -0.952725
vn -0.015895 0.015483 -0.999754
vn -0.061021 0.000057 -0.998137
vn -0.414267 0.001747 -0.910154
vn -0.217613 0.212039 -0.952725
vn -0.939170 0.001149 -0.343451
vn -0.999825 0.001699 -0.018627
vn -0.833800 0.335334 -0.438552
vn -0.833800 0.335334 -0.438552
vn -0.352911 0.822688 -0.445689
vn -0.001690 0.999828 -0.018471
vn -0.001091 0.939156 -0.343491
vn -0.352911 0.822688 -0.445689
vn 0.414151 0.001768 -0.910207
vn 0.061256 0.000052 -0.998122
vn 0.015483 0.015895 -0.999754
vn 0.212048 0.217613 -0.952723
vn 0.015483 0.015895 -0.999754
vn 0.000057 0.061022 -0.998136
vn 0.001747 0.414307 -0.910135
vn 0.212048 0.217613 -0.952723
vn 0.001149 0.939161 -0.343475
vn 0.001699 0.999825 -0.018630
vn 0.335334 0.833772 -0.438607
vn 0.335334 0.833772 -0.438607
vn 0.822704 0.352930 -0.445645
vn 0.999828 0.001690 -0.018468
vn 0.939163 0.001091 -0.343470
vn 0.822704 0.352930 -0.445645
vn -0.414149 -0.001768 -0.910207
vn -0.061256 -0.000052 -0.998122
vn -0.015483 -0.015895 -0.999754
vn -0.212037 -0.217606 -0.952726
vn -0.015483 -0.015895 -0.999754
vn -0.000057 -0.061021 -0.998137
vn -0.001747 -0.414274 -0.910150
vn -0.212037 -0.217606 -0.952726
vn -0.001149 -0.939161 -0.343474
vn -0.001699 -0.999825 -0.018628
vn -0.335352 -0.833785 -0.438568
vn -0.335352 -0.833785 -0.438568
vn -0.822686 -0.352934 -0.445673
vn -0.999828 -0.001690 -0.018467
vn -0.939164 -0.001091 -0.343467
vn -0.822686 -0.352934 -0.445673
vn 0.001768 -0.414156 -0.910204
vn 0.000052 -0.061256 -0.998122
vn 0.015895 -0.015483 -0.999754
vn 0.217617 -0.212040 -0.952723
vn 0.015895 -0.015483 -0.999754
vn 0.061021 -0.000057 -0.998137
vn 0.414269 -0.001747 -0.910153
vn 0.217617 -0.212040 -0.952723
vn 0.939169 -0.001149 -0.343454
vn 0.999825 -0.001699 -0.018627
vn 0.833789 -0.335334 -0.438574
vn 0.833789 -0.335334 -0.438574
vn 0.352948 -0.822680 -0.445674
vn 0.001690 -0.999828 -0.018468
vn 0.001091 -0.939156 -0.343490
vn 0.352948 -0.822680 -0.445674
vn 0.003080 0.926473 0.376349
vn 0.002318 0.999859 0.016603
vn 0.382645 0.923683 0.019833
vn 0.340008 0.818644 0.462835
vn 0.923695 0.382618 0.019779
vn 0.999859 0.002319 0.016614
vn 0.926486 0.003114 0.376317
vn 0.820084 0.339737 0.460480
vn 0.394127 0.000514 0.919056
vn 0.006949 0.000038 0.999976
vn 0.006705 0.006690 0.999955
vn 0.207603 0.206024 0.956271
vn 0.006705 0.006690 0.999955
vn 0.000037 0.006968 0.999976
vn 0.000477 0.394120 0.919059
vn 0.207603 0.206024 0.956271
vn -0.926476 0.003080 0.376342
vn -0.999860 0.002318 0.016602
vn -0.923680 0.382650 0.019833
vn -0.818646 0.340019 0.462824
vn -0.382614 0.923697 0.019780
vn -0.002319 0.999859 0.016615
vn -0.003114 0.926481 0.376330
vn -0.339729 0.820078 0.460496
vn -0.000514 0.394131 0.919054
vn -0.000038 0.006949 0.999976
vn -0.006691 0.006705 0.999955
vn -0.206028 0.207607 0.956270
vn -0.006691 0.006705 0.999955
vn -0.006969 0.000037 0.999976
vn -0.394118 0.000477 0.919060
vn -0.206028 0.207607 0.956270
vn -0.003080 -0.926472 0.376350
vn -0.002318 -0.999860 0.016603
vn -0.382668 -0.923673 0.019836
vn -0.340026 -0.818604 0.462892
vn -0.923699 -0.382609 0.019781
vn -0.999859 -0.002319 0.016614
vn -0.926484 -0.003115 0.376322
vn -0.820076 -0.339724 0.460503
vn -0.394129 -0.000514 0.919055
vn -0.006949 -0.000038 0.999976
vn -0.006704 -0.006690 0.999955
vn -0.207602 -0.206018 0.956273
vn -0.006704 -0.006690 0.999955
vn -0.000037 -0.006968 0.999976
vn -0.000477 -0.394120 0.919059
vn -0.207602 -0.206018 0.956273
vn 0.926478 -0.003080 0.376337
vn 0.999859 -0.002318 0.016602
vn 0.923684 -0.382641 0.019834
vn 0.818629 -0.340002 0.462865
vn 0.382635 -0.923688 0.019781
vn 0.002319 -0.999859 0.016615
vn 0.003115 -0.926481 0.376330
vn 0.339736 -0.820067 0.460510
vn 0.000514 -0.394131 0.919054
vn 0.000038 -0.006949 0.999976
vn 0.006690 -0.006705 0.999955
vn 0.206018 -0.207595 0.956275
vn 0.006690 -0.006705 0.999955
vn 0.006969 -0.000037 0.999976
vn 0.394116 -0.000477 0.919061
vn 0.206018 -0.207595 0.956275
vn 0.003080 -0.926472 -0.376350
vn 0.002318 -0.999860 -0.016603
vn 0.382668 -0.923673 -0.019836
vn 0.340025 -0.818604 -0.462892
vn 0.923698 -0.382609 -0.019781
vn 0.999859 -0.002319 -0.016614
vn 0.926484 -0.003115 -0.376322
vn 0.820076 -0.339724 -0.460503
vn 0.394128 -0.000514 -0.919055
vn 0.006949 -0.000038 -0.999976
vn 0.006705 -0.006690 -0.999955
vn 0.207603 -0.206018 -0.956273
vn 0.006705 -0.006690 -0.999955
vn 0.000037 -0.006968 -0.999976
vn 0.000477 -0.394120 -0.919059
vn 0.207603 -0.206018 -0.956273
vn -0.926478 -0.003080 -0.376337
vn -0.999859 -0.002318 -0.016602
vn -0.923684 -0.382641 -0.019834
vn -0.818629 -0.340002 -0.462865
vn -0.382635 -0.923688 -0.019781
vn -0.002319 -0.999859 -0.016615
vn -0.003115 -0.926481 -0.376330
vn -0.339736 -0.820067 -0.460510
vn -0.000514 -0.394131 -0.919054
vn -0.000038 -0.006949 -0.999976
vn -0.006691 -0.006705 -0.999955
vn -0.206017 -0.207595 -0.956275
vn -0.006691 -0.006705 -0.999955
vn -0.006969 -0.000037 -0.999976
vn -0.394114 -0.000477 -0.919061
vn -0.206017 -0.207595 -0.956275
vn -0.003080 0.926473 -0.376349
vn -0.002318 0.999860 -0.016603
vn -0.382645 0.923683 -0.019833
vn -0.340008 0.818644 -0.462835
vn -0.923695 0.382618 -0.019779
vn -0.999859 0.002319 -0.016614
vn -0.926486 0.003114 -0.376317
vn -0.820084 0.339736 -0.460480
vn -0.394125 0.000514 -0.919057
vn -0.006949 0.000038 -0.999976
vn -0.006705 0.006690 -0.999955
vn -0.207603 0.206024 -0.956271
vn -0.006705 0.006690 -0.999955
vn -0.000037 0.006968 -0.999976
vn -0.000477 0.394120 -0.919059
vn -0.207603 0.206024 -0.956271
vn 0.926476 0.003080 -0.376342
vn 0.999860 0.002318 -0.016602
vn 0.923680 0.382650 -0.019833
vn 0.818646 0.340019 -0.462824
vn 0.382614 0.923697 -0.019780
vn 0.002319 0.999859 -0.016615
vn 0.003114 0.926481 -0.376329
vn 0.339729 0.820078 -0.460496
vn 0.000514 0.394130 -0.919054
vn 0.000038 0.006949 -0.999976
vn 0.006691 0.006705 -0.999955
vn 0.206028 0.207607 -0.956270
vn 0.006691 0.006705 -0.999955
vn 0.006969 0.000037 -0.999976
vn 0.394117 0.000477 -0.919060
vn 0.206028 0.207607 -0.956270
vn -0.925301 -0.379233 0.000094
vn -0.999825 -0.001699 0.018627
vn -0.999999 -0.001653 0.000000
vn -0.923921 -0.382583 0.000095
vn -0.999999 0.001653 -0.000000
vn -0.999999 -0.001653 0.000000
vn -0.999825 -0.001699 0.018627
vn -0.999828 0.001690 0.018468
vn -0.999828 0.001690 0.018468
vn -0.922492 0.386016 -0.000097
vn -0.923923 0.382578 -0.000095
vn -0.999999 0.001653 -0.000000
vn -0.379266 0.925287 0.000095
vn -0.001699 0.999825 0.018629
vn -0.001653 0.999999 -0.000000
vn -0.382606 0.923912 0.000094
vn -0.001699 0.999825 0.018629
vn 0.001690 0.999828 0.018469
vn 0.001653 0.999999 -0.000001
vn -0.001653 0.999999 -0.000000
vn 0.001690 0.999828 0.018469
vn 0.386038 0.922483 -0.000094
vn 0.382608 0.923911 -0.000093
vn 0.001653 0.999999 -0.000001
vn 0.925303 0.379228 0.000093
vn 0.999825 0.001699 0.018627
vn 0.999999 0.001653 0.000000
vn 0.923923 0.382578 0.000095
vn 0.999828 -0.001690 0.018467
vn 0.999999 -0.001653 -0.000000
vn 0.999999 0.001653 0.000000
vn 0.999825 0.001699 0.018627
vn 0.999828 -0.001690 0.018467
vn 0.922490 -0.386021 -0.000097
vn 0.923921 -0.382583 -0.000096
vn 0.999999 -0.001653 -0.000000
vn 0.379241 -0.925298 0.000096
vn 0.001699 -0.999825 0.018629
vn 0.001653 -0.999999 0.000001
vn 0.382593 -0.923917 0.000096
vn -0.001653 -0.999999 0.000000
vn 0.001653 -0.999999 0.000001
vn 0.001699 -0.999825 0.018629
vn -0.001690 -0.999828 0.018469
vn -0.001690 -0.999828 0.018469
vn -0.386038 -0.922483 -0.000095
vn -0.382595 -0.923916 -0.000095
vn -0.001653 -0.999999 0.000000
vn 0.032450 0.010543 -0.999418
vn 0.034120 -0.000000 -0.999418
vn -0.020118 0.000000 -0.999798
vn -0.019134 -0.006217 -0.999798
vn 0.027603 0.020055 -0.999418
vn 0.032450 0.010543 -0.999418
vn -0.019134 -0.006217 -0.999798
vn -0.016276 -0.011825 -0.999798
vn 0.020055 0.027603 -0.999418
vn 0.027603 0.020055 -0.999418
vn -0.016276 -0.011825 -0.999798
vn -0.011825 -0.016276 -0.999798
vn 0.010543 0.032449 -0.999418
vn 0.020055 0.027603 -0.999418
vn -0.011825 -0.016276 -0.999798
vn -0.006217 -0.019134 -0.999798
vn -0.000000 0.034120 -0.999418
vn 0.010543 0.032449 -0.999418
vn -0.006217 -0.019134 -0.999798
vn 0.000000 -0.020119 -0.999798
vn -0.010543 0.032449 -0.999418
vn -0.000000 0.034120 -0.999418
vn 0.000000 -0.020119 -0.999798
vn 0.006217 -0.019134 -0.999798
vn -0.020055 0.027603 -0.999418
vn -0.010543 0.032449 -0.999418
vn 0.006217 -0.019134 -0.999798
vn 0.011825 -0.016276 -0.999798
vn -0.027603 0.020055 -0.999418
vn -0.020055 0.027603 -0.999418
vn 0.011825 -0.016276 -0.999798
vn 0.016276 -0.011825 -0.999798
vn -0.032450 0.010543 -0.999418
vn -0.027603 0.020055 -0.999418
vn 0.016276 -0.011825 -0.999798
vn 0.019134 -0.006217 -0.999798
vn -0.034119 0.000000 -0.999418
vn -0.032450 0.010543 -0.999418
vn 0.019134 -0.006217 -0.999798
vn 0.020118 0.000000 -0.999798
vn -0.032450 -0.010543 -0.999418
vn -0.034119 0.000000 -0.999418
vn 0.020118 0.000000 -0.999798
vn 0.019134 0.006217 -0.999798
vn -0.027603 -0.020055 -0.999418
vn -0.032450 -0.010543 -0.999418
vn 0.019134 0.006217 -0.999798
vn 0.016276 0.011825 -0.999798
vn -0.020055 -0.027603 -0.999418
vn -0.027603 -0.020055 -0.999418
vn 0.016276 0.011825 -0.999798
vn 0.011825 0.016276 -0.999798
vn -0.010543 -0.032450 -0.999418
vn -0.020055 -0.027603 -0.999418
vn 0.011825 0.016276 -0.999798
vn 0.006217 0.019134 -0.999798
vn 0.000000 -0.034120 -0.999418
vn -0.010543 -0.032450 -0.999418
vn 0.006217 0.019134 -0.999798
vn 0.000000 0.020118 -0.999798
vn 0.010543 -0.032450 -0.999418
vn 0.000000 -0.034120 -0.999418
vn 0.000000 0.020118 -0.999798
vn -0.006217 0.019134 -0.999798
vn 0.020055 -0.027603 -0.999418
vn 0.010543 -0.032450 -0.999418
vn -0.006217 0.019134 -0.999798
vn -0.011825 0.016276 -0.999798
vn 0.027603 -0.020055 -0.999418
vn 0.020055 -0.027603 -0.999418
vn -0.011825 0.016276 -0.999798
vn -0.016276 0.011825 -0.999798
vn 0.032450 -0.010543 -0.999418
vn 0.027603 -0.020055 -0.999418
vn -0.016276 0.011825 -0.999798
vn -0.019134 0.006217 -0.999798
vn 0.034120 -0.000000 -0.999418
vn 0.032450 -0.010543 -0.999418
vn -0.019134 0.006217 -0.999798
vn -0.020118 0.000000 -0.999798
vn -0.019134 -0.006217 0.999798
vn -0.020118 0.000000 0.999798
vn 0.034119 -0.000000 0.999418
vn 0.032449 0.010543 0.999418
vn -0.016276 -0.011825 0.999798
vn -0.019134 -0.006217 0.999798
vn 0.032449 0.010543 0.999418
vn 0.027603 0.020055 0.999418
vn -0.011825 -0.016276 0.999798
vn -0.016276 -0.011825 0.999798
vn 0.027603 0.020055 0.999418
vn 0.020055 0.027603 0.999418
vn -0.006217 -0.019134 0.999798
vn -0.011825 -0.016276 0.999798
vn 0.020055 0.027603 0.999418
vn 0.010543 0.032449 0.999418
vn 0.000000 -0.020119 0.999798
vn -0.006217 -0.019134 0.999798
vn 0.010543 0.032449 0.999418
vn -0.000000 0.034120 0.999418
vn 0.006217 -0.019134 0.999798
vn 0.000000 -0.020119 0.999798
vn -0.000000 0.034120 0.999418
vn -0.010543 0.032449 0.999418
vn 0.011825 -0.016276 0.999798
vn 0.006217 -0.019134 0.999798
vn -0.010543 0.032449 0.999418
vn -0.020055 0.027603 0.999418
vn 0.016276 -0.011825 0.999798
vn 0.011825 -0.016276 0.999798
vn -0.020055 0.027603 0.999418
vn -0.027603 0.020055 0.999418
vn 0.019134 -0.006217 0.999798
vn 0.016276 -0.011825 0.999798
vn -0.027603 0.020055 0.999418
vn -0.032450 0.010543 0.999418
vn 0.020118 0.000000 0.999798
vn 0.019134 -0.006217 0.999798
vn -0.032450 0.010543 0.999418
vn -0.034119 0.000000 0.999418
vn 0.019134 0.006217 0.999798
vn 0.020118 0.000000 0.999798
vn -0.034119 0.000000 0.999418
vn -0.032449 -0.010543 0.999418
vn 0.016276 0.011825 0.999798
vn 0.019134 0.006217 0.999798
vn -0.032449 -0.010543 0.999418
vn -0.027603 -0.020055 0.999418
vn 0.011825 0.016276 0.999798
vn 0.016276 0.011825 0.999798
vn -0.027603 -0.020055 0.999418
vn -0.020055 -0.027603 0.999418
vn 0.006217 0.019134 0.999798
vn 0.011825 0.016276 0.999798
vn -0.020055 -0.027603 0.999418
vn -0.010543 -0.032450 0.999418
vn 0.000000 0.020118 0.999798
vn 0.006217 0.019134 0.999798
vn -0.010543 -0.032450 0.999418
vn 0.000000 -0.034120 0.999418
vn -0.006217 0.019134 0.999798
vn 0.000000 0.020118 0.999798
vn 0.000000 -0.034120 0.999418
vn 0.010543 -0.032450 0.999418
vn -0.011825 0.016276 0.999798
vn -0.006217 0.019134 0.999798
vn 0.010543 -0.032450 0.999418
vn 0.020055 -0.027603 0.999418
vn -0.016276 0.011825 0.999798
vn -0.011825 0.016276 0.999798
vn 0.020055 -0.027603 0.999418
vn 0.027603 -0.020055 0.999418
vn -0.019134 0.006217 0.999798
vn -0.016276 0.011825 0.999798
vn 0.027603 -0.020055 0.999418
vn 0.032449 -0.010543 0.999418
vn -0.020118 0.000000 0.999798
vn -0.019134 0.006217 0.999798
vn 0.032449 -0.010543 0.999418
vn 0.034119 -0.000000 0.999418
vn 0.950810 0.308937 -0.022767
vn 0.808807 0.587633 -0.022767
vn 0.809017 0.587785 0.000000
vn 0.951057 0.309017 0.000000
vn 0.808807 0.587633 -0.022767
vn 0.587633 0.808807 -0.022767
vn 0.587786 0.809017 0.000000
vn 0.809017 0.587785 0.000000
vn 0.587633 0.808807 -0.022767
vn 0.308937 0.950810 -0.022767
vn 0.309017 0.951057 0.000000
vn 0.587786 0.809017 0.000000
vn 0.308937 0.950810 -0.022767
vn -0.000002 0.999741 -0.022767
vn -0.000002 1.000000 0.000000
vn 0.309017 0.951057 0.000000
vn -0.000002 0.999741 -0.022767
vn -0.308937 0.950810 -0.022768
vn -0.309017 0.951057 0.000000
vn -0.000002 1.000000 0.000000
vn -0.308937 0.950810 -0.022768
vn -0.587632 0.808808 -0.022768
vn -0.587784 0.809018 0.000000
vn -0.309017 0.951057 0.000000
vn -0.587632 0.808808 -0.022768
vn -0.808807 0.587633 -0.022768
vn -0.809017 0.587785 0.000000
vn -0.587784 0.809018 0.000000
vn -0.808807 0.587633 -0.022768
vn -0.950810 0.308936 -0.022768
vn -0.951057 0.309016 0.000000
vn -0.809017 0.587785 0.000000
vn -0.950810 0.308936 -0.022768
vn -0.999741 0.000000 -0.022767
vn -1.000000 0.000000 0.000000
vn -0.951057 0.309016 0.000000
vn -0.999741 0.000000 -0.022767
vn -0.950810 -0.308936 -0.022767
vn -0.951057 -0.309016 0.000000
vn -1.000000 0.000000 0.000000
vn -0.950810 -0.308936 -0.022767
vn -0.808807 -0.587633 -0.022767
vn -0.809017 -0.587786 0.000000
vn -0.951057 -0.309016 0.000000
vn -0.808807 -0.587633 -0.022767
vn -0.587632 -0.808808 -0.022767
vn -0.587785 -0.809017 0.000000
vn -0.809017 -0.587786 0.000000
vn -0.587632 -0.808808 -0.022767
vn -0.308937 -0.950810 -0.022768
vn -0.309017 -0.951057 0.000000
vn -0.587785 -0.809017 0.000000
vn -0.308937 -0.950810 -0.022768
vn -0.000000 -0.999741 -0.022768
vn 0.000000 -1.000000 0.000000
vn -0.309017 -0.951057 0.000000
vn -0.000000 -0.999741 -0.022768
vn 0.308937 -0.950810 -0.022768
vn 0.309017 -0.951056 0.000000
vn 0.000000 -1.000000 0.000000
vn 0.308937 -0.950810 -0.022768
vn 0.587633 -0.808807 -0.022767
vn 0.587785 -0.809017 0.000000
vn 0.309017 -0.951056 0.000000
vn 0.587633 -0.808807 -0.022767
vn 0.808807 -0.587633 -0.022767
vn 0.809017 -0.587785 0.000000
vn 0.587785 -0.809017 0.000000
vn 0.808807 -0.587633 -0.022767
vn 0.950810 -0.308937 -0.022767
vn 0.951057 -0.309017 0.000000
vn 0.809017 -0.587785 0.000000
vn 0.950810 -0.308937 -0.022767
vn 0.999741 -0.000002 -0.022767
vn 1.000000 -0.000002 0.000000
vn 0.951057 -0.309017 0.000000
vn 0.999741 -0.000002 -0.022767
vn 0.950810 0.308937 -0.022767
vn 0.951057 0.309017 0.000000
vn 1.000000 -0.000002 0.000000
vn 0.000000 0.999896 -0.014438
vn 0.308985 0.950957 -0.014438
vn 0.308985 0.950957 0.014438
vn 0.000000 0.999896 0.014438
vn 0.308985 0.950957 -0.014438
vn 0.587725 0.808932 -0.014438
vn 0.587725 0.808932 0.014438
vn 0.308985 0.950957 0.014438
vn 0.587725 0.808932 -0.014438
vn 0.808932 0.587725 -0.014438
vn 0.808932 0.587725 0.014438
vn 0.587725 0.808932 0.014438
vn 0.808932 0.587725 -0.014438
vn 0.950957 0.308985 -0.014438
vn 0.950957 0.308985 0.014438
vn 0.808932 0.587725 0.014438
vn 0.950957 0.308985 -0.014438
vn 0.999896 0.000000 -0.014438
vn 0.999896 0.000000 0.014438
vn 0.950957 0.308985 0.014438
vn 0.999896 0.000000 -0.014438
vn 0.950957 -0.308985 -0.014438
vn 0.950957 -0.308985 0.014438
vn 0.999896 0.000000 0.014438
vn 0.950957 -0.308985 -0.014438
vn 0.808932 -0.587725 -0.014438
vn 0.808932 -0.587725 0.014438
vn 0.950957 -0.308985 0.014438
vn 0.808932 -0.587725 -0.014438
vn 0.587725 -0.808932 -0.014438
vn 0.587725 -0.808932 0.014438
vn 0.808932 -0.587725 0.014438
vn 0.587725 -0.808932 -0.014438
vn 0.308986 -0.950957 -0.014438
vn 0.308986 -0.950957 0.014438
vn 0.587725 -0.808932 0.014438
vn 0.308986 -0.950957 -0.014438
vn 0.000000 -0.999896 -0.014438
vn 0.000000 -0.999896 0.014438
vn 0.308986 -0.950957 0.014438
vn 0.000000 -0.999896 -0.014438
vn -0.308986 -0.950957 -0.014438
vn -0.308986 -0.950957 0.014438
vn 0.000000 -0.999896 0.014438
vn -0.308986 -0.950957 -0.014438
vn -0.587725 -0.808932 -0.014438
vn -0.587725 -0.808932 0.014438
vn -0.308986 -0.950957 0.014438
vn -0.587725 -0.808932 -0.014438
vn -0.808932 -0.587724 -0.014438
vn -0.808932 -0.587724 0.014438
vn -0.587725 -0.808932 0.014438
vn -0.808932 -0.587724 -0.014438
vn -0.950957 -0.308986 -0.014438
vn -0.950957 -0.308986 0.014438
vn -0.808932 -0.587724 0.014438
vn -0.950957 -0.308986 -0.014438
vn -0.999896 -0.000000 -0.014438
vn -0.999896 -0.000000 0.014438
vn -0.950957 -0.308986 0.014438
vn -0.999896 -0.000000 -0.014438
vn -0.950957 0.308986 -0.014439
vn -0.950957 0.308986 0.014439
vn -0.999896 -0.000000 0.014438
vn -0.950957 0.308986 -0.014439
vn -0.808932 0.587724 -0.014439
vn -0.808932 0.587724 0.014439
vn -0.950957 0.308986 0.014439
vn -0.808932 0.587724 -0.014439
vn -0.587725 0.808932 -0.014438
vn -0.587725 0.808932 0.014438
vn -0.808932 0.587724 0.014439
vn -0.587725 0.808932 -0.014438
vn -0.308985 0.950957 -0.014438
vn -0.308985 0.950957 0.014438
vn -0.587725 0.808932 0.014438
vn -0.308985 0.950957 -0.014438
vn 0.000000 0.999896 -0.014438
vn 0.000000 0.999896 0.014438
vn -0.308985 0.950957 0.014438
vn -0.019134 -0.006217 -0.999798
vn -0.378839 -0.123092 -0.917240
vn -0.322256 -0.234131 -0.917242
vn -0.016276 -0.011825 -0.999798
vn -0.884528 -0.287399 -0.367440
vn -0.950957 -0.308986 -0.014438
vn -0.808932 -0.587724 -0.014438
vn -0.752423 -0.546668 -0.367442
vn -0.016276 -0.011825 -0.999798
vn -0.322256 -0.234131 -0.917242
vn -0.234132 -0.322256 -0.917242
vn -0.011825 -0.016276 -0.999798
vn -0.752423 -0.546668 -0.367442
vn -0.808932 -0.587724 -0.014438
vn -0.587725 -0.808932 -0.014438
vn -0.546668 -0.752423 -0.367442
vn -0.950957 -0.308986 -0.014438
vn -0.884528 -0.287399 -0.367440
vn -0.930047 0.000000 -0.367441
vn -0.999896 -0.000000 -0.014438
vn -0.378839 -0.123092 -0.917240
vn -0.019134 -0.006217 -0.999798
vn -0.020118 0.000000 -0.999798
vn -0.398334 -0.000000 -0.917240
vn -0.011825 -0.016276 -0.999798
vn -0.234132 -0.322256 -0.917242
vn -0.123089 -0.378829 -0.917244
vn -0.006217 -0.019134 -0.999798
vn -0.546668 -0.752423 -0.367442
vn -0.587725 -0.808932 -0.014438
vn -0.308986 -0.950957 -0.014438
vn -0.287401 -0.884531 -0.367431
vn -0.006217 -0.019134 -0.999798
vn -0.123089 -0.378829 -0.917244
vn 0.000000 -0.398320 -0.917247
vn 0.000000 -0.020119 -0.999798
vn -0.287401 -0.884531 -0.367431
vn -0.308986 -0.950957 -0.014438
vn 0.000000 -0.999896 -0.014438
vn -0.000000 -0.930051 -0.367431
vn 0.000000 -0.020119 -0.999798
vn 0.000000 -0.398320 -0.917247
vn 0.123089 -0.378830 -0.917244
vn 0.006217 -0.019134 -0.999798
vn -0.000000 -0.930051 -0.367431
vn 0.000000 -0.999896 -0.014438
vn 0.308986 -0.950957 -0.014438
vn 0.287402 -0.884526 -0.367442
vn 0.006217 -0.019134 -0.999798
vn 0.123089 -0.378830 -0.917244
vn 0.234133 -0.322255 -0.917242
vn 0.011825 -0.016276 -0.999798
vn 0.287402 -0.884526 -0.367442
vn 0.308986 -0.950957 -0.014438
vn 0.587725 -0.808932 -0.014438
vn 0.546669 -0.752423 -0.367442
vn 0.011825 -0.016276 -0.999798
vn 0.234133 -0.322255 -0.917242
vn 0.322258 -0.234133 -0.917241
vn 0.016276 -0.011825 -0.999798
vn 0.546669 -0.752423 -0.367442
vn 0.587725 -0.808932 -0.014438
vn 0.808932 -0.587725 -0.014438
vn 0.752425 -0.546669 -0.367436
vn 0.016276 -0.011825 -0.999798
vn 0.322258 -0.234133 -0.917241
vn 0.378836 -0.123091 -0.917241
vn 0.019134 -0.006217 -0.999798
vn 0.752425 -0.546669 -0.367436
vn 0.808932 -0.587725 -0.014438
vn 0.950957 -0.308985 -0.014438
vn 0.884531 -0.287400 -0.367431
vn 0.019134 -0.006217 -0.999798
vn 0.378836 -0.123091 -0.917241
vn 0.398334 0.000000 -0.917241
vn 0.020118 0.000000 -0.999798
vn 0.884531 -0.287400 -0.367431
vn 0.950957 -0.308985 -0.014438
vn 0.999896 0.000000 -0.014438
vn 0.930050 -0.000000 -0.367434
vn 0.020118 0.000000 -0.999798
vn 0.398334 0.000000 -0.917241
vn 0.378839 0.123093 -0.917240
vn 0.019134 0.006217 -0.999798
vn 0.930050 -0.000000 -0.367434
vn 0.999896 0.000000 -0.014438
vn 0.950957 0.308985 -0.014438
vn 0.884527 0.287401 -0.367442
vn 0.019134 0.006217 -0.999798
vn 0.378839 0.123093 -0.917240
vn 0.322260 0.234136 -0.917240
vn 0.016276 0.011825 -0.999798
vn 0.884527 0.287401 -0.367442
vn 0.950957 0.308985 -0.014438
vn 0.808932 0.587725 -0.014438
vn 0.752423 0.546667 -0.367445
vn 0.016276 0.011825 -0.999798
vn 0.322260 0.234136 -0.917240
vn 0.234136 0.322259 -0.917240
vn 0.011825 0.016276 -0.999798
vn 0.752423 0.546667 -0.367445
vn 0.808932 0.587725 -0.014438
vn 0.587725 0.808932 -0.014438
vn 0.546668 0.752423 -0.367442
vn 0.011825 0.016276 -0.999798
vn 0.234136 0.322259 -0.917240
vn 0.123092 0.378839 -0.917240
vn 0.006217 0.019134 -0.999798
vn 0.546668 0.752423 -0.367442
vn 0.587725 0.808932 -0.014438
vn 0.308985 0.950957 -0.014438
vn 0.287401 0.884527 -0.367442
vn 0.006217 0.019134 -0.999798
vn 0.123092 0.378839 -0.917240
vn 0.000000 0.398336 -0.917239
vn 0.000000 0.020118 -0.999798
vn 0.287401 0.884527 -0.367442
vn 0.308985 0.950957 -0.014438
vn 0.000000 0.999896 -0.014438
vn -0.000000 0.930046 -0.367442
vn 0.000000 0.020118 -0.999798
vn 0.000000 0.398336 -0.917239
vn -0.123092 0.378838 -0.917240
vn -0.006217 0.019134 -0.999798
vn -0.000000 0.930046 -0.367442
vn 0.000000 0.999896 -0.014438
vn -0.308985 0.950957 -0.014438
vn -0.287399 0.884527 -0.367442
vn -0.006217 0.019134 -0.999798
vn -0.123092 0.378838 -0.917240
vn -0.234132 0.322256 -0.917242
vn -0.011825 0.016276 -0.999798
vn -0.287399 0.884527 -0.367442
vn -0.308985 0.950957 -0.014438
vn -0.587725 0.808932 -0.014438
vn -0.546668 0.752423 -0.367442
vn -0.011825 0.016276 -0.999798
vn -0.234132 0.322256 -0.917242
vn -0.322260 0.234136 -0.917240
vn -0.016276 0.011825 -0.999798
vn -0.546668 0.752423 -0.367442
vn -0.587725 0.808932 -0.014438
vn -0.808932 0.587724 -0.014439
vn -0.752422 0.546667 -0.367447
vn -0.016276 0.011825 -0.999798
vn -0.322260 0.234136 -0.917240
vn -0.378842 0.123094 -0.917239
vn -0.019134 0.006217 -0.999798
vn -0.752422 0.546667 -0.367447
vn -0.808932 0.587724 -0.014439
vn -0.950957 0.308986 -0.014439
vn -0.884524 0.287401 -0.367447
vn -0.999896 -0.000000 -0.014438
vn -0.930047 0.000000 -0.367441
vn -0.884524 0.287401 -0.367447
vn -0.950957 0.308986 -0.014439
vn -0.398334 -0.000000 -0.917240
vn -0.020118 0.000000 -0.999798
vn -0.019134 0.006217 -0.999798
vn -0.378842 0.123094 -0.917239
vn 0.032450 0.010543 -0.999418
vn 0.422800 0.137376 -0.895750
vn 0.444563 -0.000000 -0.895748
vn 0.034120 -0.000000 -0.999418
vn 0.898863 0.292059 -0.326721
vn 0.950810 0.308937 -0.022767
vn 0.999741 -0.000002 -0.022767
vn 0.945121 -0.000002 -0.326719
vn 0.034120 -0.000000 -0.999418
vn 0.444563 -0.000000 -0.895748
vn 0.422812 -0.137381 -0.895743
vn 0.032450 -0.010543 -0.999418
vn 0.945121 -0.000002 -0.326719
vn 0.999741 -0.000002 -0.022767
vn 0.950810 -0.308937 -0.022767
vn 0.898863 -0.292059 -0.326722
vn 0.950810 0.308937 -0.022767
vn 0.898863 0.292059 -0.326721
vn 0.764621 0.555530 -0.326714
vn 0.808807 0.587633 -0.022767
vn 0.422800 0.137376 -0.895750
vn 0.032450 0.010543 -0.999418
vn 0.027603 0.020055 -0.999418
vn 0.359666 0.261312 -0.895743
vn 0.808807 0.587633 -0.022767
vn 0.764621 0.555530 -0.326714
vn 0.555530 0.764620 -0.326714
vn 0.587633 0.808807 -0.022767
vn 0.359666 0.261312 -0.895743
vn 0.027603 0.020055 -0.999418
vn 0.020055 0.027603 -0.999418
vn 0.261316 0.359667 -0.895742
vn 0.587633 0.808807 -0.022767
vn 0.555530 0.764620 -0.326714
vn 0.292059 0.898862 -0.326723
vn 0.308937 0.950810 -0.022767
vn 0.261316 0.359667 -0.895742
vn 0.020055 0.027603 -0.999418
vn 0.010543 0.032449 -0.999418
vn 0.137380 0.422810 -0.895744
vn 0.308937 0.950810 -0.022767
vn 0.292059 0.898862 -0.326723
vn -0.000002 0.945120 -0.326723
vn -0.000002 0.999741 -0.022767
vn 0.137380 0.422810 -0.895744
vn 0.010543 0.032449 -0.999418
vn -0.000000 0.034120 -0.999418
vn -0.000001 0.444574 -0.895742
vn -0.000002 0.999741 -0.022767
vn -0.000002 0.945120 -0.326723
vn -0.292058 0.898859 -0.326732
vn -0.308937 0.950810 -0.022768
vn -0.000001 0.444574 -0.895742
vn -0.000000 0.034120 -0.999418
vn -0.010543 0.032449 -0.999418
vn -0.137381 0.422815 -0.895742
vn -0.308937 0.950810 -0.022768
vn -0.292058 0.898859 -0.326732
vn -0.555524 0.764616 -0.326733
vn -0.587632 0.808808 -0.022768
vn -0.137381 0.422815 -0.895742
vn -0.010543 0.032449 -0.999418
vn -0.020055 0.027603 -0.999418
vn -0.261314 0.359668 -0.895742
vn -0.587632 0.808808 -0.022768
vn -0.555524 0.764616 -0.326733
vn -0.764616 0.555528 -0.326728
vn -0.808807 0.587633 -0.022768
vn -0.261314 0.359668 -0.895742
vn -0.020055 0.027603 -0.999418
vn -0.027603 0.020055 -0.999418
vn -0.359666 0.261312 -0.895743
vn -0.808807 0.587633 -0.022768
vn -0.764616 0.555528 -0.326728
vn -0.898861 0.292057 -0.326729
vn -0.950810 0.308936 -0.022768
vn -0.359666 0.261312 -0.895743
vn -0.027603 0.020055 -0.999418
vn -0.032450 0.010543 -0.999418
vn -0.422810 0.137380 -0.895745
vn -0.950810 0.308936 -0.022768
vn -0.898861 0.292057 -0.326729
vn -0.945119 0.000000 -0.326725
vn -0.999741 0.000000 -0.022767
vn -0.422810 0.137380 -0.895745
vn -0.032450 0.010543 -0.999418
vn -0.034119 0.000000 -0.999418
vn -0.444568 0.000000 -0.895745
vn -0.999741 0.000000 -0.022767
vn -0.945119 0.000000 -0.326725
vn -0.898862 -0.292058 -0.326724
vn -0.950810 -0.308936 -0.022767
vn -0.444568 0.000000 -0.895745
vn -0.034119 0.000000 -0.999418
vn -0.032450 -0.010543 -0.999418
vn -0.422810 -0.137380 -0.895745
vn -0.950810 -0.308936 -0.022767
vn -0.898862 -0.292058 -0.326724
vn -0.764618 -0.555528 -0.326723
vn -0.808807 -0.587633 -0.022767
vn -0.422810 -0.137380 -0.895745
vn -0.032450 -0.010543 -0.999418
vn -0.027603 -0.020055 -0.999418
vn -0.359664 -0.261312 -0.895744
vn -0.808807 -0.587633 -0.022767
vn -0.764618 -0.555528 -0.326723
vn -0.555526 -0.764619 -0.326723
vn -0.587632 -0.808808 -0.022767
vn -0.359664 -0.261312 -0.895744
vn -0.027603 -0.020055 -0.999418
vn -0.020055 -0.027603 -0.999418
vn -0.261309 -0.359662 -0.895746
vn -0.587632 -0.808808 -0.022767
vn -0.555526 -0.764619 -0.326723
vn -0.292058 -0.898861 -0.326728
vn -0.308937 -0.950810 -0.022768
vn -0.261309 -0.359662 -0.895746
vn -0.020055 -0.027603 -0.999418
vn -0.010543 -0.032450 -0.999418
vn -0.137378 -0.422805 -0.895747
vn -0.308937 -0.950810 -0.022768
vn -0.292058 -0.898861 -0.326728
vn -0.000000 -0.945117 -0.326732
vn -0.000000 -0.999741 -0.022768
vn -0.137378 -0.422805 -0.895747
vn -0.010543 -0.032450 -0.999418
vn 0.000000 -0.034120 -0.999418
vn 0.000000 -0.444564 -0.895747
vn -0.000000 -0.999741 -0.022768
vn -0.000000 -0.945117 -0.326732
vn 0.292058 -0.898861 -0.326728
vn 0.308937 -0.950810 -0.022768
vn 0.000000 -0.444564 -0.895747
vn 0.000000 -0.034120 -0.999418
vn 0.010543 -0.032450 -0.999418
vn 0.137378 -0.422805 -0.895747
vn 0.308937 -0.950810 -0.022768
vn 0.292058 -0.898861 -0.326728
vn 0.555529 -0.764619 -0.326718
vn 0.587633 -0.808807 -0.022767
vn 0.137378 -0.422805 -0.895747
vn 0.010543 -0.032450 -0.999418
vn 0.020055 -0.027603 -0.999418
vn 0.261308 -0.359660 -0.895747
vn 0.587633 -0.808807 -0.022767
vn 0.555529 -0.764619 -0.326718
vn 0.764620 -0.555528 -0.326718
vn 0.808807 -0.587633 -0.022767
vn 0.261308 -0.359660 -0.895747
vn 0.020055 -0.027603 -0.999418
vn 0.027603 -0.020055 -0.999418
vn 0.359664 -0.261311 -0.895744
vn 0.808807 -0.587633 -0.022767
vn 0.764620 -0.555528 -0.326718
vn 0.898863 -0.292059 -0.326722
vn 0.950810 -0.308937 -0.022767
vn 0.359664 -0.261311 -0.895744
vn 0.027603 -0.020055 -0.999418
vn 0.032450 -0.010543 -0.999418
vn 0.422812 -0.137381 -0.895743
vn 0.950810 0.308936 0.022767
vn 0.898864 0.292059 0.326719
vn 0.945122 -0.000002 0.326718
vn 0.999741 -0.000002 0.022767
vn 0.422799 0.137376 0.895750
vn 0.032449 0.010543 0.999418
vn 0.034119 -0.000000 0.999418
vn 0.444562 -0.000000 0.895748
vn 0.999741 -0.000002 0.022767
vn 0.945122 -0.000002 0.326718
vn 0.898863 -0.292059 0.326721
vn 0.950810 -0.308936 0.022767
vn 0.444562 -0.000000 0.895748
vn 0.034119 -0.000000 0.999418
vn 0.032449 -0.010543 0.999418
vn 0.422811 -0.137381 0.895744
vn 0.032449 0.010543 0.999418
vn 0.422799 0.137376 0.895750
vn 0.359666 0.261312 0.895743
vn 0.027603 0.020055 0.999418
vn 0.898864 0.292059 0.326719
vn 0.950810 0.308936 0.022767
vn 0.808807 0.587633 0.022767
vn 0.764621 0.555530 0.326713
vn 0.027603 0.020055 0.999418
vn 0.359666 0.261312 0.895743
vn 0.261315 0.359667 0.895742
vn 0.020055 0.027603 0.999418
vn 0.764621 0.555530 0.326713
vn 0.808807 0.587633 0.022767
vn 0.587633 0.808807 0.022767
vn 0.555530 0.764620 0.326713
vn 0.020055 0.027603 0.999418
vn 0.261315 0.359667 0.895742
vn 0.137380 0.422810 0.895745
vn 0.010543 0.032449 0.999418
vn 0.555530 0.764620 0.326713
vn 0.587633 0.808807 0.022767
vn 0.308937 0.950810 0.022767
vn 0.292059 0.898862 0.326723
vn 0.010543 0.032449 0.999418
vn 0.137380 0.422810 0.895745
vn -0.000001 0.444574 0.895742
vn -0.000000 0.034120 0.999418
vn 0.292059 0.898862 0.326723
vn 0.308937 0.950810 0.022767
vn -0.000002 0.999741 0.022767
vn -0.000002 0.945120 0.326723
vn -0.000000 0.034120 0.999418
vn -0.000001 0.444574 0.895742
vn -0.137382 0.422815 0.895742
vn -0.010543 0.032449 0.999418
vn -0.000002 0.945120 0.326723
vn -0.000002 0.999741 0.022767
vn -0.308937 0.950810 0.022768
vn -0.292058 0.898859 0.326732
vn -0.010543 0.032449 0.999418
vn -0.137382 0.422815 0.895742
vn -0.261314 0.359668 0.895742
vn -0.020055 0.027603 0.999418
vn -0.292058 0.898859 0.326732
vn -0.308937 0.950810 0.022768
vn -0.587632 0.808808 0.022768
vn -0.555524 0.764617 0.326733
vn -0.020055 0.027603 0.999418
vn -0.261314 0.359668 0.895742
vn -0.359666 0.261312 0.895743
vn -0.027603 0.020055 0.999418
vn -0.555524 0.764617 0.326733
vn -0.587632 0.808808 0.022768
vn -0.808807 0.587633 0.022768
vn -0.764617 0.555527 0.326728
vn -0.027603 0.020055 0.999418
vn -0.359666 0.261312 0.895743
vn -0.422809 0.137380 0.895745
vn -0.032450 0.010543 0.999418
vn -0.764617 0.555527 0.326728
vn -0.808807 0.587633 0.022768
vn -0.950810 0.308936 0.022768
vn -0.898861 0.292057 0.326727
vn -0.032450 0.010543 0.999418
vn -0.422809 0.137380 0.895745
vn -0.444567 0.000000 0.895746
vn -0.034119 0.000000 0.999418
vn -0.898861 0.292057 0.326727
vn -0.950810 0.308936 0.022768
vn -0.999741 -0.000000 0.022767
vn -0.945120 -0.000000 0.326723
vn -0.034119 0.000000 0.999418
vn -0.444567 0.000000 0.895746
vn -0.422809 -0.137380 0.895745
vn -0.032449 -0.010543 0.999418
vn -0.945120 -0.000000 0.326723
vn -0.999741 -0.000000 0.022767
vn -0.950810 -0.308936 0.022767
vn -0.898863 -0.292058 0.326723
vn -0.032449 -0.010543 0.999418
vn -0.422809 -0.137380 0.895745
vn -0.359663 -0.261312 0.895745
vn -0.027603 -0.020055 0.999418
vn -0.898863 -0.292058 0.326723
vn -0.950810 -0.308936 0.022767
vn -0.808807 -0.587633 0.022767
vn -0.764618 -0.555529 0.326723
vn -0.027603 -0.020055 0.999418
vn -0.359663 -0.261312 0.895745
vn -0.261309 -0.359662 0.895746
vn -0.020055 -0.027603 0.999418
vn -0.764618 -0.555529 0.326723
vn -0.808807 -0.587633 0.022767
vn -0.587632 -0.808807 0.022767
vn -0.555526 -0.764620 0.326723
vn -0.020055 -0.027603 0.999418
vn -0.261309 -0.359662 0.895746
vn -0.137378 -0.422805 0.895747
vn -0.010543 -0.032450 0.999418
vn -0.555526 -0.764620 0.326723
vn -0.587632 -0.808807 0.022767
vn -0.308937 -0.950810 0.022768
vn -0.292058 -0.898861 0.326728
vn -0.010543 -0.032450 0.999418
vn -0.137378 -0.422805 0.895747
vn 0.000000 -0.444564 0.895747
vn 0.000000 -0.034120 0.999418
vn -0.292058 -0.898861 0.326728
vn -0.308937 -0.950810 0.022768
vn -0.000000 -0.999741 0.022768
vn -0.000000 -0.945117 0.326732
vn 0.000000 -0.034120 0.999418
vn 0.000000 -0.444564 0.895747
vn 0.137378 -0.422805 0.895747
vn 0.010543 -0.032450 0.999418
vn -0.000000 -0.945117 0.326732
vn -0.000000 -0.999741 0.022768
vn 0.308937 -0.950810 0.022768
vn 0.292058 -0.898861 0.326728
vn 0.010543 -0.032450 0.999418
vn 0.137378 -0.422805 0.895747
vn 0.261308 -0.359660 0.895747
vn 0.020055 -0.027603 0.999418
vn 0.292058 -0.898861 0.326728
vn 0.308937 -0.950810 0.022768
vn 0.587633 -0.808808 0.022767
vn 0.555528 -0.764620 0.326718
vn 0.020055 -0.027603 0.999418
vn 0.261308 -0.359660 0.895747
vn 0.359663 -0.261311 0.895745
vn 0.027603 -0.020055 0.999418
vn 0.555528 -0.764620 0.326718
vn 0.587633 -0.808808 0.022767
vn 0.808807 -0.587633 0.022767
vn 0.764620 -0.555528 0.326718
vn 0.027603 -0.020055 0.999418
vn 0.359663 -0.261311 0.895745
vn 0.422811 -0.137381 0.895744
vn 0.032449 -0.010543 0.999418
vn 0.764620 -0.555528 0.326718
vn 0.808807 -0.587633 0.022767
vn 0.950810 -0.308936 0.022767
vn 0.898863 -0.292059 0.326721
vn -0.019134 -0.006217 0.999798
vn -0.378839 -0.123092 0.917240
vn -0.398334 -0.000000 0.917240
vn -0.020118 0.000000 0.999798
vn -0.884528 -0.287400 0.367440
vn -0.950957 -0.308986 0.014438
vn -0.999896 -0.000000 0.014438
vn -0.930047 0.000000 0.367441
vn -0.020118 0.000000 0.999798
vn -0.398334 -0.000000 0.917240
vn -0.378842 0.123094 0.917239
vn -0.019134 0.006217 0.999798
vn -0.930047 0.000000 0.367441
vn -0.999896 -0.000000 0.014438
vn -0.950957 0.308986 0.014439
vn -0.884524 0.287401 0.367447
vn -0.950957 -0.308986 0.014438
vn -0.884528 -0.287400 0.367440
vn -0.752423 -0.546668 0.367442
vn -0.808932 -0.587724 0.014438
vn -0.378839 -0.123092 0.917240
vn -0.019134 -0.006217 0.999798
vn -0.016276 -0.011825 0.999798
vn -0.322256 -0.234131 0.917242
vn -0.808932 -0.587724 0.014438
vn -0.752423 -0.546668 0.367442
vn -0.546668 -0.752423 0.367441
vn -0.587725 -0.808932 0.014438
vn -0.322256 -0.234131 0.917242
vn -0.016276 -0.011825 0.999798
vn -0.011825 -0.016276 0.999798
vn -0.234132 -0.322256 0.917242
vn -0.587725 -0.808932 0.014438
vn -0.546668 -0.752423 0.367441
vn -0.287401 -0.884531 0.367431
vn -0.308986 -0.950957 0.014438
vn -0.234132 -0.322256 0.917242
vn -0.011825 -0.016276 0.999798
vn -0.006217 -0.019134 0.999798
vn -0.123089 -0.378829 0.917244
vn -0.308986 -0.950957 0.014438
vn -0.287401 -0.884531 0.367431
vn -0.000000 -0.930051 0.367431
vn 0.000000 -0.999896 0.014438
vn -0.123089 -0.378829 0.917244
vn -0.006217 -0.019134 0.999798
vn 0.000000 -0.020119 0.999798
vn 0.000000 -0.398320 0.917247
vn 0.000000 -0.999896 0.014438
vn -0.000000 -0.930051 0.367431
vn 0.287402 -0.884527 0.367441
vn 0.308986 -0.950957 0.014438
vn 0.000000 -0.398320 0.917247
vn 0.000000 -0.020119 0.999798
vn 0.006217 -0.019134 0.999798
vn 0.123089 -0.378830 0.917244
vn 0.308986 -0.950957 0.014438
vn 0.287402 -0.884527 0.367441
vn 0.546669 -0.752423 0.367442
vn 0.587725 -0.808932 0.014438
vn 0.123089 -0.378830 0.917244
vn 0.006217 -0.019134 0.999798
vn 0.011825 -0.016276 0.999798
vn 0.234133 -0.322255 0.917242
vn 0.587725 -0.808932 0.014438
vn 0.546669 -0.752423 0.367442
vn 0.752425 -0.546669 0.367436
vn 0.808932 -0.587725 0.014438
vn 0.234133 -0.322255 0.917242
vn 0.011825 -0.016276 0.999798
vn 0.016276 -0.011825 0.999798
vn 0.322258 -0.234133 0.917241
vn 0.808932 -0.587725 0.014438
vn 0.752425 -0.546669 0.367436
vn 0.884531 -0.287401 0.367431
vn 0.950957 -0.308985 0.014438
vn 0.322258 -0.234133 0.917241
vn 0.016276 -0.011825 0.999798
vn 0.019134 -0.006217 0.999798
vn 0.378836 -0.123091 0.917242
vn 0.950957 -0.308985 0.014438
vn 0.884531 -0.287401 0.367431
vn 0.930050 -0.000000 0.367434
vn 0.999896 0.000000 0.014438
vn 0.378836 -0.123091 0.917242
vn 0.019134 -0.006217 0.999798
vn 0.020118 0.000000 0.999798
vn 0.398334 -0.000000 0.917241
vn 0.999896 0.000000 0.014438
vn 0.930050 -0.000000 0.367434
vn 0.884526 0.287401 0.367442
vn 0.950957 0.308985 0.014438
vn 0.398334 -0.000000 0.917241
vn 0.020118 0.000000 0.999798
vn 0.019134 0.006217 0.999798
vn 0.378839 0.123093 0.917240
vn 0.950957 0.308985 0.014438
vn 0.884526 0.287401 0.367442
vn 0.752423 0.546667 0.367444
vn 0.808932 0.587725 0.014438
vn 0.378839 0.123093 0.917240
vn 0.019134 0.006217 0.999798
vn 0.016276 0.011825 0.999798
vn 0.322260 0.234136 0.917240
vn 0.808932 0.587725 0.014438
vn 0.752423 0.546667 0.367444
vn 0.546668 0.752423 0.367442
vn 0.587725 0.808932 0.014438
vn 0.322260 0.234136 0.917240
vn 0.016276 0.011825 0.999798
vn 0.011825 0.016276 0.999798
vn 0.234135 0.322259 0.917240
vn 0.587725 0.808932 0.014438
vn 0.546668 0.752423 0.367442
vn 0.287401 0.884527 0.367441
vn 0.308985 0.950957 0.014438
vn 0.234135 0.322259 0.917240
vn 0.011825 0.016276 0.999798
vn 0.006217 0.019134 0.999798
vn 0.123092 0.378839 0.917240
vn 0.308985 0.950957 0.014438
vn 0.287401 0.884527 0.367441
vn -0.000000 0.930046 0.367442
vn 0.000000 0.999896 0.014438
vn 0.123092 0.378839 0.917240
vn 0.006217 0.019134 0.999798
vn 0.000000 0.020118 0.999798
vn 0.000000 0.398336 0.917239
vn 0.000000 0.999896 0.014438
vn -0.000000 0.930046 0.367442
vn -0.287399 0.884527 0.367442
vn -0.308985 0.950957 0.014438
vn 0.000000 0.398336 0.917239
vn 0.000000 0.020118 0.999798
vn -0.006217 0.019134 0.999798
vn -0.123092 0.378838 0.917240
vn -0.308985 0.950957 0.014438
vn -0.287399 0.884527 0.367442
vn -0.546668 0.752424 0.367442
vn -0.587725 0.808932 0.014438
vn -0.123092 0.378838 0.917240
vn -0.006217 0.019134 0.999798
vn -0.011825 0.016276 0.999798
vn -0.234132 0.322256 0.917242
vn -0.587725 0.808932 0.014438
vn -0.546668 0.752424 0.367442
vn -0.752421 0.546667 0.367447
vn -0.808932 0.587724 0.014439
vn -0.234132 0.322256 0.917242
vn -0.011825 0.016276 0.999798
vn -0.016276 0.011825 0.999798
vn -0.322260 0.234136 0.917240
vn -0.808932 0.587724 0.014439
vn -0.752421 0.546667 0.367447
vn -0.884524 0.287401 0.367447
vn -0.950957 0.308986 0.014439
vn -0.322260 0.234136 0.917240
vn -0.016276 0.011825 0.999798
vn -0.019134 0.006217 0.999798
vn -0.378842 0.123094 0.917239
vn 0.951057 0.309017 0.000000
vn 0.809017 0.587785 0.000000
vn 0.808807 0.587633 0.022767
vn 0.950810 0.308936 0.022767
vn 1.000000 -0.000002 0.000000
vn 0.951057 0.309017 0.000000
vn 0.950810 0.308936 0.022767
vn 0.999741 -0.000002 0.022767
vn 0.951057 -0.309017 0.000000
vn 1.000000 -0.000002 0.000000
vn 0.999741 -0.000002 0.022767
vn 0.950810 -0.308936 0.022767
vn 0.809017 -0.587785 0.000000
vn 0.951057 -0.309017 0.000000
vn 0.950810 -0.308936 0.022767
vn 0.808807 -0.587633 0.022767
vn 0.587785 -0.809017 0.000000
vn 0.809017 -0.587785 0.000000
vn 0.808807 -0.587633 0.022767
vn 0.587633 -0.808808 0.022767
vn 0.309017 -0.951056 0.000000
vn 0.587785 -0.809017 0.000000
vn 0.587633 -0.808808 0.022767
vn 0.308937 -0.950810 0.022768
vn 0.000000 -1.000000 0.000000
vn 0.309017 -0.951056 0.000000
vn 0.308937 -0.950810 0.022768
vn -0.000000 -0.999741 0.022768
vn -0.309017 -0.951057 0.000000
vn 0.000000 -1.000000 0.000000
vn -0.000000 -0.999741 0.022768
vn -0.308937 -0.950810 0.022768
vn -0.587785 -0.809017 0.000000
vn -0.309017 -0.951057 0.000000
vn -0.308937 -0.950810 0.022768
vn -0.587632 -0.808807 0.022767
vn -0.809017 -0.587786 0.000000
vn -0.587785 -0.809017 0.000000
vn -0.587632 -0.808807 0.022767
vn -0.808807 -0.587633 0.022767
vn -0.951057 -0.309016 0.000000
vn -0.809017 -0.587786 0.000000
vn -0.808807 -0.587633 0.022767
vn -0.950810 -0.308936 0.022767
vn -1.000000 0.000000 0.000000
vn -0.951057 -0.309016 0.000000
vn -0.950810 -0.308936 0.022767
vn -0.999741 -0.000000 0.022767
vn -0.951057 0.309016 0.000000
vn -1.000000 0.000000 0.000000
vn -0.999741 -0.000000 0.022767
vn -0.950810 0.308936 0.022768
vn -0.809017 0.587785 0.000000
vn -0.951057 0.309016 0.000000
vn -0.950810 0.308936 0.022768
vn -0.808807 0.587633 0.022768
vn -0.587784 0.809018 0.000000
vn -0.809017 0.587785 0.000000
vn -0.808807 0.587633 0.022768
vn -0.587632 0.808808 0.022768
vn -0.309017 0.951057 0.000000
vn -0.587784 0.809018 0.000000
vn -0.587632 0.808808 0.022768
vn -0.308937 0.950810 0.022768
vn -0.000002 1.000000 0.000000
vn -0.309017 0.951057 0.000000
vn -0.308937 0.950810 0.022768
vn -0.000002 0.999741 0.022767
vn 0.309017 0.951057 0.000000
vn -0.000002 1.000000 0.000000
vn -0.000002 0.999741 0.022767
vn 0.308937 0.950810 0.022767
vn 0.587786 0.809017 0.000000
vn 0.309017 0.951057 0.000000
vn 0.308937 0.950810 0.022767
vn 0.587633 0.808807 0.022767
vn 0.809017 0.587785 0.000000
vn 0.587786 0.809017 0.000000
vn 0.587633 0.808807 0.022767
vn 0.808807 0.587633 0.022767
vn -0.714310 -0.699830 0.000000
vn -0.923884 -0.382674 0.000000
vn -0.922990 -0.384528 -0.015111
vn -0.713954 -0.699792 -0.023681
vn -0.923878 0.382686 0.000000
vn -0.715476 0.698637 0.000003
vn -0.715242 0.698473 -0.023762
vn -0.922985 0.384540 -0.015111
vn -0.009677 0.005882 0.999936
vn -0.301202 -0.296767 0.906205
vn -0.296767 -0.301201 0.906205
vn 0.006278 -0.009806 0.999932
vn -0.668279 -0.659362 0.344449
vn -0.713954 -0.699792 0.023679
vn -0.699792 -0.713954 0.023680
vn -0.659361 -0.668280 0.344448
vn -0.715255 0.698477 0.023248
vn -0.672179 0.657176 0.341021
vn -0.672819 0.656164 0.341707
vn -0.715204 0.698448 0.025584
vn -0.297417 0.290549 0.909464
vn -0.009677 0.005882 0.999936
vn -0.007181 0.007009 0.999950
vn -0.297026 0.290160 0.909716
vn 0.712199 -0.701978 0.000003
vn 0.382702 -0.923872 0.000000
vn 0.384554 -0.922979 -0.015112
vn 0.712038 -0.701763 -0.023041
vn -0.382696 -0.923874 0.000000
vn -0.699830 -0.714309 0.000000
vn -0.699792 -0.713954 -0.023679
vn -0.384547 -0.922982 -0.015110
vn 0.006278 -0.009806 0.999932
vn 0.294315 -0.289775 0.910719
vn 0.293841 -0.289438 0.910979
vn 0.007094 -0.006993 0.999950
vn 0.669259 -0.658662 0.343885
vn 0.712034 -0.701749 0.023572
vn 0.711991 -0.701710 0.025935
vn 0.668170 -0.659393 0.344600
vn -0.006215 0.009788 0.999933
vn -0.292979 0.290934 0.910780
vn -0.292509 0.290595 0.911039
vn -0.007102 0.007061 0.999950
vn -0.666354 0.661433 0.344206
vn -0.709034 0.704779 0.023619
vn -0.708991 0.704740 0.025942
vn -0.665280 0.662146 0.344913
vn 0.699792 0.713954 0.023682
vn 0.659354 0.668272 0.344477
vn 0.668272 0.659354 0.344478
vn 0.713954 0.699792 0.023681
vn 0.296777 0.301211 0.906198
vn -0.006215 0.009788 0.999933
vn 0.009680 -0.005958 0.999935
vn 0.301211 0.296776 0.906199
vn -0.709199 0.705008 0.000003
vn -0.382663 0.923888 0.000000
vn -0.384516 0.922995 -0.015113
vn -0.709038 0.704793 -0.023092
vn 0.382669 0.923885 0.000000
vn 0.699830 0.714309 0.000000
vn 0.699793 0.713953 -0.023679
vn 0.384525 0.922991 -0.015112
vn 0.712257 -0.701536 0.023201
vn 0.669442 -0.660138 0.340683
vn 0.670096 -0.659119 0.341370
vn 0.712205 -0.701506 0.025575
vn 0.296253 -0.291904 0.909410
vn 0.009680 -0.005958 0.999935
vn 0.007112 -0.007002 0.999950
vn 0.295867 -0.291514 0.909661
vn 0.714310 0.699830 0.000000
vn 0.923876 0.382691 0.000000
vn 0.922981 0.384549 -0.015109
vn 0.713954 0.699792 -0.023681
vn 0.923876 -0.382691 0.000000
vn 0.712476 -0.701696 0.000001
vn 0.712244 -0.701531 -0.023719
vn 0.922981 -0.384549 -0.015110
vn -0.709038 0.704793 -0.023092
vn -0.667377 0.662590 -0.339973
vn -0.666335 0.663283 -0.340668
vn -0.709007 0.704738 -0.025559
vn -0.295283 0.293400 -0.909244
vn -0.006128 0.009707 -0.999934
vn -0.006983 0.006944 -0.999951
vn -0.294886 0.293022 -0.909494
vn -0.006128 0.009707 -0.999934
vn 0.296777 0.301211 -0.906198
vn 0.301211 0.296776 -0.906198
vn 0.009761 -0.006043 -0.999934
vn 0.659362 0.668279 -0.344449
vn 0.699793 0.713953 -0.023679
vn 0.713954 0.699792 -0.023681
vn 0.668281 0.659360 -0.344448
vn 0.009761 -0.006043 -0.999934
vn 0.293778 -0.289639 -0.910936
vn 0.293430 -0.289176 -0.911195
vn 0.007231 -0.007121 -0.999949
vn 0.668283 -0.659132 -0.344880
vn 0.712244 -0.701531 -0.023719
vn 0.712207 -0.701490 -0.025945
vn 0.668955 -0.658083 -0.345580
vn -0.009786 0.005966 -0.999934
vn -0.295457 0.287547 -0.911055
vn -0.294577 0.287831 -0.911251
vn -0.007300 0.007129 -0.999948
vn -0.671021 0.656182 -0.345190
vn -0.715242 0.698473 -0.023762
vn -0.715206 0.698432 -0.025949
vn -0.671680 0.655138 -0.345889
vn -0.713954 -0.699792 -0.023681
vn -0.668280 -0.659361 -0.344449
vn -0.659362 -0.668279 -0.344449
vn -0.699792 -0.713954 -0.023679
vn -0.303500 -0.293390 -0.906537
vn -0.009786 0.005966 -0.999934
vn 0.006189 -0.009754 -0.999933
vn -0.293392 -0.303499 -0.906537
vn 0.712038 -0.701763 -0.023041
vn 0.670303 -0.659833 -0.339579
vn 0.669246 -0.660544 -0.340281
vn 0.712007 -0.701708 -0.025545
vn 0.295856 -0.292795 -0.909253
vn 0.006189 -0.009754 -0.999933
vn 0.006974 -0.006878 -0.999952
vn 0.296240 -0.291866 -0.909426
vn -0.711695 -0.702022 0.025605
vn -0.670533 -0.660491 0.337841
vn -0.669836 -0.661548 0.337156
vn -0.711749 -0.702053 0.023151
vn -0.297486 -0.293559 0.908474
vn -0.007026 -0.006927 0.999951
vn -0.009662 -0.005951 0.999936
vn -0.297860 -0.293946 0.908227
vn -0.715451 0.698663 0.000004
vn -0.925148 0.379607 0.000202
vn -0.923147 0.382976 -0.033597
vn -0.715206 0.698432 -0.025949
vn -0.922583 -0.385798 0.000110
vn -0.711928 -0.702253 0.000001
vn -0.711699 -0.702017 -0.025608
vn -0.921954 -0.385883 -0.033101
vn -0.000370 0.000001 1.000000
vn -0.006849 0.003774 0.999969
vn 0.003817 -0.007276 0.999966
vn -0.000000 -0.000388 1.000000
vn -0.006849 0.003774 0.999969
vn -0.007181 0.007009 0.999950
vn 0.007094 -0.006993 0.999950
vn 0.003817 -0.007276 0.999966
vn -0.007026 -0.006927 0.999951
vn -0.006921 -0.003781 0.999969
vn 0.003834 0.007008 0.999968
vn 0.006911 0.006883 0.999952
vn -0.006921 -0.003781 0.999969
vn -0.000370 0.000001 1.000000
vn 0.000000 0.000388 1.000000
vn 0.003834 0.007008 0.999968
vn -0.006923 -0.006989 0.999952
vn -0.294323 -0.296841 0.908438
vn -0.294725 -0.297215 0.908185
vn -0.005970 -0.009688 0.999935
vn -0.662104 -0.669034 0.337655
vn -0.703726 -0.710010 0.025603
vn -0.703761 -0.710060 0.023124
vn -0.663210 -0.668287 0.336965
vn -0.000000 -0.000388 1.000000
vn -0.003834 -0.007008 0.999968
vn 0.006921 0.003781 0.999969
vn 0.000370 -0.000001 1.000000
vn -0.003834 -0.007008 0.999968
vn -0.006923 -0.006989 0.999952
vn 0.006921 0.006915 0.999952
vn 0.006921 0.003781 0.999969
vn -0.703962 -0.710238 -0.000001
vn -0.385790 -0.922587 -0.000110
vn -0.388947 -0.920651 -0.033513
vn -0.703730 -0.710006 -0.025600
vn 0.379597 -0.925152 -0.000202
vn 0.712226 -0.701950 0.000002
vn 0.712007 -0.701708 -0.025545
vn 0.380084 -0.924379 -0.032550
vn 0.708496 0.705251 -0.025587
vn 0.666742 0.664661 -0.337166
vn 0.667821 0.663928 -0.336473
vn 0.708529 0.705305 -0.023055
vn 0.296498 0.295024 -0.908322
vn 0.006910 0.006883 -0.999952
vn 0.006098 0.009686 -0.999934
vn 0.296890 0.295391 -0.908075
vn -0.709007 0.704738 -0.025559
vn -0.380070 0.924385 -0.032554
vn -0.379582 0.925158 -0.000201
vn -0.709226 0.704981 0.000002
vn 0.388932 0.920657 -0.033513
vn 0.708496 0.705251 -0.025587
vn 0.708729 0.705481 0.000000
vn 0.385775 0.922593 -0.000110
vn -0.000001 0.000370 -1.000000
vn -0.003773 0.006849 -0.999969
vn 0.007277 -0.003817 -0.999966
vn 0.000388 0.000000 -1.000000
vn -0.003773 0.006849 -0.999969
vn -0.006983 0.006944 -0.999951
vn 0.007231 -0.007121 -0.999949
vn 0.007277 -0.003817 -0.999966
vn 0.006910 0.006883 -0.999952
vn 0.003780 0.006921 -0.999969
vn -0.007009 -0.003834 -0.999968
vn -0.007027 -0.006927 -0.999951
vn 0.003780 0.006921 -0.999969
vn -0.000001 0.000370 -1.000000
vn -0.000388 -0.000000 -1.000000
vn -0.007009 -0.003834 -0.999968
vn 0.006922 0.006915 -0.999952
vn 0.295696 0.295709 -0.908361
vn 0.296067 0.296114 -0.908109
vn 0.009699 0.006039 -0.999935
vn 0.666285 0.665037 -0.337328
vn 0.706990 0.706760 -0.025594
vn 0.707040 0.706796 -0.023078
vn 0.665520 0.666153 -0.336634
vn 0.000388 0.000000 -1.000000
vn 0.007008 0.003834 -0.999968
vn -0.003781 -0.006921 -0.999969
vn 0.000001 -0.000370 -1.000000
vn 0.007008 0.003834 -0.999968
vn 0.006922 0.006915 -0.999952
vn -0.006922 -0.006988 -0.999952
vn -0.003781 -0.006921 -0.999969
vn 0.706990 0.706760 -0.025594
vn 0.921956 0.385878 -0.033101
vn 0.922586 0.385792 0.000110
vn 0.707217 0.706997 0.000001
vn 0.923146 -0.382978 -0.033596
vn 0.712207 -0.701490 -0.025945
vn 0.712451 -0.701722 0.000002
vn 0.925147 -0.379608 0.000202
vn -0.007027 -0.006927 -0.999951
vn -0.297488 -0.293550 -0.908476
vn -0.297860 -0.293946 -0.908227
vn -0.009662 -0.005952 -0.999936
vn -0.670567 -0.660460 -0.337837
vn -0.711699 -0.702017 -0.025608
vn -0.711749 -0.702053 -0.023151
vn -0.669836 -0.661548 -0.337156
vn -0.007300 0.007129 -0.999948
vn -0.007276 0.003817 -0.999966
vn 0.003774 -0.006849 -0.999969
vn 0.006974 -0.006878 -0.999952
vn -0.007276 0.003817 -0.999966
vn -0.000388 -0.000000 -1.000000
vn 0.000001 -0.000370 -1.000000
vn 0.003774 -0.006849 -0.999969
vn -0.703730 -0.710006 -0.025600
vn -0.662136 -0.669001 -0.337660
vn -0.663210 -0.668287 -0.336965
vn -0.703761 -0.710060 -0.023124
vn -0.294338 -0.296844 -0.908432
vn -0.006922 -0.006988 -0.999952
vn -0.005970 -0.009688 -0.999935
vn -0.294730 -0.297219 -0.908182
vn 0.706986 0.706765 0.025591
vn 0.666252 0.665068 0.337332
vn 0.665521 0.666153 0.336634
vn 0.707040 0.706796 0.023078
vn 0.295695 0.295719 0.908358
vn 0.006921 0.006915 0.999952
vn 0.009699 0.006039 0.999935
vn 0.296068 0.296113 0.908108
vn 0.000370 -0.000001 1.000000
vn 0.006849 -0.003774 0.999969
vn -0.003817 0.007276 0.999966
vn 0.000000 0.000388 1.000000
vn 0.006849 -0.003774 0.999969
vn 0.007112 -0.007002 0.999950
vn -0.007102 0.007061 0.999950
vn -0.003817 0.007276 0.999966
vn 0.006911 0.006883 0.999952
vn 0.296489 0.295027 0.908325
vn 0.296890 0.295391 0.908075
vn 0.006098 0.009686 0.999934
vn 0.666716 0.664702 0.337136
vn 0.708492 0.705255 0.025590
vn 0.708528 0.705306 0.023055
vn 0.667827 0.663935 0.336448
vn 0.713887 -0.699861 -0.023681
vn 0.922990 -0.384528 -0.015111
vn 0.923884 -0.382673 0.000000
vn 0.714241 -0.699900 0.000000
vn 0.922985 0.384538 -0.015114
vn 0.707040 0.706796 -0.023078
vn 0.707259 0.706954 0.000000
vn 0.923879 0.382686 0.000000
vn 0.009699 0.006039 -0.999935
vn 0.301180 -0.296790 -0.906204
vn 0.296789 -0.301181 -0.906204
vn -0.005970 -0.009688 -0.999935
vn 0.668235 -0.659404 -0.344453
vn 0.713887 -0.699861 -0.023681
vn 0.699861 -0.713887 -0.023681
vn 0.659404 -0.668236 -0.344453
vn -0.703761 -0.710060 -0.023124
vn -0.384521 -0.922993 -0.015113
vn -0.382666 -0.923887 0.000000
vn -0.703919 -0.710280 0.000000
vn 0.384522 -0.922992 -0.015112
vn 0.699861 -0.713887 -0.023681
vn 0.699900 -0.714241 0.000000
vn 0.382668 -0.923886 0.000000
vn 0.713887 -0.699861 0.023681
vn 0.668235 -0.659405 0.344453
vn 0.659404 -0.668236 0.344453
vn 0.699861 -0.713887 0.023681
vn 0.301186 -0.296795 0.906201
vn 0.009699 0.006039 0.999935
vn -0.005970 -0.009688 0.999935
vn 0.296795 -0.301185 0.906201
vn 0.006098 0.009686 0.999934
vn -0.296801 0.301189 0.906198
vn -0.301192 0.296798 0.906198
vn -0.009662 -0.005951 0.999936
vn -0.659405 0.668228 0.344467
vn -0.699865 0.713883 0.023682
vn -0.713890 0.699857 0.023682
vn -0.668236 0.659397 0.344466
vn -0.699905 0.714236 0.000000
vn -0.382683 0.923880 0.000000
vn -0.384541 0.922984 -0.015113
vn -0.699865 0.713882 -0.023682
vn 0.382681 0.923881 0.000000
vn 0.708687 0.705523 0.000001
vn 0.708529 0.705305 -0.023055
vn 0.384531 0.922988 -0.015114
vn -0.699865 0.713882 -0.023682
vn -0.659404 0.668228 -0.344467
vn -0.668235 0.659397 -0.344467
vn -0.713891 0.699857 -0.023682
vn -0.296800 0.301189 -0.906198
vn 0.006098 0.009686 -0.999934
vn -0.009662 -0.005952 -0.999936
vn -0.301191 0.296797 -0.906198
vn -0.713891 0.699857 -0.023682
vn -0.922989 0.384530 -0.015112
vn -0.923883 0.382676 0.000000
vn -0.714244 0.699896 0.000000
vn -0.922989 -0.384529 -0.015115
vn -0.711749 -0.702053 -0.023151
vn -0.711970 -0.702210 0.000000
vn -0.923883 -0.382676 0.000000
vn 0.000370 -0.000001 1.000000
vn 0.000000 0.000388 1.000000
vn -0.000000 0.000000 1.000000
vn 0.699830 0.714309 0.000000
vn 0.714310 0.699830 0.000000
vn 0.713954 0.699792 -0.023681
vn 0.699793 0.713953 -0.023679
vn 0.000388 0.000000 -1.000000
vn -0.000000 0.000000 -1.000000
vn -0.000001 0.000370 -1.000000
vn -0.713954 -0.699792 -0.023681
vn -0.699792 -0.713954 -0.023679
vn -0.699830 -0.714309 0.000000
vn -0.714310 -0.699830 0.000000
vn 0.699861 -0.713887 -0.023681
vn 0.713887 -0.699861 -0.023681
vn 0.714241 -0.699900 0.000000
vn 0.699900 -0.714241 0.000000
vn -0.714244 0.699896 0.000000
vn -0.699905 0.714236 0.000000
vn -0.699865 0.713882 -0.023682
vn -0.713891 0.699857 -0.023682
vn -0.006128 0.009707 -0.999934
vn 0.009761 -0.006043 -0.999934
vn 0.007231 -0.007121 -0.999949
vn -0.006983 0.006944 -0.999951
vn 0.712476 -0.701696 0.000001
vn 0.712451 -0.701722 0.000002
vn 0.712207 -0.701490 -0.025945
vn 0.712244 -0.701531 -0.023719
vn -0.007102 0.007061 0.999950
vn 0.007112 -0.007002 0.999950
vn 0.009680 -0.005958 0.999935
vn -0.006215 0.009788 0.999933
vn -0.709007 0.704738 -0.025559
vn -0.709226 0.704981 0.000002
vn -0.709199 0.705008 0.000003
vn -0.709038 0.704793 -0.023092
vn -0.009677 0.005882 0.999936
vn 0.006278 -0.009806 0.999932
vn 0.007094 -0.006993 0.999950
vn -0.007181 0.007009 0.999950
vn 0.712226 -0.701950 0.000002
vn 0.712199 -0.701978 0.000003
vn 0.712038 -0.701763 -0.023041
vn 0.712007 -0.701708 -0.025545
vn -0.007300 0.007129 -0.999948
vn 0.006974 -0.006878 -0.999952
vn 0.006189 -0.009754 -0.999933
vn -0.009786 0.005966 -0.999934
vn -0.715242 0.698473 -0.023762
vn -0.715476 0.698637 0.000003
vn -0.715451 0.698663 0.000004
vn -0.715206 0.698432 -0.025949
vn -0.006922 -0.006988 -0.999952
vn 0.006922 0.006915 -0.999952
vn 0.009699 0.006039 -0.999935
vn -0.005970 -0.009688 -0.999935
vn 0.706990 0.706760 -0.025594
vn 0.707217 0.706997 0.000001
vn 0.707259 0.706954 0.000000
vn 0.707040 0.706796 -0.023078
vn 0.006921 0.006915 0.999952
vn -0.006923 -0.006989 0.999952
vn -0.005970 -0.009688 0.999935
vn 0.009699 0.006039 0.999935
vn -0.703919 -0.710280 0.000000
vn -0.703962 -0.710238 -0.000001
vn -0.703730 -0.710006 -0.025600
vn -0.703761 -0.710060 -0.023124
vn 0.708687 0.705523 0.000001
vn 0.708729 0.705481 0.000000
vn 0.708496 0.705251 -0.025587
vn 0.708529 0.705305 -0.023055
vn 0.006910 0.006883 -0.999952
vn -0.007027 -0.006927 -0.999951
vn -0.009662 -0.005952 -0.999936
vn 0.006098 0.009686 -0.999934
vn -0.711699 -0.702017 -0.025608
vn -0.711928 -0.702253 0.000001
vn -0.711970 -0.702210 0.000000
vn -0.711749 -0.702053 -0.023151
vn -0.007026 -0.006927 0.999951
vn 0.006911 0.006883 0.999952
vn 0.006098 0.009686 0.999934
vn -0.009662 -0.005951 0.999936
vn -0.672179 0.657176 0.341021
vn -0.715255 0.698477 0.023248
vn -0.922985 0.384538 0.015112
vn -0.867660 0.402340 0.292043
vn -0.922990 -0.384528 0.015110
vn -0.713954 -0.699792 0.023679
vn -0.668279 -0.659362 0.344449
vn -0.867644 -0.402380 0.292035
vn -0.301202 -0.296767 0.906205
vn -0.009677 0.005882 0.999936
vn -0.504087 -0.000027 0.863653
vn -0.659361 -0.668280 0.344448
vn -0.699792 -0.713954 0.023680
vn -0.384552 -0.922980 0.015110
vn -0.402393 -0.867642 0.292023
vn 0.384556 -0.922978 0.015112
vn 0.712034 -0.701749 0.023572
vn 0.669259 -0.658662 0.343885
vn 0.402396 -0.867634 0.292043
vn 0.294315 -0.289775 0.910719
vn 0.006278 -0.009806 0.999932
vn 0.000007 -0.504059 0.863669
vn -0.384518 0.922994 0.015113
vn -0.709034 0.704779 0.023619
vn -0.666354 0.661433 0.344206
vn -0.402360 0.867644 0.292063
vn -0.292979 0.290934 0.910780
vn -0.006215 0.009788 0.999933
vn -0.000001 0.504076 0.863660
vn 0.659354 0.668272 0.344477
vn 0.699792 0.713954 0.023682
vn 0.384522 0.922992 0.015112
vn 0.402370 0.867645 0.292046
vn 0.301211 0.296776 0.906199
vn 0.009680 -0.005958 0.999935
vn 0.504093 0.000036 0.863649
vn 0.669442 -0.660138 0.340683
vn 0.712257 -0.701536 0.023201
vn 0.922986 -0.384538 0.015111
vn 0.867666 -0.402333 0.292034
vn 0.922985 0.384540 0.015111
vn 0.713954 0.699792 0.023681
vn 0.668272 0.659354 0.344478
vn 0.867639 0.402374 0.292058
vn 0.296777 0.301211 -0.906198
vn -0.006128 0.009707 -0.999934
vn 0.000027 0.504078 -0.863658
vn -0.667377 0.662590 -0.339973
vn -0.709038 0.704793 -0.023092
vn -0.384516 0.922995 -0.015113
vn -0.402319 0.867659 -0.292076
vn 0.384525 0.922991 -0.015112
vn 0.699793 0.713953 -0.023679
vn 0.659362 0.668279 -0.344449
vn 0.402355 0.867649 -0.292053
vn 0.922981 -0.384549 -0.015110
vn 0.712244 -0.701531 -0.023719
vn 0.668283 -0.659132 -0.344880
vn 0.867658 -0.402367 -0.292010
vn 0.293778 -0.289639 -0.910936
vn 0.009761 -0.006043 -0.999934
vn 0.504058 -0.000003 -0.863670
vn 0.668281 0.659360 -0.344448
vn 0.713954 0.699792 -0.023681
vn 0.922981 0.384549 -0.015109
vn 0.867651 0.402384 -0.292008
vn -0.922985 0.384540 -0.015111
vn -0.715242 0.698473 -0.023762
vn -0.671021 0.656182 -0.345190
vn -0.867643 0.402381 -0.292035
vn -0.295457 0.287547 -0.911055
vn -0.009786 0.005966 -0.999934
vn -0.303500 -0.293390 -0.906537
vn -0.504069 0.000000 -0.863663
vn -0.668280 -0.659361 -0.344449
vn -0.713954 -0.699792 -0.023681
vn -0.922990 -0.384528 -0.015111
vn -0.867647 -0.402370 -0.292041
vn -0.293392 -0.303499 -0.906537
vn 0.006189 -0.009754 -0.999933
vn 0.295856 -0.292795 -0.909253
vn -0.000021 -0.504073 -0.863661
vn 0.670303 -0.659833 -0.339579
vn 0.712038 -0.701763 -0.023041
vn 0.384554 -0.922979 -0.015112
vn 0.402349 -0.867650 -0.292060
vn -0.384547 -0.922982 -0.015110
vn -0.699792 -0.713954 -0.023679
vn -0.659362 -0.668279 -0.344449
vn -0.402370 -0.867649 -0.292033
vn -0.006921 -0.003781 0.999969
vn -0.007026 -0.006927 0.999951
vn -0.297486 -0.293559 0.908474
vn -0.299436 -0.000766 0.954116
vn -0.670533 -0.660491 0.337841
vn -0.711695 -0.702022 0.025605
vn -0.920645 -0.388961 0.033512
vn -0.840846 -0.378233 0.387191
vn -0.924369 0.380107 0.032553
vn -0.715204 0.698448 0.025584
vn -0.672819 0.656164 0.341707
vn -0.840783 0.375225 0.390242
vn -0.297026 0.290160 0.909716
vn -0.007181 0.007009 0.999950
vn -0.006849 0.003774 0.999969
vn -0.299436 -0.000766 0.954116
vn -0.299436 -0.000766 0.954116
vn -0.000370 0.000001 1.000000
vn -0.006921 -0.003781 0.999969
vn -0.385883 -0.921953 0.033103
vn -0.703726 -0.710010 0.025603
vn -0.662104 -0.669034 0.337655
vn -0.375998 -0.842481 0.385813
vn -0.294323 -0.296841 0.908438
vn -0.006923 -0.006989 0.999952
vn -0.003834 -0.007008 0.999968
vn -0.000270 -0.300304 0.953844
vn -0.003834 -0.007008 0.999968
vn -0.000000 -0.000388 1.000000
vn -0.000270 -0.300304 0.953844
vn 0.003817 -0.007276 0.999966
vn 0.007094 -0.006993 0.999950
vn 0.293841 -0.289438 0.910979
vn -0.000270 -0.300304 0.953844
vn 0.668170 -0.659393 0.344600
vn 0.711991 -0.701710 0.025935
vn 0.382979 -0.923146 0.033598
vn 0.374114 -0.839824 0.393362
vn 0.003780 0.006921 -0.999969
vn 0.006910 0.006883 -0.999952
vn 0.296498 0.295024 -0.908322
vn 0.000770 0.299429 -0.954118
vn 0.666742 0.664661 -0.337166
vn 0.708496 0.705251 -0.025587
vn 0.388932 0.920657 -0.033513
vn 0.378224 0.840847 -0.387199
vn -0.380070 0.924385 -0.032554
vn -0.709007 0.704738 -0.025559
vn -0.666335 0.663283 -0.340668
vn -0.375196 0.840791 -0.390254
vn -0.294886 0.293022 -0.909494
vn -0.006983 0.006944 -0.999951
vn -0.003773 0.006849 -0.999969
vn 0.000770 0.299429 -0.954118
vn -0.003773 0.006849 -0.999969
vn -0.000001 0.000370 -1.000000
vn 0.000770 0.299429 -0.954118
vn 0.921956 0.385878 -0.033101
vn 0.706990 0.706760 -0.025594
vn 0.666285 0.665037 -0.337328
vn 0.842490 0.375993 -0.385798
vn 0.295696 0.295709 -0.908361
vn 0.006922 0.006915 -0.999952
vn 0.007008 0.003834 -0.999968
vn 0.300307 0.000268 -0.953843
vn 0.300307 0.000268 -0.953843
vn 0.000388 0.000000 -1.000000
vn 0.007277 -0.003817 -0.999966
vn 0.007277 -0.003817 -0.999966
vn 0.007231 -0.007121 -0.999949
vn 0.293430 -0.289176 -0.911195
vn 0.300307 0.000268 -0.953843
vn 0.668955 -0.658083 -0.345580
vn 0.712207 -0.701490 -0.025945
vn 0.923146 -0.382978 -0.033596
vn 0.839845 -0.374118 -0.393313
vn -0.921954 -0.385883 -0.033101
vn -0.711699 -0.702017 -0.025608
vn -0.670567 -0.660460 -0.337837
vn -0.842489 -0.375984 -0.385808
vn -0.297488 -0.293550 -0.908476
vn -0.007027 -0.006927 -0.999951
vn -0.007009 -0.003834 -0.999968
vn -0.300306 -0.000267 -0.953843
vn -0.007009 -0.003834 -0.999968
vn -0.000388 -0.000000 -1.000000
vn -0.300306 -0.000267 -0.953843
vn -0.007276 0.003817 -0.999966
vn -0.007300 0.007129 -0.999948
vn -0.294577 0.287831 -0.911251
vn -0.300306 -0.000267 -0.953843
vn -0.671680 0.655138 -0.345889
vn -0.715206 0.698432 -0.025949
vn -0.923147 0.382976 -0.033597
vn -0.839840 0.374116 -0.393327
vn -0.003781 -0.006921 -0.999969
vn -0.006922 -0.006988 -0.999952
vn -0.294338 -0.296844 -0.908432
vn -0.000769 -0.299437 -0.954116
vn -0.662136 -0.669001 -0.337660
vn -0.703730 -0.710006 -0.025600
vn -0.388947 -0.920651 -0.033513
vn -0.378224 -0.840847 -0.387199
vn 0.380084 -0.924379 -0.032550
vn 0.712007 -0.701708 -0.025545
vn 0.669246 -0.660544 -0.340281
vn 0.375196 -0.840790 -0.390257
vn 0.296240 -0.291866 -0.909426
vn 0.006974 -0.006878 -0.999952
vn 0.003774 -0.006849 -0.999969
vn -0.000769 -0.299437 -0.954116
vn -0.000769 -0.299437 -0.954116
vn 0.000001 -0.000370 -1.000000
vn -0.003781 -0.006921 -0.999969
vn 0.006921 0.003781 0.999969
vn 0.006921 0.006915 0.999952
vn 0.295695 0.295719 0.908358
vn 0.299434 0.000767 0.954117
vn 0.666252 0.665068 0.337332
vn 0.706986 0.706765 0.025591
vn 0.920647 0.388955 0.033514
vn 0.840840 0.378232 0.387206
vn 0.924369 -0.380108 0.032550
vn 0.712205 -0.701506 0.025575
vn 0.670096 -0.659119 0.341370
vn 0.840785 -0.375233 0.390233
vn 0.295867 -0.291514 0.909661
vn 0.007112 -0.007002 0.999950
vn 0.006849 -0.003774 0.999969
vn 0.299434 0.000767 0.954117
vn 0.006849 -0.003774 0.999969
vn 0.000370 -0.000001 1.000000
vn 0.299434 0.000767 0.954117
vn 0.385869 0.921959 0.033102
vn 0.708492 0.705255 0.025590
vn 0.666716 0.664702 0.337136
vn 0.375996 0.842476 0.385825
vn 0.296489 0.295027 0.908325
vn 0.006911 0.006883 0.999952
vn 0.003834 0.007008 0.999968
vn 0.000272 0.300308 0.953842
vn 0.000272 0.300308 0.953842
vn 0.000000 0.000388 1.000000
vn -0.003817 0.007276 0.999966
vn -0.003817 0.007276 0.999966
vn -0.007102 0.007061 0.999950
vn -0.292509 0.290595 0.911039
vn 0.000272 0.300308 0.953842
vn -0.665280 0.662146 0.344913
vn -0.708991 0.704740 0.025942
vn -0.382965 0.923152 0.033602
vn -0.374116 0.839830 0.393348
vn 0.665520 0.666153 -0.336634
vn 0.707040 0.706796 -0.023078
vn 0.922985 0.384538 -0.015114
vn 0.867655 0.402337 -0.292061
vn 0.922990 -0.384528 -0.015111
vn 0.713887 -0.699861 -0.023681
vn 0.668235 -0.659404 -0.344453
vn 0.867639 -0.402377 -0.292054
vn 0.301180 -0.296790 -0.906204
vn 0.009699 0.006039 -0.999935
vn 0.504080 -0.000030 -0.863657
vn 0.659404 -0.668236 -0.344453
vn 0.699861 -0.713887 -0.023681
vn 0.384522 -0.922992 -0.015112
vn 0.402370 -0.867642 -0.292055
vn -0.384521 -0.922993 -0.015113
vn -0.703761 -0.710060 -0.023124
vn -0.663210 -0.668287 -0.336965
vn -0.402337 -0.867655 -0.292060
vn -0.294730 -0.297219 -0.908182
vn -0.005970 -0.009688 -0.999935
vn 0.000021 -0.504083 -0.863655
vn 0.296068 0.296113 0.908108
vn 0.009699 0.006039 0.999935
vn 0.504080 -0.000030 0.863657
vn 0.668235 -0.659405 0.344453
vn 0.713887 -0.699861 0.023681
vn 0.922990 -0.384528 0.015111
vn 0.867641 -0.402376 0.292049
vn 0.922985 0.384538 0.015113
vn 0.707040 0.706796 0.023078
vn 0.665521 0.666153 0.336634
vn 0.867654 0.402343 0.292055
vn -0.663210 -0.668287 0.336965
vn -0.703761 -0.710060 0.023124
vn -0.384517 -0.922994 0.015113
vn -0.402336 -0.867655 0.292062
vn 0.384522 -0.922992 0.015112
vn 0.699861 -0.713887 0.023681
vn 0.659404 -0.668236 0.344453
vn 0.402373 -0.867639 0.292059
vn 0.296795 -0.301185 0.906201
vn -0.005970 -0.009688 0.999935
vn 0.000021 -0.504083 0.863655
vn -0.384533 0.922987 0.015112
vn -0.699865 0.713883 0.023682
vn -0.659405 0.668228 0.344467
vn -0.402375 0.867639 0.292056
vn -0.296801 0.301189 0.906198
vn 0.006098 0.009686 0.999934
vn -0.000028 0.504080 0.863657
vn 0.667827 0.663935 0.336448
vn 0.708528 0.705306 0.023055
vn 0.384535 0.922987 0.015113
vn 0.402339 0.867653 0.292065
vn 0.296890 0.295391 -0.908075
vn 0.006098 0.009686 -0.999934
vn -0.000027 0.504080 -0.863657
vn -0.659404 0.668228 -0.344467
vn -0.699865 0.713882 -0.023682
vn -0.384541 0.922984 -0.015113
vn -0.402373 0.867637 -0.292064
vn 0.384531 0.922988 -0.015114
vn 0.708529 0.705305 -0.023055
vn 0.667821 0.663928 -0.336473
vn 0.402337 0.867652 -0.292071
vn -0.669836 -0.661548 -0.337156
vn -0.711749 -0.702053 -0.023151
vn -0.922989 -0.384529 -0.015115
vn -0.867641 -0.402347 -0.292088
vn -0.922989 0.384530 -0.015112
vn -0.713891 0.699857 -0.023682
vn -0.668235 0.659397 -0.344467
vn -0.867644 0.402364 -0.292056
vn -0.301191 0.296797 -0.906198
vn -0.009662 -0.005952 -0.999936
vn -0.504069 0.000026 -0.863664
vn -0.297860 -0.293946 0.908227
vn -0.009662 -0.005951 0.999936
vn -0.504070 0.000029 0.863663
vn -0.668236 0.659397 0.344466
vn -0.713890 0.699857 0.023682
vn -0.922988 0.384531 0.015112
vn -0.867641 0.402381 0.292043
vn -0.922989 -0.384529 0.015114
vn -0.711749 -0.702053 0.023151
vn -0.669836 -0.661548 0.337156
vn -0.867644 -0.402349 0.292078
vn -0.922985 0.384538 0.015112
vn -0.715255 0.698477 0.023248
vn -0.715476 0.698637 0.000003
vn -0.923878 0.382686 0.000000
vn -0.715451 0.698663 0.000004
vn -0.715476 0.698637 0.000003
vn -0.715255 0.698477 0.023248
vn -0.715204 0.698448 0.025584
vn -0.715204 0.698448 0.025584
vn -0.924369 0.380107 0.032553
vn -0.925148 0.379607 0.000202
vn -0.715451 0.698663 0.000004
vn -0.920645 -0.388961 0.033512
vn -0.711695 -0.702022 0.025605
vn -0.711928 -0.702253 0.000001
vn -0.922583 -0.385798 0.000110
vn -0.711970 -0.702210 0.000000
vn -0.711928 -0.702253 0.000001
vn -0.711695 -0.702022 0.025605
vn -0.711749 -0.702053 0.023151
vn -0.923883 -0.382676 0.000000
vn -0.711970 -0.702210 0.000000
vn -0.711749 -0.702053 0.023151
vn -0.922989 -0.384529 0.015114
vn -0.714244 0.699896 0.000000
vn -0.923883 0.382676 0.000000
vn -0.922988 0.384531 0.015112
vn -0.713890 0.699857 0.023682
vn -0.699865 0.713883 0.023682
vn -0.699905 0.714236 0.000000
vn -0.714244 0.699896 0.000000
vn -0.713890 0.699857 0.023682
vn -0.699865 0.713883 0.023682
vn -0.384533 0.922987 0.015112
vn -0.382683 0.923880 0.000000
vn -0.699905 0.714236 0.000000
vn 0.384535 0.922987 0.015113
vn 0.708528 0.705306 0.023055
vn 0.708687 0.705523 0.000001
vn 0.382681 0.923881 0.000000
vn 0.708492 0.705255 0.025590
vn 0.708729 0.705481 0.000000
vn 0.708687 0.705523 0.000001
vn 0.708528 0.705306 0.023055
vn 0.385775 0.922593 -0.000110
vn 0.708729 0.705481 0.000000
vn 0.708492 0.705255 0.025590
vn 0.385869 0.921959 0.033102
vn -0.709226 0.704981 0.000002
vn -0.379582 0.925158 -0.000201
vn -0.382965 0.923152 0.033602
vn -0.708991 0.704740 0.025942
vn -0.709199 0.705008 0.000003
vn -0.709226 0.704981 0.000002
vn -0.708991 0.704740 0.025942
vn -0.709034 0.704779 0.023619
vn -0.709034 0.704779 0.023619
vn -0.384518 0.922994 0.015113
vn -0.382663 0.923888 0.000000
vn -0.709199 0.705008 0.000003
vn 0.384522 0.922992 0.015112
vn 0.699792 0.713954 0.023682
vn 0.699830 0.714309 0.000000
vn 0.382669 0.923885 0.000000
vn 0.699792 0.713954 0.023682
vn 0.713954 0.699792 0.023681
vn 0.714310 0.699830 0.000000
vn 0.699830 0.714309 0.000000
vn 0.713954 0.699792 0.023681
vn 0.922985 0.384540 0.015111
vn 0.923876 0.382691 0.000000
vn 0.714310 0.699830 0.000000
vn 0.922986 -0.384538 0.015111
vn 0.712257 -0.701536 0.023201
vn 0.712476 -0.701696 0.000001
vn 0.923876 -0.382691 0.000000
vn 0.712205 -0.701506 0.025575
vn 0.712451 -0.701722 0.000002
vn 0.712476 -0.701696 0.000001
vn 0.712257 -0.701536 0.023201
vn 0.925147 -0.379608 0.000202
vn 0.712451 -0.701722 0.000002
vn 0.712205 -0.701506 0.025575
vn 0.924369 -0.380108 0.032550
vn 0.707217 0.706997 0.000001
vn 0.922586 0.385792 0.000110
vn 0.920647 0.388955 0.033514
vn 0.706986 0.706765 0.025591
vn 0.707259 0.706954 0.000000
vn 0.707217 0.706997 0.000001
vn 0.706986 0.706765 0.025591
vn 0.707040 0.706796 0.023078
vn 0.923879 0.382686 0.000000
vn 0.707259 0.706954 0.000000
vn 0.707040 0.706796 0.023078
vn 0.922985 0.384538 0.015113
vn 0.714241 -0.699900 0.000000
vn 0.923884 -0.382673 0.000000
vn 0.922990 -0.384528 0.015111
vn 0.713887 -0.699861 0.023681
vn 0.699900 -0.714241 0.000000
vn 0.714241 -0.699900 0.000000
vn 0.713887 -0.699861 0.023681
vn 0.699861 -0.713887 0.023681
vn 0.382668 -0.923886 0.000000
vn 0.699900 -0.714241 0.000000
vn 0.699861 -0.713887 0.023681
vn 0.384522 -0.922992 0.015112
vn -0.703919 -0.710280 0.000000
vn -0.382666 -0.923887 0.000000
vn -0.384517 -0.922994 0.015113
vn -0.703761 -0.710060 0.023124
vn -0.703726 -0.710010 0.025603
vn -0.703962 -0.710238 -0.000001
vn -0.703919 -0.710280 0.000000
vn -0.703761 -0.710060 0.023124
vn -0.703726 -0.710010 0.025603
vn -0.385883 -0.921953 0.033103
vn -0.385790 -0.922587 -0.000110
vn -0.703962 -0.710238 -0.000001
vn 0.382979 -0.923146 0.033598
vn 0.711991 -0.701710 0.025935
vn 0.712226 -0.701950 0.000002
vn 0.379597 -0.925152 -0.000202
vn 0.712034 -0.701749 0.023572
vn 0.712199 -0.701978 0.000003
vn 0.712226 -0.701950 0.000002
vn 0.711991 -0.701710 0.025935
vn 0.712034 -0.701749 0.023572
vn 0.384556 -0.922978 0.015112
vn 0.382702 -0.923872 0.000000
vn 0.712199 -0.701978 0.000003
vn -0.384552 -0.922980 0.015110
vn -0.699792 -0.713954 0.023680
vn -0.699830 -0.714309 0.000000
vn -0.382696 -0.923874 0.000000
vn -0.714310 -0.699830 0.000000
vn -0.699830 -0.714309 0.000000
vn -0.699792 -0.713954 0.023680
vn -0.713954 -0.699792 0.023679
vn -0.713954 -0.699792 0.023679
vn -0.922990 -0.384528 0.015110
vn -0.923884 -0.382674 0.000000
vn -0.714310 -0.699830 0.000000
vn -0.006849 0.003774 0.999969
vn -0.000370 0.000001 1.000000
vn -0.299436 -0.000766 0.954116
vn 0.000370 -0.000001 1.000000
vn -0.000000 0.000000 1.000000
vn -0.000000 -0.000388 1.000000
vn 0.299434 0.000767 0.954117
vn 0.000370 -0.000001 1.000000
vn 0.006921 0.003781 0.999969
vn 0.003834 0.007008 0.999968
vn 0.000000 0.000388 1.000000
vn 0.000272 0.300308 0.953842
vn -0.000000 0.000000 1.000000
vn 0.000000 0.000388 1.000000
vn -0.000370 0.000001 1.000000
vn -0.000000 -0.000388 1.000000
vn -0.000000 0.000000 1.000000
vn -0.000370 0.000001 1.000000
vn -0.000270 -0.300304 0.953844
vn -0.000000 -0.000388 1.000000
vn 0.003817 -0.007276 0.999966
vn 0.003774 -0.006849 -0.999969
vn 0.000001 -0.000370 -1.000000
vn -0.000769 -0.299437 -0.954116
vn -0.000388 -0.000000 -1.000000
vn -0.000001 0.000370 -1.000000
vn -0.000000 0.000000 -1.000000
vn 0.000770 0.299429 -0.954118
vn -0.000001 0.000370 -1.000000
vn 0.003780 0.006921 -0.999969
vn 0.007008 0.003834 -0.999968
vn 0.000388 0.000000 -1.000000
vn 0.300307 0.000268 -0.953843
vn 0.000001 -0.000370 -1.000000
vn -0.000000 0.000000 -1.000000
vn 0.000388 0.000000 -1.000000
vn -0.000388 -0.000000 -1.000000
vn -0.000000 0.000000 -1.000000
vn 0.000001 -0.000370 -1.000000
vn -0.300306 -0.000267 -0.953843
vn -0.000388 -0.000000 -1.000000
vn -0.007276 0.003817 -0.999966
vn -0.504087 -0.000027 0.863653
vn -0.009677 0.005882 0.999936
vn -0.297417 0.290549 0.909464
vn 0.000007 -0.504059 0.863669
vn 0.006278 -0.009806 0.999932
vn -0.296767 -0.301201 0.906205
vn 0.000021 -0.504083 0.863655
vn -0.005970 -0.009688 0.999935
vn -0.294725 -0.297215 0.908185
vn 0.504080 -0.000030 0.863657
vn 0.009699 0.006039 0.999935
vn 0.301186 -0.296795 0.906201
vn 0.504080 -0.000030 -0.863657
vn 0.009699 0.006039 -0.999935
vn 0.296067 0.296114 -0.908109
vn 0.000021 -0.504083 -0.863655
vn -0.005970 -0.009688 -0.999935
vn 0.296789 -0.301181 -0.906204
vn -0.000028 0.504080 0.863657
vn 0.006098 0.009686 0.999934
vn 0.296890 0.295391 0.908075
vn -0.504070 0.000029 0.863663
vn -0.009662 -0.005951 0.999936
vn -0.301192 0.296798 0.906198
vn -0.000001 0.504076 0.863660
vn -0.006215 0.009788 0.999933
vn 0.296777 0.301211 0.906198
vn 0.504093 0.000036 0.863649
vn 0.009680 -0.005958 0.999935
vn 0.296253 -0.291904 0.909410
vn 0.504058 -0.000003 -0.863670
vn 0.009761 -0.006043 -0.999934
vn 0.301211 0.296776 -0.906198
vn 0.000027 0.504078 -0.863658
vn -0.006128 0.009707 -0.999934
vn -0.295283 0.293400 -0.909244
vn -0.000027 0.504080 -0.863657
vn 0.006098 0.009686 -0.999934
vn -0.296800 0.301189 -0.906198
vn -0.504069 0.000026 -0.863664
vn -0.009662 -0.005952 -0.999936
vn -0.297860 -0.293946 -0.908227
vn -0.001079 -0.940862 0.338789
vn -0.002204 -0.999965 0.008102
vn 0.000053 -0.940668 0.339329
vn 0.000053 -0.940666 0.339333
vn -0.002203 -0.999965 -0.008102
vn 0.000000 -1.000000 0.000000
vn 0.000000 -1.000000 0.000000
vn 0.000000 -1.000000 0.000000
vn -0.002203 -0.999965 -0.008102
vn -0.001079 -0.940861 -0.338790
vn 0.000053 -0.940666 -0.339333
vn 0.000053 -0.940668 -0.339329
vn -0.002263 -0.445054 -0.895501
vn -0.003478 -0.028809 -0.999579
vn -0.000097 -0.445332 -0.895365
vn -0.000097 -0.445339 -0.895362
vn -0.001282 0.011977 -0.999927
vn -0.000000 0.000000 -1.000000
vn -0.000000 0.000000 -1.000000
vn -0.003478 -0.028809 -0.999579
vn -0.001282 0.011977 -0.999927
vn -0.000634 0.450963 -0.892542
vn 0.000122 0.450000 -0.893028
vn 0.000122 0.449995 -0.893031
vn -0.000707 0.941846 -0.336044
vn -0.001155 0.999958 -0.009051
vn -0.000010 0.941598 -0.336740
vn -0.000010 0.941597 -0.336742
vn 0.000000 1.000000 0.000000
vn 0.000000 1.000000 0.000000
vn 0.000000 1.000000 0.000000
vn -0.001155 0.999958 -0.009051
vn -0.001151 0.999959 0.009020
vn -0.000772 0.940954 0.338532
vn -0.000053 0.940672 0.339318
vn -0.000053 0.940673 0.339315
vn -0.000676 0.446466 0.894800
vn -0.001286 0.011856 0.999929
vn 0.000097 0.445342 0.895360
vn 0.000097 0.445349 0.895357
vn -0.003499 -0.028798 0.999579
vn 0.000000 0.000000 1.000000
vn 0.000000 0.000000 1.000000
vn -0.001286 0.011856 0.999929
vn -0.003499 -0.028798 0.999579
vn -0.002262 -0.445054 0.895501
vn -0.000097 -0.445338 0.895362
vn -0.000097 -0.445332 0.895366
vn -0.999568 -0.028736 0.006151
vn -0.892812 0.450357 0.008119
vn -0.999559 -0.029711 0.000000
vn -0.999559 -0.029711 0.000000
vn -0.885141 0.465323 0.000000
vn -0.885141 0.465323 0.000000
vn -0.892812 0.450357 0.008119
vn -0.880988 0.473056 0.008881
vn -0.880988 0.473056 0.008881
vn -0.727559 0.686021 0.005781
vn -0.727002 0.686635 0.000044
vn -0.727000 0.686637 0.000044
vn -0.266520 0.963812 0.005740
vn -0.001151 0.999959 0.009020
vn -0.267270 0.963622 0.000025
vn -0.267267 0.963623 0.000025
vn -0.001151 0.999959 0.009020
vn 0.000000 1.000000 -0.000000
vn 0.000000 1.000000 0.000000
vn 0.000000 1.000000 0.000000
vn 0.000000 1.000000 0.000000
vn 0.000000 1.000000 0.000000
vn 0.000000 1.000000 -0.000000
vn 0.002232 0.999965 0.008110
vn 0.002232 0.999965 0.008110
vn 0.490567 0.871385 0.005622
vn 0.491416 0.870925 -0.000460
vn 0.491416 0.870925 -0.000460
vn 0.999571 0.028741 0.005628
vn 0.892913 -0.450156 0.008118
vn 0.999559 0.029699 -0.000460
vn 0.999559 0.029699 -0.000460
vn 0.880982 -0.473067 0.008893
vn 0.885141 -0.465324 0.000000
vn 0.885141 -0.465324 0.000000
vn 0.892913 -0.450156 0.008118
vn 0.880982 -0.473067 0.008893
vn 0.728329 -0.685204 0.005717
vn 0.727796 -0.685794 0.000000
vn 0.727796 -0.685794 0.000000
vn 0.267611 -0.963510 0.005709
vn 0.001156 -0.999959 0.009015
vn 0.268375 -0.963314 0.000000
vn 0.268375 -0.963314 0.000000
vn 0.000000 -1.000000 0.000000
vn 0.000000 -1.000000 0.000000
vn 0.000000 -1.000000 0.000000
vn 0.001156 -0.999959 0.009015
vn 0.000000 -1.000000 0.000000
vn 0.000000 -1.000000 0.000000
vn 0.000000 -1.000000 0.000000
vn -0.002204 -0.999965 0.008102
vn -0.002204 -0.999965 0.008102
vn -0.490541 -0.871396 0.006146
vn -0.491401 -0.870933 0.000000
vn -0.491401 -0.870933 0.000000
s off
g jkb:polySurface304 xo
usemtl set1
f 2/1/1 1/2/2 53/3/3 52/4/4
f 1/5/5 8/6/6 54/7/7 53/8/8
f 4/9/9 3/10/10 39/11/11 38/12/12
f 3/10/13 2/1/14 40/13/15 39/11/16
f 117/14/17 109/15/18 21/16/19 20/17/20
f 109/18/21 110/19/22 22/20/23 21/21/24
f 8/6/25 7/22/26 11/23/27 10/24/28
f 7/22/29 6/25/30 12/26/31 11/23/32
f 10/24/33 9/27/34 61/28/35 60/29/36
f 9/30/37 16/31/38 62/32/39 61/33/40
f 114/34/41 115/35/42 29/36/43 28/37/44
f 115/35/45 116/38/46 30/39/47 29/36/48
f 16/31/49 15/40/50 35/41/51 34/42/52
f 15/40/53 14/43/54 36/44/55 35/41/56
f 18/45/57 17/46/58 93/47/59 92/48/60
f 17/49/61 24/50/62 94/51/63 93/52/64
f 20/17/65 19/53/66 31/54/67 30/39/68
f 19/53/69 18/45/70 32/55/71 31/54/72
f 24/50/73 23/56/74 43/57/75 42/58/76
f 23/56/77 22/20/78 44/59/79 43/57/80
f 26/60/81 25/61/82 85/62/83 84/63/84
f 25/64/85 32/55/86 86/65/87 85/66/88
f 28/37/89 27/67/90 47/68/91 46/69/92
f 27/67/93 26/60/94 48/70/95 47/68/96
f 34/42/97 33/71/98 69/72/99 68/73/100
f 33/74/101 40/13/102 70/75/103 69/76/104
f 111/77/105 112/78/106 45/79/107 44/59/108
f 112/78/109 113/80/110 46/69/111 45/79/112
f 42/58/113 41/81/114 77/82/115 76/83/116
f 41/84/117 48/70/118 78/85/119 77/86/120
f 50/87/121 49/88/122 89/89/123 96/90/124
f 49/91/125 56/92/126 90/93/127 89/94/128
f 52/4/129 51/95/130 71/96/131 70/75/132
f 51/95/133 50/87/134 72/97/135 71/96/136
f 56/92/137 55/98/138 59/99/139 58/100/140
f 55/98/141 54/7/142 60/29/143 59/99/144
f 58/100/145 57/101/146 81/102/147 88/103/148
f 57/104/149 64/105/150 82/106/151 81/107/152
f 64/105/153 63/108/154 67/109/155 66/110/156
f 63/108/157 62/32/158 68/73/159 67/109/160
f 66/110/161 65/111/162 73/112/163 80/113/164
f 65/114/165 72/97/166 74/115/167 73/116/168
f 76/83/169 75/117/170 95/118/171 94/51/172
f 75/117/173 74/115/174 96/90/175 95/118/176
f 80/113/177 79/119/178 83/120/179 82/106/180
f 79/119/181 78/85/182 84/63/183 83/120/184
f 88/103/185 87/121/186 91/122/187 90/93/188
f 87/121/189 86/65/190 92/48/191 91/122/192
f 20/17/193 30/39/194 116/38/195 117/14/196
f 113/80/197 114/34/198 28/37/199 46/69/200
f 22/20/201 110/19/202 111/77/203 44/59/204
f 8/6/205 10/24/206 60/29/207 54/7/208
f 16/31/209 34/42/210 68/73/211 62/32/212
f 40/13/213 2/1/214 52/4/215 70/75/216
f 48/70/217 26/60/218 84/63/219 78/85/220
f 32/55/221 18/45/222 92/48/223 86/65/224
f 24/50/225 42/58/226 76/83/227 94/51/228
f 64/105/229 66/110/230 80/113/231 82/106/232
f 72/97/233 50/87/234 96/90/235 74/115/236
f 56/92/237 58/100/238 88/103/239 90/93/240
f 7/22/241 8/6/242 1/5/243 97/123/244
f 1/2/245 2/1/246 3/10/247 97/124/248
f 3/10/249 4/9/250 5/125/251 97/124/252
f 5/126/253 6/25/254 7/22/255 97/123/256
f 15/40/257 16/31/258 9/30/259 98/127/260
f 9/27/261 10/24/262 11/23/263 98/128/264
f 11/23/265 12/26/266 13/129/267 98/128/268
f 13/129/269 14/43/270 15/40/271 98/127/272
f 23/56/273 24/50/274 17/49/275 99/130/276
f 17/46/277 18/45/278 19/53/279 99/131/280
f 19/53/281 20/17/282 21/16/283 99/131/284
f 21/21/285 22/20/286 23/56/287 99/130/288
f 31/54/289 32/55/290 25/64/291 100/132/292
f 25/61/293 26/60/294 27/67/295 100/133/296
f 27/67/297 28/37/298 29/36/299 100/133/300
f 29/36/301 30/39/302 31/54/303 100/132/304
f 39/11/305 40/13/306 33/74/307 101/134/308
f 33/71/309 34/42/310 35/41/311 101/135/312
f 35/41/313 36/44/314 37/136/315 101/135/316
f 37/136/317 38/12/318 39/11/319 101/134/320
f 47/68/321 48/70/322 41/84/323 102/137/324
f 41/81/325 42/58/326 43/57/327 102/138/328
f 43/57/329 44/59/330 45/79/331 102/138/332
f 45/79/333 46/69/334 47/68/335 102/137/336
f 55/98/337 56/92/338 49/91/339 103/139/340
f 49/88/341 50/87/342 51/95/343 103/140/344
f 51/95/345 52/4/346 53/3/347 103/140/348
f 53/8/349 54/7/350 55/98/351 103/139/352
f 63/108/353 64/105/354 57/104/355 104/141/356
f 57/101/357 58/100/358 59/99/359 104/142/360
f 59/99/361 60/29/362 61/28/363 104/142/364
f 61/33/365 62/32/366 63/108/367 104/141/368
f 71/96/369 72/97/370 65/114/371 105/143/372
f 65/111/373 66/110/374 67/109/375 105/144/376
f 67/109/377 68/73/378 69/72/379 105/144/380
f 69/76/381 70/75/382 71/96/383 105/143/384
f 79/119/385 80/113/386 73/112/387 106/145/388
f 73/116/389 74/115/390 75/117/391 106/146/392
f 75/117/393 76/83/394 77/82/395 106/146/396
f 77/86/397 78/85/398 79/119/399 106/145/400
f 87/121/401 88/103/402 81/102/403 107/147/404
f 81/107/405 82/106/406 83/120/407 107/148/408
f 83/120/409 84/63/410 85/62/411 107/148/412
f 85/66/413 86/65/414 87/121/415 107/147/416
f 95/118/417 96/90/418 89/89/419 108/149/420
f 89/94/421 90/93/422 91/122/423 108/150/424
f 91/122/425 92/48/426 93/47/427 108/150/428
f 93/52/429 94/51/430 95/118/431 108/149/432
f 5/125/433 4/9/434 110/151/435 109/152/436
f 111/153/437 110/151/438 4/9/439 38/12/440
f 38/12/441 37/136/442 112/154/443 111/153/444
f 37/136/445 36/44/446 113/155/447 112/154/448
f 14/43/449 114/156/450 113/155/451 36/44/452
f 14/43/453 13/129/454 115/157/455 114/156/456
f 13/129/457 12/26/458 116/158/459 115/157/460
f 117/159/461 116/158/462 12/26/463 6/25/464
f 6/25/465 5/126/466 109/160/467 117/159/468
f 119/161/469 118/162/470 186/163/471 185/164/472
f 118/165/473 125/166/474 187/167/475 186/168/476
f 121/169/477 120/170/478 140/171/479 139/172/480
f 120/170/481 119/161/482 141/173/483 140/171/484
f 273/174/485 262/175/486 170/176/487 169/177/488
f 262/175/489 263/178/490 171/179/491 170/176/492
f 125/166/493 124/180/494 128/181/495 127/182/496
f 124/180/497 123/183/498 129/184/499 128/181/500
f 127/182/501 126/185/502 194/186/503 193/187/504
f 126/188/505 133/189/506 195/190/507 194/191/508
f 270/192/509 271/193/510 178/194/511 177/195/512
f 271/196/513 272/197/514 179/198/515 178/199/516
f 133/189/517 132/200/518 144/201/519 143/202/520
f 132/200/521 131/203/522 145/204/523 144/201/524
f 135/205/525 134/206/526 210/207/527 209/208/528
f 134/209/529 141/173/530 211/210/531 210/211/532
f 137/212/533 136/213/534 148/214/535 147/215/536
f 136/213/537 135/205/538 149/216/539 148/214/540
f 264/217/541 265/218/542 154/219/543 153/220/544
f 265/218/545 266/221/546 155/222/547 154/219/548
f 143/202/549 142/223/550 202/224/551 201/225/552
f 142/226/553 149/216/554 203/227/555 202/228/556
f 267/229/557 268/230/558 162/231/559 161/232/560
f 268/230/561 269/233/562 163/234/563 162/231/564
f 151/235/565 150/236/566 218/237/567 217/238/568
f 150/239/569 157/240/570 219/241/571 218/242/572
f 153/220/573 152/243/574 172/244/575 171/179/576
f 152/243/577 151/235/578 173/245/579 172/244/580
f 157/240/581 156/246/582 160/247/583 159/248/584
f 156/246/585 155/222/586 161/232/587 160/247/588
f 159/248/589 158/249/590 226/250/591 225/251/592
f 158/252/593 165/253/594 227/254/595 226/255/596
f 165/253/597 164/256/598 176/257/599 175/258/600
f 164/256/601 163/234/602 177/195/603 176/257/604
f 167/259/605 166/260/606 242/261/607 241/262/608
f 166/263/609 173/245/610 243/264/611 242/265/612
f 169/177/613 168/266/614 180/267/615 179/198/616
f 168/266/617 167/259/618 181/268/619 180/267/620
f 175/258/621 174/269/622 234/270/623 233/271/624
f 174/272/625 181/268/626 235/273/627 234/274/628
f 183/275/629 182/276/630 238/277/631 245/278/632
f 182/279/633 189/280/634 239/281/635 238/282/636
f 185/164/637 184/283/638 212/284/639 211/210/640
f 184/283/641 183/275/642 213/285/643 212/284/644
f 189/280/645 188/286/646 192/287/647 191/288/648
f 188/286/649 187/167/650 193/187/651 192/287/652
f 191/288/653 190/289/654 230/290/655 237/291/656
f 190/292/657 197/293/658 231/294/659 230/295/660
f 197/293/661 196/296/662 200/297/663 199/298/664
f 196/296/665 195/190/666 201/225/667 200/297/668
f 199/298/669 198/299/670 222/300/671 229/301/672
f 198/302/673 205/303/674 223/304/675 222/305/676
f 205/303/677 204/306/678 208/307/679 207/308/680
f 204/306/681 203/227/682 209/208/683 208/307/684
f 207/308/685 206/309/686 214/310/687 221/311/688
f 206/312/689 213/285/690 215/313/691 214/314/692
f 217/238/693 216/315/694 244/316/695 243/264/696
f 216/315/697 215/313/698 245/278/699 244/316/700
f 221/311/701 220/317/702 224/318/703 223/304/704
f 220/317/705 219/241/706 225/251/707 224/318/708
f 229/301/709 228/319/710 232/320/711 231/294/712
f 228/319/713 227/254/714 233/271/715 232/320/716
f 237/291/717 236/321/718 240/322/719 239/281/720
f 236/321/721 235/273/722 241/262/723 240/322/724
f 266/221/725 267/229/726 161/232/727 155/222/728
f 169/177/729 179/198/730 272/197/731 273/174/732
f 269/233/733 270/192/734 177/195/735 163/234/736
f 171/179/737 263/178/738 264/217/739 153/220/740
f 125/166/741 127/182/742 193/187/743 187/167/744
f 133/189/745 143/202/746 201/225/747 195/190/748
f 149/216/749 135/205/750 209/208/751 203/227/752
f 141/173/753 119/161/754 185/164/755 211/210/756
f 157/240/757 159/248/758 225/251/759 219/241/760
f 165/253/761 175/258/762 233/271/763 227/254/764
f 181/268/765 167/259/766 241/262/767 235/273/768
f 173/245/769 151/235/770 217/238/771 243/264/772
f 197/293/773 199/298/774 229/301/775 231/294/776
f 205/303/777 207/308/778 221/311/779 223/304/780
f 213/285/781 183/275/782 245/278/783 215/313/784
f 189/280/785 191/288/786 237/291/787 239/281/788
f 124/180/789 125/166/790 118/165/791 246/323/792
f 118/162/793 119/161/794 120/170/795 246/324/796
f 120/170/797 121/169/798 122/325/799 246/324/800
f 122/325/801 123/183/802 124/180/803 246/323/804
f 132/200/805 133/189/806 126/188/807 247/326/808
f 126/185/809 127/182/810 128/181/811 247/327/812
f 128/181/813 129/184/814 130/328/815 247/327/816
f 130/329/817 131/203/818 132/200/819 247/326/820
f 140/171/821 141/173/822 134/209/823 248/330/824
f 134/206/825 135/205/826 136/213/827 248/331/828
f 136/213/829 137/212/830 138/332/831 248/331/832
f 138/332/833 139/172/834 140/171/835 248/330/836
f 148/214/837 149/216/838 142/226/839 249/333/840
f 142/223/841 143/202/842 144/201/843 249/334/844
f 144/201/845 145/204/846 146/335/847 249/334/848
f 146/335/849 147/215/850 148/214/851 249/333/852
f 156/246/853 157/240/854 150/239/855 250/336/856
f 150/236/857 151/235/858 152/243/859 250/337/860
f 152/243/861 153/220/862 154/219/863 250/337/864
f 154/219/865 155/222/866 156/246/867 250/336/868
f 164/256/869 165/253/870 158/252/871 251/338/872
f 158/249/873 159/248/874 160/247/875 251/339/876
f 160/247/877 161/232/878 162/231/879 251/339/880
f 162/231/881 163/234/882 164/256/883 251/338/884
f 172/244/885 173/245/886 166/263/887 252/340/888
f 166/260/889 167/259/890 168/266/891 252/341/892
f 168/266/893 169/177/894 170/176/895 252/341/896
f 170/176/897 171/179/898 172/244/899 252/340/900
f 180/267/901 181/268/902 174/272/903 253/342/904
f 174/269/905 175/258/906 176/257/907 253/343/908
f 176/257/909 177/195/910 178/194/911 253/343/912
f 178/199/913 179/198/914 180/267/915 253/342/916
f 188/286/917 189/280/918 182/279/919 254/344/920
f 182/276/921 183/275/922 184/283/923 254/345/924
f 184/283/925 185/164/926 186/163/927 254/345/928
f 186/168/929 187/167/930 188/286/931 254/344/932
f 196/296/933 197/293/934 190/292/935 255/346/936
f 190/289/937 191/288/938 192/287/939 255/347/940
f 192/287/941 193/187/942 194/186/943 255/347/944
f 194/191/945 195/190/946 196/296/947 255/346/948
f 204/306/949 205/303/950 198/302/951 256/348/952
f 198/299/953 199/298/954 200/297/955 256/349/956
f 200/297/957 201/225/958 202/224/959 256/349/960
f 202/228/961 203/227/962 204/306/963 256/348/964
f 212/284/965 213/285/966 206/312/967 257/350/968
f 206/309/969 207/308/970 208/307/971 257/351/972
f 208/307/973 209/208/974 210/207/975 257/351/976
f 210/211/977 211/210/978 212/284/979 257/350/980
f 220/317/981 221/311/982 214/310/983 258/352/984
f 214/314/985 215/313/986 216/315/987 258/353/988
f 216/315/989 217/238/990 218/237/991 258/353/992
f 218/242/993 219/241/994 220/317/995 258/352/996
f 228/319/997 229/301/998 222/300/999 259/354/1000
f 222/305/1001 223/304/1002 224/318/1003 259/355/1004
f 224/318/1005 225/251/1006 226/250/1007 259/355/1008
f 226/255/1009 227/254/1010 228/319/1011 259/354/1012
f 236/321/1013 237/291/1014 230/290/1015 260/356/1016
f 230/295/1017 231/294/1018 232/320/1019 260/357/1020
f 232/320/1021 233/271/1022 234/270/1023 260/357/1024
f 234/274/1025 235/273/1026 236/321/1027 260/356/1028
f 244/316/1029 245/278/1030 238/277/1031 261/358/1032
f 238/282/1033 239/281/1034 240/322/1035 261/359/1036
f 240/322/1037 241/262/1038 242/261/1039 261/359/1040
f 242/265/1041 243/264/1042 244/316/1043 261/358/1044
f 122/325/1045 121/169/1046 263/360/1047 262/361/1048
f 264/362/1049 263/360/1050 121/169/1051 139/172/1052
f 139/172/1053 138/332/1054 265/363/1055 264/362/1056
f 138/332/1057 137/212/1058 266/364/1059 265/363/1060
f 137/212/1061 147/215/1062 267/365/1063 266/364/1064
f 147/215/1065 146/335/1066 268/366/1067 267/365/1068
f 146/335/1069 145/204/1070 269/367/1071 268/366/1072
f 131/203/1073 270/368/1074 269/367/1075 145/204/1076
f 131/203/1077 130/329/1078 271/369/1079 270/368/1080
f 130/328/1081 129/184/1082 272/370/1083 271/371/1084
f 273/372/1085 272/370/1086 129/184/1087 123/183/1088
f 123/183/1089 122/325/1090 262/361/1091 273/372/1092
f 509/373/1093 474/374/1094 314/375/1095 313/376/1096
f 474/374/1097 475/377/1098 315/378/1099 314/375/1100
f 277/379/1101 276/380/1102 284/381/1103 283/382/1104
f 276/383/1105 275/384/1106 285/385/1107 284/386/1108
f 279/387/1109 278/388/1110 326/389/1111 325/390/1112
f 278/391/1113 277/379/1114 327/392/1115 326/393/1116
f 506/394/1117 507/395/1118 318/396/1119 317/397/1120
f 507/395/1121 508/398/1122 319/399/1123 318/396/1124
f 283/382/1125 282/400/1126 338/401/1127 337/402/1128
f 282/403/1129 281/404/1130 339/405/1131 338/406/1132
f 287/407/1133 286/408/1134 398/409/1135 397/410/1136
f 286/411/1137 291/412/1138 399/413/1139 398/414/1140
f 289/415/1141 288/416/1142 296/417/1143 295/418/1144
f 288/419/1145 287/407/1146 297/420/1147 296/421/1148
f 488/422/1149 489/423/1150 300/424/1151 299/425/1152
f 489/423/1153 490/426/1154 301/427/1155 300/424/1156
f 293/428/1157 292/429/1158 386/430/1159 385/431/1160
f 292/432/1161 297/420/1162 387/433/1163 386/434/1164
f 491/435/1165 492/436/1166 308/437/1167 307/438/1168
f 492/436/1169 493/439/1170 309/440/1171 308/437/1172
f 299/425/1173 298/441/1174 346/442/1175 345/443/1176
f 298/444/1177 303/445/1178 347/446/1179 346/447/1180
f 303/445/1181 302/448/1182 306/449/1183 305/450/1184
f 302/451/1185 301/427/1186 307/438/1187 306/452/1188
f 305/450/1189 304/453/1190 358/454/1191 357/455/1192
f 304/456/1193 309/440/1194 359/457/1195 358/458/1196
f 311/459/1197 310/460/1198 368/461/1199 367/462/1200
f 310/463/1201 315/378/1202 369/464/1203 368/465/1204
f 313/376/1205 312/466/1206 320/467/1207 319/399/1208
f 312/468/1209 311/459/1210 321/469/1211 320/470/1212
f 317/397/1213 316/471/1214 376/472/1215 375/473/1216
f 316/474/1217 321/469/1218 377/475/1219 376/476/1220
f 323/477/1221 322/478/1222 448/479/1223 447/480/1224
f 322/481/1225 331/482/1226 449/483/1227 448/484/1228
f 476/485/1229 477/486/1230 370/487/1231 369/464/1232
f 477/486/1233 478/488/1234 371/489/1235 370/487/1236
f 329/490/1237 328/491/1238 336/492/1239 335/493/1240
f 328/491/1241 327/392/1242 337/402/1243 336/492/1244
f 331/482/1245 330/494/1246 394/495/1247 393/496/1248
f 330/494/1249 329/490/1250 395/497/1251 394/495/1252
f 333/498/1253 332/499/1254 424/500/1255 423/501/1256
f 332/502/1257 341/503/1258 425/504/1259 424/505/1260
f 335/493/1261 334/506/1262 390/507/1263 389/508/1264
f 334/506/1265 333/498/1266 391/509/1267 390/507/1268
f 503/510/1269 504/511/1270 374/512/1271 373/513/1272
f 504/514/1273 505/515/1274 375/473/1275 374/516/1276
f 343/517/1277 342/518/1278 436/519/1279 435/520/1280
f 342/521/1281 351/522/1282 437/523/1283 436/524/1284
f 345/443/1285 344/525/1286 486/526/1287 487/527/1288
f 344/525/1289 343/517/1290 485/528/1291 486/526/1292
f 349/529/1293 348/530/1294 356/531/1295 355/532/1296
f 348/530/1297 347/446/1298 357/455/1299 356/531/1300
f 351/522/1301 350/533/1302 364/534/1303 363/535/1304
f 350/533/1305 349/529/1306 365/536/1307 364/534/1308
f 353/537/1309 352/538/1310 406/539/1311 405/540/1312
f 352/541/1313 361/542/1314 407/543/1315 406/544/1316
f 355/532/1317 354/545/1318 380/546/1319 379/547/1320
f 354/545/1321 353/537/1322 381/548/1323 380/546/1324
f 361/542/1325 360/549/1326 495/550/1327 496/551/1328
f 360/549/1329 359/457/1330 494/552/1331 495/550/1332
f 363/535/1333 362/553/1334 442/554/1335 441/555/1336
f 362/556/1337 371/489/1338 443/557/1339 442/558/1340
f 367/462/1341 366/559/1342 378/560/1343 377/475/1344
f 366/559/1345 365/536/1346 379/547/1347 378/560/1348
f 373/513/1349 372/561/1350 410/562/1351 409/563/1352
f 372/564/1353 381/548/1354 411/565/1355 410/566/1356
f 383/567/1357 382/568/1358 418/569/1359 417/570/1360
f 382/571/1361 391/509/1362 419/572/1363 418/573/1364
f 389/508/1365 388/574/1366 396/575/1367 395/497/1368
f 388/574/1369 387/433/1370 397/410/1371 396/575/1372
f 393/496/1373 392/576/1374 428/577/1375 427/578/1376
f 392/579/1377 401/580/1378 429/581/1379 428/582/1380
f 403/583/1381 402/584/1382 498/585/1383 499/586/1384
f 402/584/1385 407/543/1386 497/587/1387 498/585/1388
f 405/540/1389 404/588/1390 412/589/1391 411/565/1392
f 404/590/1393 403/583/1394 413/591/1395 412/592/1396
f 409/563/1397 408/593/1398 501/594/1399 502/595/1400
f 408/593/1401 413/591/1402 500/596/1403 501/594/1404
f 415/597/1405 414/598/1406 422/599/1407 421/600/1408
f 414/601/1409 419/572/1410 423/501/1411 422/602/1412
f 427/578/1413 426/603/1414 444/604/1415 449/483/1416
f 426/605/1417 431/606/1418 445/607/1419 444/608/1420
f 482/609/1421 483/610/1422 434/611/1423 433/612/1424
f 483/610/1425 484/613/1426 435/520/1427 434/611/1428
f 433/612/1429 432/614/1430 440/615/1431 439/616/1432
f 432/617/1433 437/523/1434 441/555/1435 440/618/1436
f 439/616/1437 438/619/1438 480/620/1439 481/621/1440
f 438/619/1441 443/557/1442 479/622/1443 480/620/1444
f 389/508/1445 395/497/1446 510/623/1447
f 490/426/1448 491/435/1449 307/438/1450 301/427/1451
f 355/532/1452 511/624/1453 349/529/1454
f 313/376/1455 319/399/1456 508/398/1457 509/373/1458
f 413/591/1459 403/583/1460 499/586/1461 500/596/1462
f 481/621/1463 482/609/1464 433/612/1465 439/616/1466
f 303/445/1467 305/450/1468 357/455/1469 347/446/1470
f 493/439/1471 494/552/1472 359/457/1473 309/440/1474
f 397/410/1475 387/433/1476 297/420/1477 287/407/1478
f 345/443/1479 487/527/1480 488/422/1481 299/425/1482
f 277/379/1483 283/382/1484 337/402/1485 327/392/1486
f 505/515/1487 506/394/1488 317/397/1489 375/473/1490
f 367/462/1491 377/475/1492 321/469/1493 311/459/1494
f 315/378/1495 475/377/1496 476/485/1497 369/464/1498
f 381/548/1499 353/537/1500 405/540/1501 411/565/1502
f 361/542/1503 496/551/1504 497/587/1505 407/543/1506
f 391/509/1507 333/498/1508 423/501/1509 419/572/1510
f 502/595/1511 503/510/1512 373/513/1513 409/563/1514
f 484/613/1515 485/528/1516 343/517/1517 435/520/1518
f 351/522/1519 363/535/1520 441/555/1521 437/523/1522
f 371/489/1523 478/488/1524 479/622/1525 443/557/1526
f 331/482/1527 393/496/1528 427/578/1529 449/483/1530
f 278/388/1531 279/387/1532 274/625/1533 450/626/1534
f 274/625/1535 275/384/1536 276/383/1537 450/626/1538
f 276/380/1539 277/379/1540 450/627/1541
f 284/386/1542 285/385/1543 280/628/1544 451/629/1545
f 280/628/1546 281/404/1547 282/403/1548 451/629/1549
f 282/400/1550 283/382/1551 451/630/1552
f 290/631/1553 291/412/1554 286/411/1555 452/632/1556
f 286/408/1557 287/407/1558 452/633/1559
f 288/416/1560 289/415/1561 290/631/1562 452/632/1563
f 296/421/1564 297/420/1565 453/634/1566
f 292/429/1567 293/428/1568 294/635/1569 453/636/1570
f 294/635/1571 295/418/1572 296/417/1573 453/636/1574
f 302/448/1575 303/445/1576 454/637/1577
f 298/441/1578 299/425/1579 300/424/1580 454/638/1581
f 300/424/1582 301/427/1583 302/451/1584 454/638/1585
f 308/437/1586 309/440/1587 304/456/1588 455/639/1589
f 304/453/1590 305/450/1591 455/640/1592
f 306/452/1593 307/438/1594 308/437/1595 455/639/1596
f 314/375/1597 315/378/1598 310/463/1599 456/641/1600
f 310/460/1601 311/459/1602 312/468/1603 456/642/1604
f 312/466/1605 313/376/1606 314/375/1607 456/641/1608
f 320/470/1609 321/469/1610 316/474/1611 457/643/1612
f 316/471/1613 317/397/1614 318/396/1615 457/644/1616
f 318/396/1617 319/399/1618 320/467/1619 457/644/1620
f 330/494/1621 331/482/1622 322/481/1623 458/645/1624
f 322/478/1625 323/477/1626 324/646/1627 458/647/1628
f 324/646/1629 325/390/1630 326/389/1631 458/647/1632
f 326/393/1633 327/392/1634 328/491/1635 458/645/1636
f 458/645/1637 329/490/1638 330/494/1639
f 340/648/1640 341/503/1641 332/502/1642 459/649/1643
f 332/499/1644 333/498/1645 334/506/1646 459/650/1647
f 334/506/1648 335/493/1649 459/650/1650
f 336/492/1651 337/402/1652 338/401/1653 459/650/1654
f 338/406/1655 339/405/1656 340/651/1657 459/652/1658
f 350/533/1659 351/522/1660 342/521/1661 460/653/1662
f 342/518/1663 343/517/1664 344/525/1665 460/654/1666
f 344/525/1667 345/443/1668 346/442/1669 460/654/1670
f 346/447/1671 347/446/1672 348/530/1673 460/653/1674
f 348/530/1675 349/529/1676 460/653/1677
f 360/549/1678 361/542/1679 352/541/1680 461/655/1681
f 352/538/1682 353/537/1683 354/545/1684 461/656/1685
f 461/656/1686 355/532/1687 356/531/1688
f 356/531/1689 357/455/1690 358/454/1691 461/656/1692
f 358/458/1693 359/457/1694 360/549/1695 461/655/1696
f 370/487/1697 371/489/1698 362/556/1699 462/657/1700
f 362/553/1701 363/535/1702 364/534/1703 462/658/1704
f 364/534/1705 365/536/1706 462/658/1707
f 366/559/1708 367/462/1709 368/461/1710 462/658/1711
f 368/465/1712 369/464/1713 370/487/1714 462/657/1715
f 380/546/1716 381/548/1717 372/564/1718 463/659/1719
f 372/561/1720 373/513/1721 374/512/1722 463/660/1723
f 374/516/1724 375/473/1725 376/472/1726 463/661/1727
f 376/476/1728 377/475/1729 378/560/1730 463/659/1731
f 463/659/1732 379/547/1733 380/546/1734
f 390/507/1735 391/509/1736 382/571/1737 464/662/1738
f 382/568/1739 383/567/1740 384/663/1741 464/664/1742
f 384/663/1743 385/431/1744 386/430/1745 464/664/1746
f 386/434/1747 387/433/1748 388/574/1749 464/662/1750
f 388/574/1751 389/508/1752 464/662/1753
f 400/665/1754 401/580/1755 392/579/1756 465/666/1757
f 392/576/1758 393/496/1759 394/495/1760 465/667/1761
f 465/667/1762 395/497/1763 396/575/1764
f 396/575/1765 397/410/1766 398/409/1767 465/667/1768
f 398/414/1769 399/413/1770 400/665/1771 465/666/1772
f 406/544/1773 407/543/1774 402/584/1775 466/668/1776
f 402/584/1777 403/583/1778 404/590/1779 466/668/1780
f 404/588/1781 405/540/1782 466/669/1783
f 412/592/1784 413/591/1785 408/593/1786 467/670/1787
f 408/593/1788 409/563/1789 410/562/1790 467/670/1791
f 410/566/1792 411/565/1793 467/671/1794
f 418/573/1795 419/572/1796 468/672/1797
f 414/598/1798 415/597/1799 416/673/1800 468/674/1801
f 416/673/1802 417/570/1803 418/569/1804 468/674/1805
f 424/505/1806 425/504/1807 420/675/1808 469/676/1809
f 420/675/1810 421/600/1811 422/599/1812 469/676/1813
f 422/602/1814 423/501/1815 469/677/1816
f 430/678/1817 431/606/1818 426/605/1819 470/679/1820
f 426/603/1821 427/578/1822 470/680/1823
f 428/582/1824 429/581/1825 430/678/1826 470/679/1827
f 436/524/1828 437/523/1829 471/681/1830
f 432/614/1831 433/612/1832 434/611/1833 471/682/1834
f 434/611/1835 435/520/1836 436/519/1837 471/682/1838
f 442/558/1839 443/557/1840 438/619/1841 472/683/1842
f 438/619/1843 439/616/1844 440/615/1845 472/683/1846
f 440/618/1847 441/555/1848 472/684/1849
f 448/484/1850 449/483/1851 473/685/1852
f 444/608/1853 445/607/1854 446/686/1855 473/687/1856
f 446/686/1857 447/480/1858 448/479/1859 473/687/1860
f 274/625/1861 279/387/1862 475/377/1863 474/374/1864
f 476/485/1865 475/377/1866 279/387/1867 325/390/1868
f 325/390/1869 324/646/1870 477/486/1871 476/485/1872
f 324/646/1873 323/477/1874 478/488/1875 477/486/1876
f 479/622/1877 478/488/1878 323/477/1879 447/480/1880
f 480/620/1881 479/622/1882 447/480/1883 446/686/1884
f 481/621/1885 480/620/1886 446/686/1887 445/607/1888
f 431/606/1889 482/609/1890 481/621/1891 445/607/1892
f 431/606/1893 430/678/1894 483/610/1895 482/609/1896
f 430/678/1897 429/581/1898 484/613/1899 483/610/1900
f 401/580/1901 485/528/1902 484/613/1903 429/581/1904
f 486/526/1905 485/528/1906 401/580/1907 400/665/1908
f 487/527/1909 486/526/1910 400/665/1911 399/413/1912
f 488/422/1913 487/527/1914 399/413/1915 291/412/1916
f 291/412/1917 290/631/1918 489/423/1919 488/422/1920
f 290/631/1921 289/415/1922 490/426/1923 489/423/1924
f 289/415/1925 295/418/1926 491/435/1927 490/426/1928
f 295/418/1929 294/635/1930 492/436/1931 491/435/1932
f 294/635/1933 293/428/1934 493/439/1935 492/436/1936
f 385/431/1937 494/552/1938 493/439/1939 293/428/1940
f 495/550/1941 494/552/1942 385/431/1943 384/663/1944
f 496/551/1945 495/550/1946 384/663/1947 383/567/1948
f 497/587/1949 496/551/1950 383/567/1951 417/570/1952
f 498/585/1953 497/587/1954 417/570/1955 416/673/1956
f 499/586/1957 498/585/1958 416/673/1959 415/597/1960
f 500/596/1961 499/586/1962 415/597/1963 421/600/1964
f 501/594/1965 500/596/1966 421/600/1967 420/675/1968
f 502/595/1969 501/594/1970 420/675/1971 425/504/1972
f 341/503/1973 503/510/1974 502/595/1975 425/504/1976
f 341/503/1977 340/648/1978 504/511/1979 503/510/1980
f 340/651/1981 339/405/1982 505/515/1983 504/514/1984
f 281/404/1985 506/394/1986 505/515/1987 339/405/1988
f 281/404/1989 280/628/1990 507/395/1991 506/394/1992
f 280/628/1993 285/385/1994 508/398/1995 507/395/1996
f 509/373/1997 508/398/1998 285/385/1999 275/384/2000
f 275/384/2001 274/625/2002 474/374/2003 509/373/2004
f 328/491/2005 329/490/2006 458/645/2007
f 389/508/2008 510/623/2009 335/493/2010
f 464/662/2011 389/508/2012 390/507/2013
f 394/495/2014 395/497/2015 465/667/2016
f 510/623/2017 395/497/2018 329/490/2019
f 335/493/2020 510/623/2021 329/490/2022
f 459/650/2023 335/493/2024 336/492/2025
f 378/560/2026 379/547/2027 463/659/2028
f 365/536/2029 349/529/2030 511/624/2031
f 460/653/2032 349/529/2033 350/533/2034
f 354/545/2035 355/532/2036 461/656/2037
f 379/547/2038 511/624/2039 355/532/2040
f 365/536/2041 511/624/2042 379/547/2043
f 462/658/2044 365/536/2045 366/559/2046
f 450/627/2047 277/379/2048 278/391/2049
f 451/630/2050 283/382/2051 284/381/2052
f 469/677/2053 423/501/2054 424/500/2055
f 468/672/2056 419/572/2057 414/601/2058
f 466/669/2059 405/540/2060 406/539/2061
f 467/671/2062 411/565/2063 412/589/2064
f 470/680/2065 427/578/2066 428/577/2067
f 473/685/2068 449/483/2069 444/604/2070
f 452/633/2071 287/407/2072 288/419/2073
f 453/634/2074 297/420/2075 292/432/2076
f 455/640/2077 305/450/2078 306/449/2079
f 454/637/2080 303/445/2081 298/444/2082
f 471/681/2083 437/523/2084 432/617/2085
f 472/684/2086 441/555/2087 442/554/2088
f 572/688/2089 575/689/2090 518/690/2091 512/691/2092
f 578/692/2093 572/688/2094 512/691/2095 515/693/2096
f 581/694/2097 578/692/2098 515/693/2099 521/695/2100
f 584/696/2101 581/694/2102 521/695/2103 524/697/2104
f 587/698/2105 584/696/2106 524/697/2107 527/699/2108
f 590/700/2109 587/698/2110 527/699/2111 530/701/2112
f 593/702/2113 590/700/2114 530/701/2115 533/703/2116
f 596/704/2117 593/702/2118 533/703/2119 536/705/2120
f 599/706/2121 596/704/2122 536/705/2123 539/707/2124
f 602/708/2125 599/706/2126 539/707/2127 542/709/2128
f 605/710/2129 602/708/2130 542/709/2131 545/711/2132
f 608/712/2133 605/710/2134 545/711/2135 548/713/2136
f 611/714/2137 608/712/2138 548/713/2139 551/715/2140
f 614/716/2141 611/714/2142 551/715/2143 554/717/2144
f 617/718/2145 614/716/2146 554/717/2147 557/719/2148
f 620/720/2149 617/721/2150 557/722/2151 560/723/2152
f 623/724/2153 620/720/2154 560/723/2155 563/725/2156
f 626/726/2157 623/724/2158 563/725/2159 566/727/2160
f 629/728/2161 626/726/2162 566/727/2163 569/729/2164
f 575/689/2165 629/728/2166 569/729/2167 518/690/2168
f 692/730/2169 695/731/2170 637/732/2171 634/733/2172
f 698/734/2173 692/730/2174 634/733/2175 640/735/2176
f 701/736/2177 698/734/2178 640/735/2179 643/737/2180
f 704/738/2181 701/736/2182 643/737/2183 646/739/2184
f 707/740/2185 704/738/2186 646/739/2187 649/741/2188
f 710/742/2189 707/740/2190 649/741/2191 652/743/2192
f 713/744/2193 710/742/2194 652/743/2195 655/745/2196
f 716/746/2197 713/744/2198 655/745/2199 658/747/2200
f 719/748/2201 716/746/2202 658/747/2203 661/749/2204
f 722/750/2205 719/748/2206 661/749/2207 664/751/2208
f 725/752/2209 722/750/2210 664/751/2211 667/753/2212
f 728/754/2213 725/752/2214 667/753/2215 670/755/2216
f 731/756/2217 728/754/2218 670/755/2219 673/757/2220
f 734/758/2221 731/756/2222 673/757/2223 676/759/2224
f 737/760/2225 734/758/2226 676/759/2227 679/761/2228
f 740/762/2229 737/763/2230 679/764/2231 682/765/2232
f 743/766/2233 740/762/2234 682/765/2235 685/767/2236
f 746/768/2237 743/766/2238 685/767/2239 688/769/2240
f 749/770/2241 746/768/2242 688/769/2243 691/771/2244
f 695/731/2245 749/770/2246 691/771/2247 637/732/2248
f 574/772/2249 580/773/2250 752/774/2251 753/775/2252
f 580/773/2253 583/776/2254 771/777/2255 752/774/2256
f 583/776/2257 586/778/2258 770/779/2259 771/777/2260
f 586/778/2261 589/780/2262 769/781/2263 770/779/2264
f 589/780/2265 592/782/2266 768/783/2267 769/781/2268
f 592/782/2269 595/784/2270 767/785/2271 768/783/2272
f 595/784/2273 598/786/2274 766/787/2275 767/785/2276
f 598/786/2277 601/788/2278 765/789/2279 766/787/2280
f 601/788/2281 604/790/2282 764/791/2283 765/789/2284
f 604/790/2285 607/792/2286 763/793/2287 764/791/2288
f 607/792/2289 610/794/2290 762/795/2291 763/793/2292
f 610/794/2293 613/796/2294 761/797/2295 762/795/2296
f 613/796/2297 616/798/2298 760/799/2299 761/797/2300
f 616/798/2301 619/800/2302 759/801/2303 760/799/2304
f 619/802/2305 622/803/2306 758/804/2307 759/805/2308
f 622/803/2309 625/806/2310 757/807/2311 758/804/2312
f 625/806/2313 628/808/2314 756/809/2315 757/807/2316
f 628/808/2317 631/810/2318 755/811/2319 756/809/2320
f 631/810/2321 577/812/2322 754/813/2323 755/811/2324
f 577/812/2325 574/772/2326 753/775/2327 754/813/2328
f 559/814/2329 556/815/2330 736/816/2331 739/817/2332
f 556/815/2333 553/818/2334 733/819/2335 736/816/2336
f 553/818/2337 550/820/2338 730/821/2339 733/819/2340
f 550/820/2341 547/822/2342 727/823/2343 730/821/2344
f 547/822/2345 544/824/2346 724/825/2347 727/823/2348
f 544/824/2349 541/826/2350 721/827/2351 724/825/2352
f 541/826/2353 538/828/2354 718/829/2355 721/827/2356
f 538/828/2357 535/830/2358 715/831/2359 718/829/2360
f 535/830/2361 532/832/2362 712/833/2363 715/831/2364
f 532/832/2365 529/834/2366 709/835/2367 712/833/2368
f 529/834/2369 526/836/2370 706/837/2371 709/835/2372
f 526/836/2373 523/838/2374 703/839/2375 706/837/2376
f 523/838/2377 517/840/2378 700/841/2379 703/839/2380
f 517/840/2381 514/842/2382 694/843/2383 700/841/2384
f 514/842/2385 520/844/2386 697/845/2387 694/843/2388
f 520/844/2389 571/846/2390 751/847/2391 697/845/2392
f 571/846/2393 568/848/2394 748/849/2395 751/847/2396
f 568/848/2397 565/850/2398 745/851/2399 748/849/2400
f 565/850/2401 562/852/2402 742/853/2403 745/851/2404
f 562/852/2405 559/854/2406 739/855/2407 742/853/2408
f 512/691/2409 513/856/2410 516/857/2411 515/693/2412
f 513/856/2413 514/842/2414 517/840/2415 516/857/2416
f 515/693/2417 516/857/2418 522/858/2419 521/695/2420
f 516/857/2421 517/840/2422 523/838/2423 522/858/2424
f 514/842/2425 513/856/2426 519/859/2427 520/844/2428
f 513/856/2429 512/691/2430 518/690/2431 519/859/2432
f 521/695/2433 522/858/2434 525/860/2435 524/697/2436
f 522/858/2437 523/838/2438 526/836/2439 525/860/2440
f 524/697/2441 525/860/2442 528/861/2443 527/699/2444
f 525/860/2445 526/836/2446 529/834/2447 528/861/2448
f 527/699/2449 528/861/2450 531/862/2451 530/701/2452
f 528/861/2453 529/834/2454 532/832/2455 531/862/2456
f 530/701/2457 531/862/2458 534/863/2459 533/703/2460
f 531/862/2461 532/832/2462 535/830/2463 534/863/2464
f 533/703/2465 534/863/2466 537/864/2467 536/705/2468
f 534/863/2469 535/830/2470 538/828/2471 537/864/2472
f 536/705/2473 537/864/2474 540/865/2475 539/707/2476
f 537/864/2477 538/828/2478 541/826/2479 540/865/2480
f 539/707/2481 540/865/2482 543/866/2483 542/709/2484
f 540/865/2485 541/826/2486 544/824/2487 543/866/2488
f 542/709/2489 543/866/2490 546/867/2491 545/711/2492
f 543/866/2493 544/824/2494 547/822/2495 546/867/2496
f 545/711/2497 546/867/2498 549/868/2499 548/713/2500
f 546/867/2501 547/822/2502 550/820/2503 549/868/2504
f 548/713/2505 549/868/2506 552/869/2507 551/715/2508
f 549/868/2509 550/820/2510 553/818/2511 552/869/2512
f 551/715/2513 552/869/2514 555/870/2515 554/717/2516
f 552/869/2517 553/818/2518 556/815/2519 555/870/2520
f 554/717/2521 555/870/2522 558/871/2523 557/719/2524
f 555/870/2525 556/815/2526 559/814/2527 558/871/2528
f 557/722/2529 558/872/2530 561/873/2531 560/723/2532
f 558/872/2533 559/854/2534 562/852/2535 561/873/2536
f 560/723/2537 561/873/2538 564/874/2539 563/725/2540
f 561/873/2541 562/852/2542 565/850/2543 564/874/2544
f 563/725/2545 564/874/2546 567/875/2547 566/727/2548
f 564/874/2549 565/850/2550 568/848/2551 567/875/2552
f 566/727/2553 567/875/2554 570/876/2555 569/729/2556
f 567/875/2557 568/848/2558 571/846/2559 570/876/2560
f 520/844/2561 519/859/2562 570/876/2563 571/846/2564
f 519/859/2565 518/690/2566 569/729/2567 570/876/2568
f 572/688/2569 573/877/2570 576/878/2571 575/689/2572
f 573/877/2573 574/772/2574 577/812/2575 576/878/2576
f 575/689/2577 576/878/2578 630/879/2579 629/728/2580
f 576/878/2581 577/812/2582 631/810/2583 630/879/2584
f 574/772/2585 573/877/2586 579/880/2587 580/773/2588
f 573/877/2589 572/688/2590 578/692/2591 579/880/2592
f 580/773/2593 579/880/2594 582/881/2595 583/776/2596
f 579/880/2597 578/692/2598 581/694/2599 582/881/2600
f 583/776/2601 582/881/2602 585/882/2603 586/778/2604
f 582/881/2605 581/694/2606 584/696/2607 585/882/2608
f 586/778/2609 585/882/2610 588/883/2611 589/780/2612
f 585/882/2613 584/696/2614 587/698/2615 588/883/2616
f 589/780/2617 588/883/2618 591/884/2619 592/782/2620
f 588/883/2621 587/698/2622 590/700/2623 591/884/2624
f 592/782/2625 591/884/2626 594/885/2627 595/784/2628
f 591/884/2629 590/700/2630 593/702/2631 594/885/2632
f 595/784/2633 594/885/2634 597/886/2635 598/786/2636
f 594/885/2637 593/702/2638 596/704/2639 597/886/2640
f 598/786/2641 597/886/2642 600/887/2643 601/788/2644
f 597/886/2645 596/704/2646 599/706/2647 600/887/2648
f 601/788/2649 600/887/2650 603/888/2651 604/790/2652
f 600/887/2653 599/706/2654 602/708/2655 603/888/2656
f 604/790/2657 603/888/2658 606/889/2659 607/792/2660
f 603/888/2661 602/708/2662 605/710/2663 606/889/2664
f 607/792/2665 606/889/2666 609/890/2667 610/794/2668
f 606/889/2669 605/710/2670 608/712/2671 609/890/2672
f 610/794/2673 609/890/2674 612/891/2675 613/796/2676
f 609/890/2677 608/712/2678 611/714/2679 612/891/2680
f 613/796/2681 612/891/2682 615/892/2683 616/798/2684
f 612/891/2685 611/714/2686 614/716/2687 615/892/2688
f 616/798/2689 615/892/2690 618/893/2691 619/800/2692
f 615/892/2693 614/716/2694 617/718/2695 618/893/2696
f 619/802/2697 618/894/2698 621/895/2699 622/803/2700
f 618/894/2701 617/721/2702 620/720/2703 621/895/2704
f 622/803/2705 621/895/2706 624/896/2707 625/806/2708
f 621/895/2709 620/720/2710 623/724/2711 624/896/2712
f 625/806/2713 624/896/2714 627/897/2715 628/808/2716
f 624/896/2717 623/724/2718 626/726/2719 627/897/2720
f 628/808/2721 627/897/2722 630/879/2723 631/810/2724
f 627/897/2725 626/726/2726 629/728/2727 630/879/2728
f 632/898/2729 633/899/2730 636/900/2731 635/901/2732
f 633/899/2733 634/733/2734 637/732/2735 636/900/2736
f 635/901/2737 636/900/2738 690/902/2739 689/903/2740
f 636/900/2741 637/732/2742 691/771/2743 690/902/2744
f 634/733/2745 633/899/2746 639/904/2747 640/735/2748
f 633/899/2749 632/898/2750 638/905/2751 639/904/2752
f 640/735/2753 639/904/2754 642/906/2755 643/737/2756
f 639/904/2757 638/905/2758 641/907/2759 642/906/2760
f 643/737/2761 642/906/2762 645/908/2763 646/739/2764
f 642/906/2765 641/907/2766 644/909/2767 645/908/2768
f 646/739/2769 645/908/2770 648/910/2771 649/741/2772
f 645/908/2773 644/909/2774 647/911/2775 648/910/2776
f 649/741/2777 648/910/2778 651/912/2779 652/743/2780
f 648/910/2781 647/911/2782 650/913/2783 651/912/2784
f 652/743/2785 651/912/2786 654/914/2787 655/745/2788
f 651/912/2789 650/913/2790 653/915/2791 654/914/2792
f 655/745/2793 654/914/2794 657/916/2795 658/747/2796
f 654/914/2797 653/915/2798 656/917/2799 657/916/2800
f 658/747/2801 657/916/2802 660/918/2803 661/749/2804
f 657/916/2805 656/917/2806 659/919/2807 660/918/2808
f 661/749/2809 660/918/2810 663/920/2811 664/751/2812
f 660/918/2813 659/919/2814 662/921/2815 663/920/2816
f 664/751/2817 663/920/2818 666/922/2819 667/753/2820
f 663/920/2821 662/921/2822 665/923/2823 666/922/2824
f 667/753/2825 666/922/2826 669/924/2827 670/755/2828
f 666/922/2829 665/923/2830 668/925/2831 669/924/2832
f 670/755/2833 669/924/2834 672/926/2835 673/757/2836
f 669/924/2837 668/925/2838 671/927/2839 672/926/2840
f 673/757/2841 672/926/2842 675/928/2843 676/759/2844
f 672/926/2845 671/927/2846 674/929/2847 675/928/2848
f 676/759/2849 675/928/2850 678/930/2851 679/761/2852
f 675/928/2853 674/929/2854 677/931/2855 678/930/2856
f 679/764/2857 678/932/2858 681/933/2859 682/765/2860
f 678/932/2861 677/934/2862 680/935/2863 681/933/2864
f 682/765/2865 681/933/2866 684/936/2867 685/767/2868
f 681/933/2869 680/935/2870 683/937/2871 684/936/2872
f 685/767/2873 684/936/2874 687/938/2875 688/769/2876
f 684/936/2877 683/937/2878 686/939/2879 687/938/2880
f 688/769/2881 687/938/2882 690/902/2883 691/771/2884
f 687/938/2885 686/939/2886 689/903/2887 690/902/2888
f 692/730/2889 693/940/2890 696/941/2891 695/731/2892
f 693/940/2893 694/843/2894 697/845/2895 696/941/2896
f 695/731/2897 696/941/2898 750/942/2899 749/770/2900
f 696/941/2901 697/845/2902 751/847/2903 750/942/2904
f 694/843/2905 693/940/2906 699/943/2907 700/841/2908
f 693/940/2909 692/730/2910 698/734/2911 699/943/2912
f 700/841/2913 699/943/2914 702/944/2915 703/839/2916
f 699/943/2917 698/734/2918 701/736/2919 702/944/2920
f 703/839/2921 702/944/2922 705/945/2923 706/837/2924
f 702/944/2925 701/736/2926 704/738/2927 705/945/2928
f 706/837/2929 705/945/2930 708/946/2931 709/835/2932
f 705/945/2933 704/738/2934 707/740/2935 708/946/2936
f 709/835/2937 708/946/2938 711/947/2939 712/833/2940
f 708/946/2941 707/740/2942 710/742/2943 711/947/2944
f 712/833/2945 711/947/2946 714/948/2947 715/831/2948
f 711/947/2949 710/742/2950 713/744/2951 714/948/2952
f 715/831/2953 714/948/2954 717/949/2955 718/829/2956
f 714/948/2957 713/744/2958 716/746/2959 717/949/2960
f 718/829/2961 717/949/2962 720/950/2963 721/827/2964
f 717/949/2965 716/746/2966 719/748/2967 720/950/2968
f 721/827/2969 720/950/2970 723/951/2971 724/825/2972
f 720/950/2973 719/748/2974 722/750/2975 723/951/2976
f 724/825/2977 723/951/2978 726/952/2979 727/823/2980
f 723/951/2981 722/750/2982 725/752/2983 726/952/2984
f 727/823/2985 726/952/2986 729/953/2987 730/821/2988
f 726/952/2989 725/752/2990 728/754/2991 729/953/2992
f 730/821/2993 729/953/2994 732/954/2995 733/819/2996
f 729/953/2997 728/754/2998 731/756/2999 732/954/3000
f 733/819/3001 732/954/3002 735/955/3003 736/816/3004
f 732/954/3005 731/756/3006 734/758/3007 735/955/3008
f 736/816/3009 735/955/3010 738/956/3011 739/817/3012
f 735/955/3013 734/758/3014 737/760/3015 738/956/3016
f 739/855/3017 738/957/3018 741/958/3019 742/853/3020
f 738/957/3021 737/763/3022 740/762/3023 741/958/3024
f 742/853/3025 741/958/3026 744/959/3027 745/851/3028
f 741/958/3029 740/762/3030 743/766/3031 744/959/3032
f 745/851/3033 744/959/3034 747/960/3035 748/849/3036
f 744/959/3037 743/766/3038 746/768/3039 747/960/3040
f 748/849/3041 747/960/3042 750/942/3043 751/847/3044
f 747/960/3045 746/768/3046 749/770/3047 750/942/3048
f 753/961/3049 752/962/3050 638/905/3051 632/898/3052
f 754/963/3053 753/961/3054 632/898/3055 635/901/3056
f 755/964/3057 754/963/3058 635/901/3059 689/903/3060
f 756/965/3061 755/964/3062 689/903/3063 686/939/3064
f 757/966/3065 756/965/3066 686/939/3067 683/937/3068
f 758/967/3069 757/966/3070 683/937/3071 680/935/3072
f 759/968/3073 758/967/3074 680/935/3075 677/934/3076
f 760/969/3077 759/970/3078 677/931/3079 674/929/3080
f 761/971/3081 760/969/3082 674/929/3083 671/927/3084
f 762/972/3085 761/971/3086 671/927/3087 668/925/3088
f 763/973/3089 762/972/3090 668/925/3091 665/923/3092
f 764/974/3093 763/973/3094 665/923/3095 662/921/3096
f 765/975/3097 764/974/3098 662/921/3099 659/919/3100
f 766/976/3101 765/975/3102 659/919/3103 656/917/3104
f 767/977/3105 766/976/3106 656/917/3107 653/915/3108
f 768/978/3109 767/977/3110 653/915/3111 650/913/3112
f 769/979/3113 768/978/3114 650/913/3115 647/911/3116
f 770/980/3117 769/979/3118 647/911/3119 644/909/3120
f 771/981/3121 770/980/3122 644/909/3123 641/907/3124
f 752/962/3125 771/981/3126 641/907/3127 638/905/3128
f 1624/2069/3129 1611/2052/3130 808/984/3131 813/985/3132
f 1611/2053/3133 1612/2054/3134 809/988/3135 808/989/3136
f 1610/2051/3137 1599/2039/3138 782/992/3139 781/993/3140
f 1599/2040/3141 1600/2041/3142 783/995/3143 782/996/3144
f 777/987/3145 776/997/3146 786/998/3147 785/999/3148
f 776/997/3149 775/990/3150 787/1000/3151 786/998/3152
f 1620/2064/3153 1621/2065/3154 814/1003/3155 819/1004/3156
f 1621/2066/3157 1622/2067/3158 815/1006/3159 814/1007/3160
f 781/993/3161 780/1008/3162 794/1009/3163 793/1010/3164
f 780/1008/3165 779/1001/3166 795/1011/3167 794/1009/3168
f 1613/2055/3169 1614/2056/3170 798/1013/3171 797/1014/3172
f 1614/2057/3173 1615/2058/3174 799/1017/3175 798/1018/3176
f 1607/2048/3177 1608/2049/3178 792/1020/3179 791/1021/3180
f 1608/2049/3181 1609/2050/3182 793/1010/3183 792/1020/3184
f 1617/2060/3185 1618/2061/3186 806/1023/3187 805/1024/3188
f 1618/2062/3189 1619/2063/3190 807/1026/3191 806/1027/3192
f 797/1014/3193 796/1028/3194 810/1029/3195 809/988/3196
f 796/1030/3197 801/1031/3198 811/1032/3199 810/1033/3200
f 1604/2045/3201 1605/2046/3202 804/1035/3203 803/1036/3204
f 1605/2046/3205 1606/2047/3206 805/1024/3207 804/1035/3208
f 803/1036/3209 802/1037/3210 818/1038/3211 817/1039/3212
f 802/1040/3213 807/1026/3214 819/1004/3215 818/1041/3216
f 1601/2042/3217 1602/2043/3218 816/1043/3219 815/1006/3220
f 1602/2043/3221 1603/2044/3222 817/1039/3223 816/1043/3224
f 1609/2050/3225 1610/2051/3226 781/993/3227 793/1010/3228
f 1606/2047/3229 1616/2059/3230 1617/2060/3231 805/1024/3232
f 1603/2044/3233 1604/2045/3234 803/1036/3235 817/1039/3236
f 1622/2067/3237 1623/2068/3238 1601/2042/3239 815/1006/3240
f 1619/2063/3241 1620/2064/3242 819/1004/3243 807/1026/3244
f 809/988/3245 1612/2054/3246 1613/2055/3247 797/1014/3248
f 776/997/3249 777/987/3250 772/986/3251 820/1044/3252
f 772/983/3253 773/982/3254 774/994/3255 820/1045/3256
f 774/991/3257 775/990/3258 776/997/3259 820/1044/3260
f 782/996/3261 783/995/3262 778/1005/3263 821/1046/3264
f 778/1002/3265 779/1001/3266 780/1008/3267 821/1047/3268
f 780/1008/3269 781/993/3270 782/992/3271 821/1047/3272
f 788/1019/3273 789/1016/3274 784/1015/3275 822/1048/3276
f 784/1012/3277 785/999/3278 786/998/3279 822/1048/3280
f 786/998/3281 787/1000/3282 788/1019/3283 822/1048/3284
f 794/1009/3285 795/1011/3286 790/1025/3287 823/1049/3288
f 790/1022/3289 791/1021/3290 792/1020/3291 823/1049/3292
f 792/1020/3293 793/1010/3294 794/1009/3295 823/1049/3296
f 800/1034/3297 801/1031/3298 796/1030/3299 824/1050/3300
f 796/1028/3301 797/1014/3302 798/1013/3303 824/1051/3304
f 798/1018/3305 799/1017/3306 800/1034/3307 824/1050/3308
f 806/1027/3309 807/1026/3310 802/1040/3311 825/1052/3312
f 802/1037/3313 803/1036/3314 804/1035/3315 825/1053/3316
f 804/1035/3317 805/1024/3318 806/1023/3319 825/1053/3320
f 812/1042/3321 813/985/3322 808/984/3323 826/1054/3324
f 808/989/3325 809/988/3326 810/1029/3327 826/1055/3328
f 810/1033/3329 811/1032/3330 812/1042/3331 826/1054/3332
f 818/1041/3333 819/1004/3334 814/1003/3335 827/1056/3336
f 814/1007/3337 815/1006/3338 816/1043/3339 827/1057/3340
f 816/1043/3341 817/1039/3342 818/1038/3343 827/1057/3344
f 829/1058/3345 828/1059/3346 880/1060/3347 879/1061/3348
f 828/1062/3349 835/1063/3350 881/1064/3351 880/1065/3352
f 831/1066/3353 830/1067/3354 866/1068/3355 865/1069/3356
f 830/1067/3357 829/1058/3358 867/1070/3359 866/1068/3360
f 944/1071/3361 936/1072/3362 848/1073/3363 847/1074/3364
f 936/1075/3365 937/1076/3366 849/1077/3367 848/1078/3368
f 835/1063/3369 834/1079/3370 838/1080/3371 837/1081/3372
f 834/1079/3373 833/1082/3374 839/1083/3375 838/1080/3376
f 837/1081/3377 836/1084/3378 888/1085/3379 887/1086/3380
f 836/1087/3381 843/1088/3382 889/1089/3383 888/1090/3384
f 941/1091/3385 942/1092/3386 856/1093/3387 855/1094/3388
f 942/1092/3389 943/1095/3390 857/1096/3391 856/1093/3392
f 843/1088/3393 842/1097/3394 862/1098/3395 861/1099/3396
f 842/1097/3397 841/1100/3398 863/1101/3399 862/1098/3400
f 845/1102/3401 844/1103/3402 920/1104/3403 919/1105/3404
f 844/1106/3405 851/1107/3406 921/1108/3407 920/1109/3408
f 847/1074/3409 846/1110/3410 858/1111/3411 857/1096/3412
f 846/1110/3413 845/1102/3414 859/1112/3415 858/1111/3416
f 851/1107/3417 850/1113/3418 870/1114/3419 869/1115/3420
f 850/1113/3421 849/1077/3422 871/1116/3423 870/1114/3424
f 853/1117/3425 852/1118/3426 912/1119/3427 911/1120/3428
f 852/1121/3429 859/1112/3430 913/1122/3431 912/1123/3432
f 855/1094/3433 854/1124/3434 874/1125/3435 873/1126/3436
f 854/1124/3437 853/1117/3438 875/1127/3439 874/1125/3440
f 861/1099/3441 860/1128/3442 896/1129/3443 895/1130/3444
f 860/1131/3445 867/1070/3446 897/1132/3447 896/1133/3448
f 938/1134/3449 939/1135/3450 872/1136/3451 871/1116/3452
f 939/1135/3453 940/1137/3454 873/1126/3455 872/1136/3456
f 869/1115/3457 868/1138/3458 904/1139/3459 903/1140/3460
f 868/1141/3461 875/1127/3462 905/1142/3463 904/1143/3464
f 877/1144/3465 876/1145/3466 916/1146/3467 923/1147/3468
f 876/1148/3469 883/1149/3470 917/1150/3471 916/1151/3472
f 879/1061/3473 878/1152/3474 898/1153/3475 897/1132/3476
f 878/1152/3477 877/1144/3478 899/1154/3479 898/1153/3480
f 883/1149/3481 882/1155/3482 886/1156/3483 885/1157/3484
f 882/1155/3485 881/1064/3486 887/1086/3487 886/1156/3488
f 885/1157/3489 884/1158/3490 908/1159/3491 915/1160/3492
f 884/1161/3493 891/1162/3494 909/1163/3495 908/1164/3496
f 891/1162/3497 890/1165/3498 894/1166/3499 893/1167/3500
f 890/1165/3501 889/1089/3502 895/1130/3503 894/1166/3504
f 893/1167/3505 892/1168/3506 900/1169/3507 907/1170/3508
f 892/1171/3509 899/1154/3510 901/1172/3511 900/1173/3512
f 903/1140/3513 902/1174/3514 922/1175/3515 921/1108/3516
f 902/1174/3517 901/1172/3518 923/1147/3519 922/1175/3520
f 907/1170/3521 906/1176/3522 910/1177/3523 909/1163/3524
f 906/1176/3525 905/1142/3526 911/1120/3527 910/1177/3528
f 915/1160/3529 914/1178/3530 918/1179/3531 917/1150/3532
f 914/1178/3533 913/1122/3534 919/1105/3535 918/1179/3536
f 847/1074/3537 857/1096/3538 943/1095/3539 944/1071/3540
f 940/1137/3541 941/1091/3542 855/1094/3543 873/1126/3544
f 849/1077/3545 937/1076/3546 938/1134/3547 871/1116/3548
f 835/1063/3549 837/1081/3550 887/1086/3551 881/1064/3552
f 843/1088/3553 861/1099/3554 895/1130/3555 889/1089/3556
f 867/1070/3557 829/1058/3558 879/1061/3559 897/1132/3560
f 875/1127/3561 853/1117/3562 911/1120/3563 905/1142/3564
f 859/1112/3565 845/1102/3566 919/1105/3567 913/1122/3568
f 851/1107/3569 869/1115/3570 903/1140/3571 921/1108/3572
f 891/1162/3573 893/1167/3574 907/1170/3575 909/1163/3576
f 899/1154/3577 877/1144/3578 923/1147/3579 901/1172/3580
f 883/1149/3581 885/1157/3582 915/1160/3583 917/1150/3584
f 834/1079/3585 835/1063/3586 828/1062/3587 924/1180/3588
f 828/1059/3589 829/1058/3590 830/1067/3591 924/1181/3592
f 830/1067/3593 831/1066/3594 832/1182/3595 924/1181/3596
f 832/1183/3597 833/1082/3598 834/1079/3599 924/1180/3600
f 842/1097/3601 843/1088/3602 836/1087/3603 925/1184/3604
f 836/1084/3605 837/1081/3606 838/1080/3607 925/1185/3608
f 838/1080/3609 839/1083/3610 840/1186/3611 925/1185/3612
f 840/1186/3613 841/1100/3614 842/1097/3615 925/1184/3616
f 850/1113/3617 851/1107/3618 844/1106/3619 926/1187/3620
f 844/1103/3621 845/1102/3622 846/1110/3623 926/1188/3624
f 846/1110/3625 847/1074/3626 848/1073/3627 926/1188/3628
f 848/1078/3629 849/1077/3630 850/1113/3631 926/1187/3632
f 858/1111/3633 859/1112/3634 852/1121/3635 927/1189/3636
f 852/1118/3637 853/1117/3638 854/1124/3639 927/1190/3640
f 854/1124/3641 855/1094/3642 856/1093/3643 927/1190/3644
f 856/1093/3645 857/1096/3646 858/1111/3647 927/1189/3648
f 866/1068/3649 867/1070/3650 860/1131/3651 928/1191/3652
f 860/1128/3653 861/1099/3654 862/1098/3655 928/1192/3656
f 862/1098/3657 863/1101/3658 864/1193/3659 928/1192/3660
f 864/1193/3661 865/1069/3662 866/1068/3663 928/1191/3664
f 874/1125/3665 875/1127/3666 868/1141/3667 929/1194/3668
f 868/1138/3669 869/1115/3670 870/1114/3671 929/1195/3672
f 870/1114/3673 871/1116/3674 872/1136/3675 929/1195/3676
f 872/1136/3677 873/1126/3678 874/1125/3679 929/1194/3680
f 882/1155/3681 883/1149/3682 876/1148/3683 930/1196/3684
f 876/1145/3685 877/1144/3686 878/1152/3687 930/1197/3688
f 878/1152/3689 879/1061/3690 880/1060/3691 930/1197/3692
f 880/1065/3693 881/1064/3694 882/1155/3695 930/1196/3696
f 890/1165/3697 891/1162/3698 884/1161/3699 931/1198/3700
f 884/1158/3701 885/1157/3702 886/1156/3703 931/1199/3704
f 886/1156/3705 887/1086/3706 888/1085/3707 931/1199/3708
f 888/1090/3709 889/1089/3710 890/1165/3711 931/1198/3712
f 898/1153/3713 899/1154/3714 892/1171/3715 932/1200/3716
f 892/1168/3717 893/1167/3718 894/1166/3719 932/1201/3720
f 894/1166/3721 895/1130/3722 896/1129/3723 932/1201/3724
f 896/1133/3725 897/1132/3726 898/1153/3727 932/1200/3728
f 906/1176/3729 907/1170/3730 900/1169/3731 933/1202/3732
f 900/1173/3733 901/1172/3734 902/1174/3735 933/1203/3736
f 902/1174/3737 903/1140/3738 904/1139/3739 933/1203/3740
f 904/1143/3741 905/1142/3742 906/1176/3743 933/1202/3744
f 914/1178/3745 915/1160/3746 908/1159/3747 934/1204/3748
f 908/1164/3749 909/1163/3750 910/1177/3751 934/1205/3752
f 910/1177/3753 911/1120/3754 912/1119/3755 934/1205/3756
f 912/1123/3757 913/1122/3758 914/1178/3759 934/1204/3760
f 922/1175/3761 923/1147/3762 916/1146/3763 935/1206/3764
f 916/1151/3765 917/1150/3766 918/1179/3767 935/1207/3768
f 918/1179/3769 919/1105/3770 920/1104/3771 935/1207/3772
f 920/1109/3773 921/1108/3774 922/1175/3775 935/1206/3776
f 832/1182/3777 831/1066/3778 937/1208/3779 936/1209/3780
f 938/1210/3781 937/1208/3782 831/1066/3783 865/1069/3784
f 865/1069/3785 864/1193/3786 939/1211/3787 938/1210/3788
f 864/1193/3789 863/1101/3790 940/1212/3791 939/1211/3792
f 841/1100/3793 941/1213/3794 940/1212/3795 863/1101/3796
f 841/1100/3797 840/1186/3798 942/1214/3799 941/1213/3800
f 840/1186/3801 839/1083/3802 943/1215/3803 942/1214/3804
f 944/1216/3805 943/1215/3806 839/1083/3807 833/1082/3808
f 833/1082/3809 832/1183/3810 936/1217/3811 944/1216/3812
f 946/1218/3813 945/1219/3814 1013/1220/3815 1012/1221/3816
f 945/1222/3817 952/1223/3818 1014/1224/3819 1013/1225/3820
f 948/1226/3821 947/1227/3822 967/1228/3823 966/1229/3824
f 947/1227/3825 946/1218/3826 968/1230/3827 967/1228/3828
f 1100/1231/3829 1089/1232/3830 997/1233/3831 996/1234/3832
f 1089/1232/3833 1090/1235/3834 998/1236/3835 997/1233/3836
f 952/1223/3837 951/1237/3838 955/1238/3839 954/1239/3840
f 951/1237/3841 950/1240/3842 956/1241/3843 955/1238/3844
f 954/1239/3845 953/1242/3846 1021/1243/3847 1020/1244/3848
f 953/1245/3849 960/1246/3850 1022/1247/3851 1021/1248/3852
f 1097/1249/3853 1098/1250/3854 1005/1251/3855 1004/1252/3856
f 1098/1253/3857 1099/1254/3858 1006/1255/3859 1005/1256/3860
f 960/1246/3861 959/1257/3862 971/1258/3863 970/1259/3864
f 959/1257/3865 958/1260/3866 972/1261/3867 971/1258/3868
f 962/1262/3869 961/1263/3870 1037/1264/3871 1036/1265/3872
f 961/1266/3873 968/1230/3874 1038/1267/3875 1037/1268/3876
f 964/1269/3877 963/1270/3878 975/1271/3879 974/1272/3880
f 963/1270/3881 962/1262/3882 976/1273/3883 975/1271/3884
f 1091/1274/3885 1092/1275/3886 981/1276/3887 980/1277/3888
f 1092/1275/3889 1093/1278/3890 982/1279/3891 981/1276/3892
f 970/1259/3893 969/1280/3894 1029/1281/3895 1028/1282/3896
f 969/1283/3897 976/1273/3898 1030/1284/3899 1029/1285/3900
f 1094/1286/3901 1095/1287/3902 989/1288/3903 988/1289/3904
f 1095/1287/3905 1096/1290/3906 990/1291/3907 989/1288/3908
f 978/1292/3909 977/1293/3910 1045/1294/3911 1044/1295/3912
f 977/1296/3913 984/1297/3914 1046/1298/3915 1045/1299/3916
f 980/1277/3917 979/1300/3918 999/1301/3919 998/1236/3920
f 979/1300/3921 978/1292/3922 1000/1302/3923 999/1301/3924
f 984/1297/3925 983/1303/3926 987/1304/3927 986/1305/3928
f 983/1303/3929 982/1279/3930 988/1289/3931 987/1304/3932
f 986/1305/3933 985/1306/3934 1053/1307/3935 1052/1308/3936
f 985/1309/3937 992/1310/3938 1054/1311/3939 1053/1312/3940
f 992/1310/3941 991/1313/3942 1003/1314/3943 1002/1315/3944
f 991/1313/3945 990/1291/3946 1004/1252/3947 1003/1314/3948
f 994/1316/3949 993/1317/3950 1069/1318/3951 1068/1319/3952
f 993/1320/3953 1000/1302/3954 1070/1321/3955 1069/1322/3956
f 996/1234/3957 995/1323/3958 1007/1324/3959 1006/1255/3960
f 995/1323/3961 994/1316/3962 1008/1325/3963 1007/1324/3964
f 1002/1315/3965 1001/1326/3966 1061/1327/3967 1060/1328/3968
f 1001/1329/3969 1008/1325/3970 1062/1330/3971 1061/1331/3972
f 1010/1332/3973 1009/1333/3974 1065/1334/3975 1072/1335/3976
f 1009/1336/3977 1016/1337/3978 1066/1338/3979 1065/1339/3980
f 1012/1221/3981 1011/1340/3982 1039/1341/3983 1038/1267/3984
f 1011/1340/3985 1010/1332/3986 1040/1342/3987 1039/1341/3988
f 1016/1337/3989 1015/1343/3990 1019/1344/3991 1018/1345/3992
f 1015/1343/3993 1014/1224/3994 1020/1244/3995 1019/1344/3996
f 1018/1345/3997 1017/1346/3998 1057/1347/3999 1064/1348/4000
f 1017/1349/4001 1024/1350/4002 1058/1351/4003 1057/1352/4004
f 1024/1350/4005 1023/1353/4006 1027/1354/4007 1026/1355/4008
f 1023/1353/4009 1022/1247/4010 1028/1282/4011 1027/1354/4012
f 1026/1355/4013 1025/1356/4014 1049/1357/4015 1056/1358/4016
f 1025/1359/4017 1032/1360/4018 1050/1361/4019 1049/1362/4020
f 1032/1360/4021 1031/1363/4022 1035/1364/4023 1034/1365/4024
f 1031/1363/4025 1030/1284/4026 1036/1265/4027 1035/1364/4028
f 1034/1365/4029 1033/1366/4030 1041/1367/4031 1048/1368/4032
f 1033/1369/4033 1040/1342/4034 1042/1370/4035 1041/1371/4036
f 1044/1295/4037 1043/1372/4038 1071/1373/4039 1070/1321/4040
f 1043/1372/4041 1042/1370/4042 1072/1335/4043 1071/1373/4044
f 1048/1368/4045 1047/1374/4046 1051/1375/4047 1050/1361/4048
f 1047/1374/4049 1046/1298/4050 1052/1308/4051 1051/1375/4052
f 1056/1358/4053 1055/1376/4054 1059/1377/4055 1058/1351/4056
f 1055/1376/4057 1054/1311/4058 1060/1328/4059 1059/1377/4060
f 1064/1348/4061 1063/1378/4062 1067/1379/4063 1066/1338/4064
f 1063/1378/4065 1062/1330/4066 1068/1319/4067 1067/1379/4068
f 1093/1278/4069 1094/1286/4070 988/1289/4071 982/1279/4072
f 996/1234/4073 1006/1255/4074 1099/1254/4075 1100/1231/4076
f 1096/1290/4077 1097/1249/4078 1004/1252/4079 990/1291/4080
f 998/1236/4081 1090/1235/4082 1091/1274/4083 980/1277/4084
f 952/1223/4085 954/1239/4086 1020/1244/4087 1014/1224/4088
f 960/1246/4089 970/1259/4090 1028/1282/4091 1022/1247/4092
f 976/1273/4093 962/1262/4094 1036/1265/4095 1030/1284/4096
f 968/1230/4097 946/1218/4098 1012/1221/4099 1038/1267/4100
f 984/1297/4101 986/1305/4102 1052/1308/4103 1046/1298/4104
f 992/1310/4105 1002/1315/4106 1060/1328/4107 1054/1311/4108
f 1008/1325/4109 994/1316/4110 1068/1319/4111 1062/1330/4112
f 1000/1302/4113 978/1292/4114 1044/1295/4115 1070/1321/4116
f 1024/1350/4117 1026/1355/4118 1056/1358/4119 1058/1351/4120
f 1032/1360/4121 1034/1365/4122 1048/1368/4123 1050/1361/4124
f 1040/1342/4125 1010/1332/4126 1072/1335/4127 1042/1370/4128
f 1016/1337/4129 1018/1345/4130 1064/1348/4131 1066/1338/4132
f 951/1237/4133 952/1223/4134 945/1222/4135 1073/1380/4136
f 945/1219/4137 946/1218/4138 947/1227/4139 1073/1381/4140
f 947/1227/4141 948/1226/4142 949/1382/4143 1073/1381/4144
f 949/1382/4145 950/1240/4146 951/1237/4147 1073/1380/4148
f 959/1257/4149 960/1246/4150 953/1245/4151 1074/1383/4152
f 953/1242/4153 954/1239/4154 955/1238/4155 1074/1384/4156
f 955/1238/4157 956/1241/4158 957/1385/4159 1074/1384/4160
f 957/1386/4161 958/1260/4162 959/1257/4163 1074/1383/4164
f 967/1228/4165 968/1230/4166 961/1266/4167 1075/1387/4168
f 961/1263/4169 962/1262/4170 963/1270/4171 1075/1388/4172
f 963/1270/4173 964/1269/4174 965/1389/4175 1075/1388/4176
f 965/1389/4177 966/1229/4178 967/1228/4179 1075/1387/4180
f 975/1271/4181 976/1273/4182 969/1283/4183 1076/1390/4184
f 969/1280/4185 970/1259/4186 971/1258/4187 1076/1391/4188
f 971/1258/4189 972/1261/4190 973/1392/4191 1076/1391/4192
f 973/1392/4193 974/1272/4194 975/1271/4195 1076/1390/4196
f 983/1303/4197 984/1297/4198 977/1296/4199 1077/1393/4200
f 977/1293/4201 978/1292/4202 979/1300/4203 1077/1394/4204
f 979/1300/4205 980/1277/4206 981/1276/4207 1077/1394/4208
f 981/1276/4209 982/1279/4210 983/1303/4211 1077/1393/4212
f 991/1313/4213 992/1310/4214 985/1309/4215 1078/1395/4216
f 985/1306/4217 986/1305/4218 987/1304/4219 1078/1396/4220
f 987/1304/4221 988/1289/4222 989/1288/4223 1078/1396/4224
f 989/1288/4225 990/1291/4226 991/1313/4227 1078/1395/4228
f 999/1301/4229 1000/1302/4230 993/1320/4231 1079/1397/4232
f 993/1317/4233 994/1316/4234 995/1323/4235 1079/1398/4236
f 995/1323/4237 996/1234/4238 997/1233/4239 1079/1398/4240
f 997/1233/4241 998/1236/4242 999/1301/4243 1079/1397/4244
f 1007/1324/4245 1008/1325/4246 1001/1329/4247 1080/1399/4248
f 1001/1326/4249 1002/1315/4250 1003/1314/4251 1080/1400/4252
f 1003/1314/4253 1004/1252/4254 1005/1251/4255 1080/1400/4256
f 1005/1256/4257 1006/1255/4258 1007/1324/4259 1080/1399/4260
f 1015/1343/4261 1016/1337/4262 1009/1336/4263 1081/1401/4264
f 1009/1333/4265 1010/1332/4266 1011/1340/4267 1081/1402/4268
f 1011/1340/4269 1012/1221/4270 1013/1220/4271 1081/1402/4272
f 1013/1225/4273 1014/1224/4274 1015/1343/4275 1081/1401/4276
f 1023/1353/4277 1024/1350/4278 1017/1349/4279 1082/1403/4280
f 1017/1346/4281 1018/1345/4282 1019/1344/4283 1082/1404/4284
f 1019/1344/4285 1020/1244/4286 1021/1243/4287 1082/1404/4288
f 1021/1248/4289 1022/1247/4290 1023/1353/4291 1082/1403/4292
f 1031/1363/4293 1032/1360/4294 1025/1359/4295 1083/1405/4296
f 1025/1356/4297 1026/1355/4298 1027/1354/4299 1083/1406/4300
f 1027/1354/4301 1028/1282/4302 1029/1281/4303 1083/1406/4304
f 1029/1285/4305 1030/1284/4306 1031/1363/4307 1083/1405/4308
f 1039/1341/4309 1040/1342/4310 1033/1369/4311 1084/1407/4312
f 1033/1366/4313 1034/1365/4314 1035/1364/4315 1084/1408/4316
f 1035/1364/4317 1036/1265/4318 1037/1264/4319 1084/1408/4320
f 1037/1268/4321 1038/1267/4322 1039/1341/4323 1084/1407/4324
f 1047/1374/4325 1048/1368/4326 1041/1367/4327 1085/1409/4328
f 1041/1371/4329 1042/1370/4330 1043/1372/4331 1085/1410/4332
f 1043/1372/4333 1044/1295/4334 1045/1294/4335 1085/1410/4336
f 1045/1299/4337 1046/1298/4338 1047/1374/4339 1085/1409/4340
f 1055/1376/4341 1056/1358/4342 1049/1357/4343 1086/1411/4344
f 1049/1362/4345 1050/1361/4346 1051/1375/4347 1086/1412/4348
f 1051/1375/4349 1052/1308/4350 1053/1307/4351 1086/1412/4352
f 1053/1312/4353 1054/1311/4354 1055/1376/4355 1086/1411/4356
f 1063/1378/4357 1064/1348/4358 1057/1347/4359 1087/1413/4360
f 1057/1352/4361 1058/1351/4362 1059/1377/4363 1087/1414/4364
f 1059/1377/4365 1060/1328/4366 1061/1327/4367 1087/1414/4368
f 1061/1331/4369 1062/1330/4370 1063/1378/4371 1087/1413/4372
f 1071/1373/4373 1072/1335/4374 1065/1334/4375 1088/1415/4376
f 1065/1339/4377 1066/1338/4378 1067/1379/4379 1088/1416/4380
f 1067/1379/4381 1068/1319/4382 1069/1318/4383 1088/1416/4384
f 1069/1322/4385 1070/1321/4386 1071/1373/4387 1088/1415/4388
f 949/1382/4389 948/1226/4390 1090/1417/4391 1089/1418/4392
f 1091/1419/4393 1090/1417/4394 948/1226/4395 966/1229/4396
f 966/1229/4397 965/1389/4398 1092/1420/4399 1091/1419/4400
f 965/1389/4401 964/1269/4402 1093/1421/4403 1092/1420/4404
f 964/1269/4405 974/1272/4406 1094/1422/4407 1093/1421/4408
f 974/1272/4409 973/1392/4410 1095/1423/4411 1094/1422/4412
f 973/1392/4413 972/1261/4414 1096/1424/4415 1095/1423/4416
f 958/1260/4417 1097/1425/4418 1096/1424/4419 972/1261/4420
f 958/1260/4421 957/1386/4422 1098/1426/4423 1097/1425/4424
f 957/1385/4425 956/1241/4426 1099/1427/4427 1098/1428/4428
f 1100/1429/4429 1099/1427/4430 956/1241/4431 950/1240/4432
f 950/1240/4433 949/1382/4434 1089/1418/4435 1100/1429/4436
f 1161/1430/4437 1164/1431/4438 1107/1432/4439 1101/1433/4440
f 1167/1434/4441 1161/1430/4442 1101/1433/4443 1104/1435/4444
f 1170/1436/4445 1167/1434/4446 1104/1435/4447 1110/1437/4448
f 1173/1438/4449 1170/1436/4450 1110/1437/4451 1113/1439/4452
f 1176/1440/4453 1173/1438/4454 1113/1439/4455 1116/1441/4456
f 1179/1442/4457 1176/1440/4458 1116/1441/4459 1119/1443/4460
f 1182/1444/4461 1179/1442/4462 1119/1443/4463 1122/1445/4464
f 1185/1446/4465 1182/1444/4466 1122/1445/4467 1125/1447/4468
f 1188/1448/4469 1185/1446/4470 1125/1447/4471 1128/1449/4472
f 1191/1450/4473 1188/1448/4474 1128/1449/4475 1131/1451/4476
f 1194/1452/4477 1191/1450/4478 1131/1451/4479 1134/1453/4480
f 1197/1454/4481 1194/1452/4482 1134/1453/4483 1137/1455/4484
f 1200/1456/4485 1197/1454/4486 1137/1455/4487 1140/1457/4488
f 1203/1458/4489 1200/1456/4490 1140/1457/4491 1143/1459/4492
f 1206/1460/4493 1203/1458/4494 1143/1459/4495 1146/1461/4496
f 1209/1462/4497 1206/1463/4498 1146/1464/4499 1149/1465/4500
f 1212/1466/4501 1209/1462/4502 1149/1465/4503 1152/1467/4504
f 1215/1468/4505 1212/1466/4506 1152/1467/4507 1155/1469/4508
f 1218/1470/4509 1215/1468/4510 1155/1469/4511 1158/1471/4512
f 1164/1431/4513 1218/1470/4514 1158/1471/4515 1107/1432/4516
f 1281/1472/4517 1284/1473/4518 1226/1474/4519 1223/1475/4520
f 1287/1476/4521 1281/1472/4522 1223/1475/4523 1229/1477/4524
f 1290/1478/4525 1287/1476/4526 1229/1477/4527 1232/1479/4528
f 1293/1480/4529 1290/1478/4530 1232/1479/4531 1235/1481/4532
f 1296/1482/4533 1293/1480/4534 1235/1481/4535 1238/1483/4536
f 1299/1484/4537 1296/1482/4538 1238/1483/4539 1241/1485/4540
f 1302/1486/4541 1299/1484/4542 1241/1485/4543 1244/1487/4544
f 1305/1488/4545 1302/1486/4546 1244/1487/4547 1247/1489/4548
f 1308/1490/4549 1305/1488/4550 1247/1489/4551 1250/1491/4552
f 1311/1492/4553 1308/1490/4554 1250/1491/4555 1253/1493/4556
f 1314/1494/4557 1311/1492/4558 1253/1493/4559 1256/1495/4560
f 1317/1496/4561 1314/1494/4562 1256/1495/4563 1259/1497/4564
f 1320/1498/4565 1317/1496/4566 1259/1497/4567 1262/1499/4568
f 1323/1500/4569 1320/1498/4570 1262/1499/4571 1265/1501/4572
f 1326/1502/4573 1323/1500/4574 1265/1501/4575 1268/1503/4576
f 1329/1504/4577 1326/1505/4578 1268/1506/4579 1271/1507/4580
f 1332/1508/4581 1329/1504/4582 1271/1507/4583 1274/1509/4584
f 1335/1510/4585 1332/1508/4586 1274/1509/4587 1277/1511/4588
f 1338/1512/4589 1335/1510/4590 1277/1511/4591 1280/1513/4592
f 1284/1473/4593 1338/1512/4594 1280/1513/4595 1226/1474/4596
f 1163/1514/4597 1169/1515/4598 1341/1516/4599 1342/1517/4600
f 1169/1515/4601 1172/1518/4602 1360/1519/4603 1341/1516/4604
f 1172/1518/4605 1175/1520/4606 1359/1521/4607 1360/1519/4608
f 1175/1520/4609 1178/1522/4610 1358/1523/4611 1359/1521/4612
f 1178/1522/4613 1181/1524/4614 1357/1525/4615 1358/1523/4616
f 1181/1524/4617 1184/1526/4618 1356/1527/4619 1357/1525/4620
f 1184/1526/4621 1187/1528/4622 1355/1529/4623 1356/1527/4624
f 1187/1528/4625 1190/1530/4626 1354/1531/4627 1355/1529/4628
f 1190/1530/4629 1193/1532/4630 1353/1533/4631 1354/1531/4632
f 1193/1532/4633 1196/1534/4634 1352/1535/4635 1353/1533/4636
f 1196/1534/4637 1199/1536/4638 1351/1537/4639 1352/1535/4640
f 1199/1536/4641 1202/1538/4642 1350/1539/4643 1351/1537/4644
f 1202/1538/4645 1205/1540/4646 1349/1541/4647 1350/1539/4648
f 1205/1540/4649 1208/1542/4650 1348/1543/4651 1349/1541/4652
f 1208/1544/4653 1211/1545/4654 1347/1546/4655 1348/1547/4656
f 1211/1545/4657 1214/1548/4658 1346/1549/4659 1347/1546/4660
f 1214/1548/4661 1217/1550/4662 1345/1551/4663 1346/1549/4664
f 1217/1550/4665 1220/1552/4666 1344/1553/4667 1345/1551/4668
f 1220/1552/4669 1166/1554/4670 1343/1555/4671 1344/1553/4672
f 1166/1554/4673 1163/1514/4674 1342/1517/4675 1343/1555/4676
f 1148/1556/4677 1145/1557/4678 1325/1558/4679 1328/1559/4680
f 1145/1557/4681 1142/1560/4682 1322/1561/4683 1325/1558/4684
f 1142/1560/4685 1139/1562/4686 1319/1563/4687 1322/1561/4688
f 1139/1562/4689 1136/1564/4690 1316/1565/4691 1319/1563/4692
f 1136/1564/4693 1133/1566/4694 1313/1567/4695 1316/1565/4696
f 1133/1566/4697 1130/1568/4698 1310/1569/4699 1313/1567/4700
f 1130/1568/4701 1127/1570/4702 1307/1571/4703 1310/1569/4704
f 1127/1570/4705 1124/1572/4706 1304/1573/4707 1307/1571/4708
f 1124/1572/4709 1121/1574/4710 1301/1575/4711 1304/1573/4712
f 1121/1574/4713 1118/1576/4714 1298/1577/4715 1301/1575/4716
f 1118/1576/4717 1115/1578/4718 1295/1579/4719 1298/1577/4720
f 1115/1578/4721 1112/1580/4722 1292/1581/4723 1295/1579/4724
f 1112/1580/4725 1106/1582/4726 1289/1583/4727 1292/1581/4728
f 1106/1582/4729 1103/1584/4730 1283/1585/4731 1289/1583/4732
f 1103/1584/4733 1109/1586/4734 1286/1587/4735 1283/1585/4736
f 1109/1586/4737 1160/1588/4738 1340/1589/4739 1286/1587/4740
f 1160/1588/4741 1157/1590/4742 1337/1591/4743 1340/1589/4744
f 1157/1590/4745 1154/1592/4746 1334/1593/4747 1337/1591/4748
f 1154/1592/4749 1151/1594/4750 1331/1595/4751 1334/1593/4752
f 1151/1594/4753 1148/1596/4754 1328/1597/4755 1331/1595/4756
f 1101/1433/4757 1102/1598/4758 1105/1599/4759 1104/1435/4760
f 1102/1598/4761 1103/1584/4762 1106/1582/4763 1105/1599/4764
f 1104/1435/4765 1105/1599/4766 1111/1600/4767 1110/1437/4768
f 1105/1599/4769 1106/1582/4770 1112/1580/4771 1111/1600/4772
f 1103/1584/4773 1102/1598/4774 1108/1601/4775 1109/1586/4776
f 1102/1598/4777 1101/1433/4778 1107/1432/4779 1108/1601/4780
f 1110/1437/4781 1111/1600/4782 1114/1602/4783 1113/1439/4784
f 1111/1600/4785 1112/1580/4786 1115/1578/4787 1114/1602/4788
f 1113/1439/4789 1114/1602/4790 1117/1603/4791 1116/1441/4792
f 1114/1602/4793 1115/1578/4794 1118/1576/4795 1117/1603/4796
f 1116/1441/4797 1117/1603/4798 1120/1604/4799 1119/1443/4800
f 1117/1603/4801 1118/1576/4802 1121/1574/4803 1120/1604/4804
f 1119/1443/4805 1120/1604/4806 1123/1605/4807 1122/1445/4808
f 1120/1604/4809 1121/1574/4810 1124/1572/4811 1123/1605/4812
f 1122/1445/4813 1123/1605/4814 1126/1606/4815 1125/1447/4816
f 1123/1605/4817 1124/1572/4818 1127/1570/4819 1126/1606/4820
f 1125/1447/4821 1126/1606/4822 1129/1607/4823 1128/1449/4824
f 1126/1606/4825 1127/1570/4826 1130/1568/4827 1129/1607/4828
f 1128/1449/4829 1129/1607/4830 1132/1608/4831 1131/1451/4832
f 1129/1607/4833 1130/1568/4834 1133/1566/4835 1132/1608/4836
f 1131/1451/4837 1132/1608/4838 1135/1609/4839 1134/1453/4840
f 1132/1608/4841 1133/1566/4842 1136/1564/4843 1135/1609/4844
f 1134/1453/4845 1135/1609/4846 1138/1610/4847 1137/1455/4848
f 1135/1609/4849 1136/1564/4850 1139/1562/4851 1138/1610/4852
f 1137/1455/4853 1138/1610/4854 1141/1611/4855 1140/1457/4856
f 1138/1610/4857 1139/1562/4858 1142/1560/4859 1141/1611/4860
f 1140/1457/4861 1141/1611/4862 1144/1612/4863 1143/1459/4864
f 1141/1611/4865 1142/1560/4866 1145/1557/4867 1144/1612/4868
f 1143/1459/4869 1144/1612/4870 1147/1613/4871 1146/1461/4872
f 1144/1612/4873 1145/1557/4874 1148/1556/4875 1147/1613/4876
f 1146/1464/4877 1147/1614/4878 1150/1615/4879 1149/1465/4880
f 1147/1614/4881 1148/1596/4882 1151/1594/4883 1150/1615/4884
f 1149/1465/4885 1150/1615/4886 1153/1616/4887 1152/1467/4888
f 1150/1615/4889 1151/1594/4890 1154/1592/4891 1153/1616/4892
f 1152/1467/4893 1153/1616/4894 1156/1617/4895 1155/1469/4896
f 1153/1616/4897 1154/1592/4898 1157/1590/4899 1156/1617/4900
f 1155/1469/4901 1156/1617/4902 1159/1618/4903 1158/1471/4904
f 1156/1617/4905 1157/1590/4906 1160/1588/4907 1159/1618/4908
f 1109/1586/4909 1108/1601/4910 1159/1618/4911 1160/1588/4912
f 1108/1601/4913 1107/1432/4914 1158/1471/4915 1159/1618/4916
f 1161/1430/4917 1162/1619/4918 1165/1620/4919 1164/1431/4920
f 1162/1619/4921 1163/1514/4922 1166/1554/4923 1165/1620/4924
f 1164/1431/4925 1165/1620/4926 1219/1621/4927 1218/1470/4928
f 1165/1620/4929 1166/1554/4930 1220/1552/4931 1219/1621/4932
f 1163/1514/4933 1162/1619/4934 1168/1622/4935 1169/1515/4936
f 1162/1619/4937 1161/1430/4938 1167/1434/4939 1168/1622/4940
f 1169/1515/4941 1168/1622/4942 1171/1623/4943 1172/1518/4944
f 1168/1622/4945 1167/1434/4946 1170/1436/4947 1171/1623/4948
f 1172/1518/4949 1171/1623/4950 1174/1624/4951 1175/1520/4952
f 1171/1623/4953 1170/1436/4954 1173/1438/4955 1174/1624/4956
f 1175/1520/4957 1174/1624/4958 1177/1625/4959 1178/1522/4960
f 1174/1624/4961 1173/1438/4962 1176/1440/4963 1177/1625/4964
f 1178/1522/4965 1177/1625/4966 1180/1626/4967 1181/1524/4968
f 1177/1625/4969 1176/1440/4970 1179/1442/4971 1180/1626/4972
f 1181/1524/4973 1180/1626/4974 1183/1627/4975 1184/1526/4976
f 1180/1626/4977 1179/1442/4978 1182/1444/4979 1183/1627/4980
f 1184/1526/4981 1183/1627/4982 1186/1628/4983 1187/1528/4984
f 1183/1627/4985 1182/1444/4986 1185/1446/4987 1186/1628/4988
f 1187/1528/4989 1186/1628/4990 1189/1629/4991 1190/1530/4992
f 1186/1628/4993 1185/1446/4994 1188/1448/4995 1189/1629/4996
f 1190/1530/4997 1189/1629/4998 1192/1630/4999 1193/1532/5000
f 1189/1629/5001 1188/1448/5002 1191/1450/5003 1192/1630/5004
f 1193/1532/5005 1192/1630/5006 1195/1631/5007 1196/1534/5008
f 1192/1630/5009 1191/1450/5010 1194/1452/5011 1195/1631/5012
f 1196/1534/5013 1195/1631/5014 1198/1632/5015 1199/1536/5016
f 1195/1631/5017 1194/1452/5018 1197/1454/5019 1198/1632/5020
f 1199/1536/5021 1198/1632/5022 1201/1633/5023 1202/1538/5024
f 1198/1632/5025 1197/1454/5026 1200/1456/5027 1201/1633/5028
f 1202/1538/5029 1201/1633/5030 1204/1634/5031 1205/1540/5032
f 1201/1633/5033 1200/1456/5034 1203/1458/5035 1204/1634/5036
f 1205/1540/5037 1204/1634/5038 1207/1635/5039 1208/1542/5040
f 1204/1634/5041 1203/1458/5042 1206/1460/5043 1207/1635/5044
f 1208/1544/5045 1207/1636/5046 1210/1637/5047 1211/1545/5048
f 1207/1636/5049 1206/1463/5050 1209/1462/5051 1210/1637/5052
f 1211/1545/5053 1210/1637/5054 1213/1638/5055 1214/1548/5056
f 1210/1637/5057 1209/1462/5058 1212/1466/5059 1213/1638/5060
f 1214/1548/5061 1213/1638/5062 1216/1639/5063 1217/1550/5064
f 1213/1638/5065 1212/1466/5066 1215/1468/5067 1216/1639/5068
f 1217/1550/5069 1216/1639/5070 1219/1621/5071 1220/1552/5072
f 1216/1639/5073 1215/1468/5074 1218/1470/5075 1219/1621/5076
f 1221/1640/5077 1222/1641/5078 1225/1642/5079 1224/1643/5080
f 1222/1641/5081 1223/1475/5082 1226/1474/5083 1225/1642/5084
f 1224/1643/5085 1225/1642/5086 1279/1644/5087 1278/1645/5088
f 1225/1642/5089 1226/1474/5090 1280/1513/5091 1279/1644/5092
f 1223/1475/5093 1222/1641/5094 1228/1646/5095 1229/1477/5096
f 1222/1641/5097 1221/1640/5098 1227/1647/5099 1228/1646/5100
f 1229/1477/5101 1228/1646/5102 1231/1648/5103 1232/1479/5104
f 1228/1646/5105 1227/1647/5106 1230/1649/5107 1231/1648/5108
f 1232/1479/5109 1231/1648/5110 1234/1650/5111 1235/1481/5112
f 1231/1648/5113 1230/1649/5114 1233/1651/5115 1234/1650/5116
f 1235/1481/5117 1234/1650/5118 1237/1652/5119 1238/1483/5120
f 1234/1650/5121 1233/1651/5122 1236/1653/5123 1237/1652/5124
f 1238/1483/5125 1237/1652/5126 1240/1654/5127 1241/1485/5128
f 1237/1652/5129 1236/1653/5130 1239/1655/5131 1240/1654/5132
f 1241/1485/5133 1240/1654/5134 1243/1656/5135 1244/1487/5136
f 1240/1654/5137 1239/1655/5138 1242/1657/5139 1243/1656/5140
f 1244/1487/5141 1243/1656/5142 1246/1658/5143 1247/1489/5144
f 1243/1656/5145 1242/1657/5146 1245/1659/5147 1246/1658/5148
f 1247/1489/5149 1246/1658/5150 1249/1660/5151 1250/1491/5152
f 1246/1658/5153 1245/1659/5154 1248/1661/5155 1249/1660/5156
f 1250/1491/5157 1249/1660/5158 1252/1662/5159 1253/1493/5160
f 1249/1660/5161 1248/1661/5162 1251/1663/5163 1252/1662/5164
f 1253/1493/5165 1252/1662/5166 1255/1664/5167 1256/1495/5168
f 1252/1662/5169 1251/1663/5170 1254/1665/5171 1255/1664/5172
f 1256/1495/5173 1255/1664/5174 1258/1666/5175 1259/1497/5176
f 1255/1664/5177 1254/1665/5178 1257/1667/5179 1258/1666/5180
f 1259/1497/5181 1258/1666/5182 1261/1668/5183 1262/1499/5184
f 1258/1666/5185 1257/1667/5186 1260/1669/5187 1261/1668/5188
f 1262/1499/5189 1261/1668/5190 1264/1670/5191 1265/1501/5192
f 1261/1668/5193 1260/1669/5194 1263/1671/5195 1264/1670/5196
f 1265/1501/5197 1264/1670/5198 1267/1672/5199 1268/1503/5200
f 1264/1670/5201 1263/1671/5202 1266/1673/5203 1267/1672/5204
f 1268/1506/5205 1267/1674/5206 1270/1675/5207 1271/1507/5208
f 1267/1674/5209 1266/1676/5210 1269/1677/5211 1270/1675/5212
f 1271/1507/5213 1270/1675/5214 1273/1678/5215 1274/1509/5216
f 1270/1675/5217 1269/1677/5218 1272/1679/5219 1273/1678/5220
f 1274/1509/5221 1273/1678/5222 1276/1680/5223 1277/1511/5224
f 1273/1678/5225 1272/1679/5226 1275/1681/5227 1276/1680/5228
f 1277/1511/5229 1276/1680/5230 1279/1644/5231 1280/1513/5232
f 1276/1680/5233 1275/1681/5234 1278/1645/5235 1279/1644/5236
f 1281/1472/5237 1282/1682/5238 1285/1683/5239 1284/1473/5240
f 1282/1682/5241 1283/1585/5242 1286/1587/5243 1285/1683/5244
f 1284/1473/5245 1285/1683/5246 1339/1684/5247 1338/1512/5248
f 1285/1683/5249 1286/1587/5250 1340/1589/5251 1339/1684/5252
f 1283/1585/5253 1282/1682/5254 1288/1685/5255 1289/1583/5256
f 1282/1682/5257 1281/1472/5258 1287/1476/5259 1288/1685/5260
f 1289/1583/5261 1288/1685/5262 1291/1686/5263 1292/1581/5264
f 1288/1685/5265 1287/1476/5266 1290/1478/5267 1291/1686/5268
f 1292/1581/5269 1291/1686/5270 1294/1687/5271 1295/1579/5272
f 1291/1686/5273 1290/1478/5274 1293/1480/5275 1294/1687/5276
f 1295/1579/5277 1294/1687/5278 1297/1688/5279 1298/1577/5280
f 1294/1687/5281 1293/1480/5282 1296/1482/5283 1297/1688/5284
f 1298/1577/5285 1297/1688/5286 1300/1689/5287 1301/1575/5288
f 1297/1688/5289 1296/1482/5290 1299/1484/5291 1300/1689/5292
f 1301/1575/5293 1300/1689/5294 1303/1690/5295 1304/1573/5296
f 1300/1689/5297 1299/1484/5298 1302/1486/5299 1303/1690/5300
f 1304/1573/5301 1303/1690/5302 1306/1691/5303 1307/1571/5304
f 1303/1690/5305 1302/1486/5306 1305/1488/5307 1306/1691/5308
f 1307/1571/5309 1306/1691/5310 1309/1692/5311 1310/1569/5312
f 1306/1691/5313 1305/1488/5314 1308/1490/5315 1309/1692/5316
f 1310/1569/5317 1309/1692/5318 1312/1693/5319 1313/1567/5320
f 1309/1692/5321 1308/1490/5322 1311/1492/5323 1312/1693/5324
f 1313/1567/5325 1312/1693/5326 1315/1694/5327 1316/1565/5328
f 1312/1693/5329 1311/1492/5330 1314/1494/5331 1315/1694/5332
f 1316/1565/5333 1315/1694/5334 1318/1695/5335 1319/1563/5336
f 1315/1694/5337 1314/1494/5338 1317/1496/5339 1318/1695/5340
f 1319/1563/5341 1318/1695/5342 1321/1696/5343 1322/1561/5344
f 1318/1695/5345 1317/1496/5346 1320/1498/5347 1321/1696/5348
f 1322/1561/5349 1321/1696/5350 1324/1697/5351 1325/1558/5352
f 1321/1696/5353 1320/1498/5354 1323/1500/5355 1324/1697/5356
f 1325/1558/5357 1324/1697/5358 1327/1698/5359 1328/1559/5360
f 1324/1697/5361 1323/1500/5362 1326/1502/5363 1327/1698/5364
f 1328/1597/5365 1327/1699/5366 1330/1700/5367 1331/1595/5368
f 1327/1699/5369 1326/1505/5370 1329/1504/5371 1330/1700/5372
f 1331/1595/5373 1330/1700/5374 1333/1701/5375 1334/1593/5376
f 1330/1700/5377 1329/1504/5378 1332/1508/5379 1333/1701/5380
f 1334/1593/5381 1333/1701/5382 1336/1702/5383 1337/1591/5384
f 1333/1701/5385 1332/1508/5386 1335/1510/5387 1336/1702/5388
f 1337/1591/5389 1336/1702/5390 1339/1684/5391 1340/1589/5392
f 1336/1702/5393 1335/1510/5394 1338/1512/5395 1339/1684/5396
f 1342/1703/5397 1341/1704/5398 1227/1647/5399 1221/1640/5400
f 1343/1705/5401 1342/1703/5402 1221/1640/5403 1224/1643/5404
f 1344/1706/5405 1343/1705/5406 1224/1643/5407 1278/1645/5408
f 1345/1707/5409 1344/1706/5410 1278/1645/5411 1275/1681/5412
f 1346/1708/5413 1345/1707/5414 1275/1681/5415 1272/1679/5416
f 1347/1709/5417 1346/1708/5418 1272/1679/5419 1269/1677/5420
f 1348/1710/5421 1347/1709/5422 1269/1677/5423 1266/1676/5424
f 1349/1711/5425 1348/1712/5426 1266/1673/5427 1263/1671/5428
f 1350/1713/5429 1349/1711/5430 1263/1671/5431 1260/1669/5432
f 1351/1714/5433 1350/1713/5434 1260/1669/5435 1257/1667/5436
f 1352/1715/5437 1351/1714/5438 1257/1667/5439 1254/1665/5440
f 1353/1716/5441 1352/1715/5442 1254/1665/5443 1251/1663/5444
f 1354/1717/5445 1353/1716/5446 1251/1663/5447 1248/1661/5448
f 1355/1718/5449 1354/1717/5450 1248/1661/5451 1245/1659/5452
f 1356/1719/5453 1355/1718/5454 1245/1659/5455 1242/1657/5456
f 1357/1720/5457 1356/1719/5458 1242/1657/5459 1239/1655/5460
f 1358/1721/5461 1357/1720/5462 1239/1655/5463 1236/1653/5464
f 1359/1722/5465 1358/1721/5466 1236/1653/5467 1233/1651/5468
f 1360/1723/5469 1359/1722/5470 1233/1651/5471 1230/1649/5472
f 1341/1704/5473 1360/1723/5474 1230/1649/5475 1227/1647/5476
f 1596/1724/5477 1561/1725/5478 1401/1726/5479 1400/1727/5480
f 1561/1725/5481 1562/1728/5482 1402/1729/5483 1401/1726/5484
f 1364/1730/5485 1363/1731/5486 1371/1732/5487 1370/1733/5488
f 1363/1734/5489 1362/1735/5490 1372/1736/5491 1371/1737/5492
f 1366/1738/5493 1365/1739/5494 1413/1740/5495 1412/1741/5496
f 1365/1742/5497 1364/1730/5498 1414/1743/5499 1413/1744/5500
f 1593/1745/5501 1594/1746/5502 1405/1747/5503 1404/1748/5504
f 1594/1746/5505 1595/1749/5506 1406/1750/5507 1405/1747/5508
f 1370/1733/5509 1369/1751/5510 1425/1752/5511 1424/1753/5512
f 1369/1754/5513 1368/1755/5514 1426/1756/5515 1425/1757/5516
f 1374/1758/5517 1373/1759/5518 1485/1760/5519 1484/1761/5520
f 1373/1762/5521 1378/1763/5522 1486/1764/5523 1485/1765/5524
f 1376/1766/5525 1375/1767/5526 1383/1768/5527 1382/1769/5528
f 1375/1770/5529 1374/1758/5530 1384/1771/5531 1383/1772/5532
f 1575/1773/5533 1576/1774/5534 1387/1775/5535 1386/1776/5536
f 1576/1774/5537 1577/1777/5538 1388/1778/5539 1387/1775/5540
f 1380/1779/5541 1379/1780/5542 1473/1781/5543 1472/1782/5544
f 1379/1783/5545 1384/1771/5546 1474/1784/5547 1473/1785/5548
f 1578/1786/5549 1579/1787/5550 1395/1788/5551 1394/1789/5552
f 1579/1787/5553 1580/1790/5554 1396/1791/5555 1395/1788/5556
f 1386/1776/5557 1385/1792/5558 1433/1793/5559 1432/1794/5560
f 1385/1795/5561 1390/1796/5562 1434/1797/5563 1433/1798/5564
f 1390/1796/5565 1389/1799/5566 1393/1800/5567 1392/1801/5568
f 1389/1802/5569 1388/1778/5570 1394/1789/5571 1393/1803/5572
f 1392/1801/5573 1391/1804/5574 1445/1805/5575 1444/1806/5576
f 1391/1807/5577 1396/1791/5578 1446/1808/5579 1445/1809/5580
f 1398/1810/5581 1397/1811/5582 1455/1812/5583 1454/1813/5584
f 1397/1814/5585 1402/1729/5586 1456/1815/5587 1455/1816/5588
f 1400/1727/5589 1399/1817/5590 1407/1818/5591 1406/1750/5592
f 1399/1819/5593 1398/1810/5594 1408/1820/5595 1407/1821/5596
f 1404/1748/5597 1403/1822/5598 1463/1823/5599 1462/1824/5600
f 1403/1825/5601 1408/1820/5602 1464/1826/5603 1463/1827/5604
f 1410/1828/5605 1409/1829/5606 1535/1830/5607 1534/1831/5608
f 1409/1832/5609 1418/1833/5610 1536/1834/5611 1535/1835/5612
f 1563/1836/5613 1564/1837/5614 1457/1838/5615 1456/1815/5616
f 1564/1837/5617 1565/1839/5618 1458/1840/5619 1457/1838/5620
f 1416/1841/5621 1415/1842/5622 1423/1843/5623 1422/1844/5624
f 1415/1842/5625 1414/1743/5626 1424/1753/5627 1423/1843/5628
f 1418/1833/5629 1417/1845/5630 1481/1846/5631 1480/1847/5632
f 1417/1845/5633 1416/1841/5634 1482/1848/5635 1481/1846/5636
f 1420/1849/5637 1419/1850/5638 1511/1851/5639 1510/1852/5640
f 1419/1853/5641 1428/1854/5642 1512/1855/5643 1511/1856/5644
f 1422/1844/5645 1421/1857/5646 1477/1858/5647 1476/1859/5648
f 1421/1857/5649 1420/1849/5650 1478/1860/5651 1477/1858/5652
f 1590/1861/5653 1591/1862/5654 1461/1863/5655 1460/1864/5656
f 1591/1865/5657 1592/1866/5658 1462/1824/5659 1461/1867/5660
f 1430/1868/5661 1429/1869/5662 1523/1870/5663 1522/1871/5664
f 1429/1872/5665 1438/1873/5666 1524/1874/5667 1523/1875/5668
f 1432/1794/5669 1431/1876/5670 1573/1877/5671 1574/1878/5672
f 1431/1876/5673 1430/1868/5674 1572/1879/5675 1573/1877/5676
f 1436/1880/5677 1435/1881/5678 1443/1882/5679 1442/1883/5680
f 1435/1881/5681 1434/1797/5682 1444/1806/5683 1443/1882/5684
f 1438/1873/5685 1437/1884/5686 1451/1885/5687 1450/1886/5688
f 1437/1884/5689 1436/1880/5690 1452/1887/5691 1451/1885/5692
f 1440/1888/5693 1439/1889/5694 1493/1890/5695 1492/1891/5696
f 1439/1892/5697 1448/1893/5698 1494/1894/5699 1493/1895/5700
f 1442/1883/5701 1441/1896/5702 1467/1897/5703 1466/1898/5704
f 1441/1896/5705 1440/1888/5706 1468/1899/5707 1467/1897/5708
f 1448/1893/5709 1447/1900/5710 1582/1901/5711 1583/1902/5712
f 1447/1900/5713 1446/1808/5714 1581/1903/5715 1582/1901/5716
f 1450/1886/5717 1449/1904/5718 1529/1905/5719 1528/1906/5720
f 1449/1907/5721 1458/1840/5722 1530/1908/5723 1529/1909/5724
f 1454/1813/5725 1453/1910/5726 1465/1911/5727 1464/1826/5728
f 1453/1910/5729 1452/1887/5730 1466/1898/5731 1465/1911/5732
f 1460/1864/5733 1459/1912/5734 1497/1913/5735 1496/1914/5736
f 1459/1915/5737 1468/1899/5738 1498/1916/5739 1497/1917/5740
f 1470/1918/5741 1469/1919/5742 1505/1920/5743 1504/1921/5744
f 1469/1922/5745 1478/1860/5746 1506/1923/5747 1505/1924/5748
f 1476/1859/5749 1475/1925/5750 1483/1926/5751 1482/1848/5752
f 1475/1925/5753 1474/1784/5754 1484/1761/5755 1483/1926/5756
f 1480/1847/5757 1479/1927/5758 1515/1928/5759 1514/1929/5760
f 1479/1930/5761 1488/1931/5762 1516/1932/5763 1515/1933/5764
f 1490/1934/5765 1489/1935/5766 1585/1936/5767 1586/1937/5768
f 1489/1935/5769 1494/1894/5770 1584/1938/5771 1585/1936/5772
f 1492/1891/5773 1491/1939/5774 1499/1940/5775 1498/1916/5776
f 1491/1941/5777 1490/1934/5778 1500/1942/5779 1499/1943/5780
f 1496/1914/5781 1495/1944/5782 1588/1945/5783 1589/1946/5784
f 1495/1944/5785 1500/1942/5786 1587/1947/5787 1588/1945/5788
f 1502/1948/5789 1501/1949/5790 1509/1950/5791 1508/1951/5792
f 1501/1952/5793 1506/1923/5794 1510/1852/5795 1509/1953/5796
f 1514/1929/5797 1513/1954/5798 1531/1955/5799 1536/1834/5800
f 1513/1956/5801 1518/1957/5802 1532/1958/5803 1531/1959/5804
f 1569/1960/5805 1570/1961/5806 1521/1962/5807 1520/1963/5808
f 1570/1961/5809 1571/1964/5810 1522/1871/5811 1521/1962/5812
f 1520/1963/5813 1519/1965/5814 1527/1966/5815 1526/1967/5816
f 1519/1968/5817 1524/1874/5818 1528/1906/5819 1527/1969/5820
f 1526/1967/5821 1525/1970/5822 1567/1971/5823 1568/1972/5824
f 1525/1970/5825 1530/1908/5826 1566/1973/5827 1567/1971/5828
f 1476/1859/5829 1482/1848/5830 1597/1974/5831
f 1577/1777/5832 1578/1786/5833 1394/1789/5834 1388/1778/5835
f 1442/1883/5836 1598/1975/5837 1436/1880/5838
f 1400/1727/5839 1406/1750/5840 1595/1749/5841 1596/1724/5842
f 1500/1942/5843 1490/1934/5844 1586/1937/5845 1587/1947/5846
f 1568/1972/5847 1569/1960/5848 1520/1963/5849 1526/1967/5850
f 1390/1796/5851 1392/1801/5852 1444/1806/5853 1434/1797/5854
f 1580/1790/5855 1581/1903/5856 1446/1808/5857 1396/1791/5858
f 1484/1761/5859 1474/1784/5860 1384/1771/5861 1374/1758/5862
f 1432/1794/5863 1574/1878/5864 1575/1773/5865 1386/1776/5866
f 1364/1730/5867 1370/1733/5868 1424/1753/5869 1414/1743/5870
f 1592/1866/5871 1593/1745/5872 1404/1748/5873 1462/1824/5874
f 1454/1813/5875 1464/1826/5876 1408/1820/5877 1398/1810/5878
f 1402/1729/5879 1562/1728/5880 1563/1836/5881 1456/1815/5882
f 1468/1899/5883 1440/1888/5884 1492/1891/5885 1498/1916/5886
f 1448/1893/5887 1583/1902/5888 1584/1938/5889 1494/1894/5890
f 1478/1860/5891 1420/1849/5892 1510/1852/5893 1506/1923/5894
f 1589/1946/5895 1590/1861/5896 1460/1864/5897 1496/1914/5898
f 1571/1964/5899 1572/1879/5900 1430/1868/5901 1522/1871/5902
f 1438/1873/5903 1450/1886/5904 1528/1906/5905 1524/1874/5906
f 1458/1840/5907 1565/1839/5908 1566/1973/5909 1530/1908/5910
f 1418/1833/5911 1480/1847/5912 1514/1929/5913 1536/1834/5914
f 1365/1739/5915 1366/1738/5916 1361/1976/5917 1537/1977/5918
f 1361/1976/5919 1362/1735/5920 1363/1734/5921 1537/1977/5922
f 1363/1731/5923 1364/1730/5924 1537/1978/5925
f 1371/1737/5926 1372/1736/5927 1367/1979/5928 1538/1980/5929
f 1367/1979/5930 1368/1755/5931 1369/1754/5932 1538/1980/5933
f 1369/1751/5934 1370/1733/5935 1538/1981/5936
f 1377/1982/5937 1378/1763/5938 1373/1762/5939 1539/1983/5940
f 1373/1759/5941 1374/1758/5942 1539/1984/5943
f 1375/1767/5944 1376/1766/5945 1377/1982/5946 1539/1983/5947
f 1383/1772/5948 1384/1771/5949 1540/1985/5950
f 1379/1780/5951 1380/1779/5952 1381/1986/5953 1540/1987/5954
f 1381/1986/5955 1382/1769/5956 1383/1768/5957 1540/1987/5958
f 1389/1799/5959 1390/1796/5960 1541/1988/5961
f 1385/1792/5962 1386/1776/5963 1387/1775/5964 1541/1989/5965
f 1387/1775/5966 1388/1778/5967 1389/1802/5968 1541/1989/5969
f 1395/1788/5970 1396/1791/5971 1391/1807/5972 1542/1990/5973
f 1391/1804/5974 1392/1801/5975 1542/1991/5976
f 1393/1803/5977 1394/1789/5978 1395/1788/5979 1542/1990/5980
f 1401/1726/5981 1402/1729/5982 1397/1814/5983 1543/1992/5984
f 1397/1811/5985 1398/1810/5986 1399/1819/5987 1543/1993/5988
f 1399/1817/5989 1400/1727/5990 1401/1726/5991 1543/1992/5992
f 1407/1821/5993 1408/1820/5994 1403/1825/5995 1544/1994/5996
f 1403/1822/5997 1404/1748/5998 1405/1747/5999 1544/1995/6000
f 1405/1747/6001 1406/1750/6002 1407/1818/6003 1544/1995/6004
f 1417/1845/6005 1418/1833/6006 1409/1832/6007 1545/1996/6008
f 1409/1829/6009 1410/1828/6010 1411/1997/6011 1545/1998/6012
f 1411/1997/6013 1412/1741/6014 1413/1740/6015 1545/1998/6016
f 1413/1744/6017 1414/1743/6018 1415/1842/6019 1545/1996/6020
f 1545/1996/6021 1416/1841/6022 1417/1845/6023
f 1427/1999/6024 1428/1854/6025 1419/1853/6026 1546/2000/6027
f 1419/1850/6028 1420/1849/6029 1421/1857/6030 1546/2001/6031
f 1421/1857/6032 1422/1844/6033 1546/2001/6034
f 1423/1843/6035 1424/1753/6036 1425/1752/6037 1546/2001/6038
f 1425/1757/6039 1426/1756/6040 1427/2002/6041 1546/2003/6042
f 1437/1884/6043 1438/1873/6044 1429/1872/6045 1547/2004/6046
f 1429/1869/6047 1430/1868/6048 1431/1876/6049 1547/2005/6050
f 1431/1876/6051 1432/1794/6052 1433/1793/6053 1547/2005/6054
f 1433/1798/6055 1434/1797/6056 1435/1881/6057 1547/2004/6058
f 1435/1881/6059 1436/1880/6060 1547/2004/6061
f 1447/1900/6062 1448/1893/6063 1439/1892/6064 1548/2006/6065
f 1439/1889/6066 1440/1888/6067 1441/1896/6068 1548/2007/6069
f 1548/2007/6070 1442/1883/6071 1443/1882/6072
f 1443/1882/6073 1444/1806/6074 1445/1805/6075 1548/2007/6076
f 1445/1809/6077 1446/1808/6078 1447/1900/6079 1548/2006/6080
f 1457/1838/6081 1458/1840/6082 1449/1907/6083 1549/2008/6084
f 1449/1904/6085 1450/1886/6086 1451/1885/6087 1549/2009/6088
f 1451/1885/6089 1452/1887/6090 1549/2009/6091
f 1453/1910/6092 1454/1813/6093 1455/1812/6094 1549/2009/6095
f 1455/1816/6096 1456/1815/6097 1457/1838/6098 1549/2008/6099
f 1467/1897/6100 1468/1899/6101 1459/1915/6102 1550/2010/6103
f 1459/1912/6104 1460/1864/6105 1461/1863/6106 1550/2011/6107
f 1461/1867/6108 1462/1824/6109 1463/1823/6110 1550/2012/6111
f 1463/1827/6112 1464/1826/6113 1465/1911/6114 1550/2010/6115
f 1550/2010/6116 1466/1898/6117 1467/1897/6118
f 1477/1858/6119 1478/1860/6120 1469/1922/6121 1551/2013/6122
f 1469/1919/6123 1470/1918/6124 1471/2014/6125 1551/2015/6126
f 1471/2014/6127 1472/1782/6128 1473/1781/6129 1551/2015/6130
f 1473/1785/6131 1474/1784/6132 1475/1925/6133 1551/2013/6134
f 1475/1925/6135 1476/1859/6136 1551/2013/6137
f 1487/2016/6138 1488/1931/6139 1479/1930/6140 1552/2017/6141
f 1479/1927/6142 1480/1847/6143 1481/1846/6144 1552/2018/6145
f 1552/2018/6146 1482/1848/6147 1483/1926/6148
f 1483/1926/6149 1484/1761/6150 1485/1760/6151 1552/2018/6152
f 1485/1765/6153 1486/1764/6154 1487/2016/6155 1552/2017/6156
f 1493/1895/6157 1494/1894/6158 1489/1935/6159 1553/2019/6160
f 1489/1935/6161 1490/1934/6162 1491/1941/6163 1553/2019/6164
f 1491/1939/6165 1492/1891/6166 1553/2020/6167
f 1499/1943/6168 1500/1942/6169 1495/1944/6170 1554/2021/6171
f 1495/1944/6172 1496/1914/6173 1497/1913/6174 1554/2021/6175
f 1497/1917/6176 1498/1916/6177 1554/2022/6178
f 1505/1924/6179 1506/1923/6180 1555/2023/6181
f 1501/1949/6182 1502/1948/6183 1503/2024/6184 1555/2025/6185
f 1503/2024/6186 1504/1921/6187 1505/1920/6188 1555/2025/6189
f 1511/1856/6190 1512/1855/6191 1507/2026/6192 1556/2027/6193
f 1507/2026/6194 1508/1951/6195 1509/1950/6196 1556/2027/6197
f 1509/1953/6198 1510/1852/6199 1556/2028/6200
f 1517/2029/6201 1518/1957/6202 1513/1956/6203 1557/2030/6204
f 1513/1954/6205 1514/1929/6206 1557/2031/6207
f 1515/1933/6208 1516/1932/6209 1517/2029/6210 1557/2030/6211
f 1523/1875/6212 1524/1874/6213 1558/2032/6214
f 1519/1965/6215 1520/1963/6216 1521/1962/6217 1558/2033/6218
f 1521/1962/6219 1522/1871/6220 1523/1870/6221 1558/2033/6222
f 1529/1909/6223 1530/1908/6224 1525/1970/6225 1559/2034/6226
f 1525/1970/6227 1526/1967/6228 1527/1966/6229 1559/2034/6230
f 1527/1969/6231 1528/1906/6232 1559/2035/6233
f 1535/1835/6234 1536/1834/6235 1560/2036/6236
f 1531/1959/6237 1532/1958/6238 1533/2037/6239 1560/2038/6240
f 1533/2037/6241 1534/1831/6242 1535/1830/6243 1560/2038/6244
f 1361/1976/6245 1366/1738/6246 1562/1728/6247 1561/1725/6248
f 1563/1836/6249 1562/1728/6250 1366/1738/6251 1412/1741/6252
f 1412/1741/6253 1411/1997/6254 1564/1837/6255 1563/1836/6256
f 1411/1997/6257 1410/1828/6258 1565/1839/6259 1564/1837/6260
f 1566/1973/6261 1565/1839/6262 1410/1828/6263 1534/1831/6264
f 1567/1971/6265 1566/1973/6266 1534/1831/6267 1533/2037/6268
f 1568/1972/6269 1567/1971/6270 1533/2037/6271 1532/1958/6272
f 1518/1957/6273 1569/1960/6274 1568/1972/6275 1532/1958/6276
f 1518/1957/6277 1517/2029/6278 1570/1961/6279 1569/1960/6280
f 1517/2029/6281 1516/1932/6282 1571/1964/6283 1570/1961/6284
f 1488/1931/6285 1572/1879/6286 1571/1964/6287 1516/1932/6288
f 1573/1877/6289 1572/1879/6290 1488/1931/6291 1487/2016/6292
f 1574/1878/6293 1573/1877/6294 1487/2016/6295 1486/1764/6296
f 1575/1773/6297 1574/1878/6298 1486/1764/6299 1378/1763/6300
f 1378/1763/6301 1377/1982/6302 1576/1774/6303 1575/1773/6304
f 1377/1982/6305 1376/1766/6306 1577/1777/6307 1576/1774/6308
f 1376/1766/6309 1382/1769/6310 1578/1786/6311 1577/1777/6312
f 1382/1769/6313 1381/1986/6314 1579/1787/6315 1578/1786/6316
f 1381/1986/6317 1380/1779/6318 1580/1790/6319 1579/1787/6320
f 1472/1782/6321 1581/1903/6322 1580/1790/6323 1380/1779/6324
f 1582/1901/6325 1581/1903/6326 1472/1782/6327 1471/2014/6328
f 1583/1902/6329 1582/1901/6330 1471/2014/6331 1470/1918/6332
f 1584/1938/6333 1583/1902/6334 1470/1918/6335 1504/1921/6336
f 1585/1936/6337 1584/1938/6338 1504/1921/6339 1503/2024/6340
f 1586/1937/6341 1585/1936/6342 1503/2024/6343 1502/1948/6344
f 1587/1947/6345 1586/1937/6346 1502/1948/6347 1508/1951/6348
f 1588/1945/6349 1587/1947/6350 1508/1951/6351 1507/2026/6352
f 1589/1946/6353 1588/1945/6354 1507/2026/6355 1512/1855/6356
f 1428/1854/6357 1590/1861/6358 1589/1946/6359 1512/1855/6360
f 1428/1854/6361 1427/1999/6362 1591/1862/6363 1590/1861/6364
f 1427/2002/6365 1426/1756/6366 1592/1866/6367 1591/1865/6368
f 1368/1755/6369 1593/1745/6370 1592/1866/6371 1426/1756/6372
f 1368/1755/6373 1367/1979/6374 1594/1746/6375 1593/1745/6376
f 1367/1979/6377 1372/1736/6378 1595/1749/6379 1594/1746/6380
f 1596/1724/6381 1595/1749/6382 1372/1736/6383 1362/1735/6384
f 1362/1735/6385 1361/1976/6386 1561/1725/6387 1596/1724/6388
f 1415/1842/6389 1416/1841/6390 1545/1996/6391
f 1476/1859/6392 1597/1974/6393 1422/1844/6394
f 1551/2013/6395 1476/1859/6396 1477/1858/6397
f 1481/1846/6398 1482/1848/6399 1552/2018/6400
f 1597/1974/6401 1482/1848/6402 1416/1841/6403
f 1422/1844/6404 1597/1974/6405 1416/1841/6406
f 1546/2001/6407 1422/1844/6408 1423/1843/6409
f 1465/1911/6410 1466/1898/6411 1550/2010/6412
f 1452/1887/6413 1436/1880/6414 1598/1975/6415
f 1547/2004/6416 1436/1880/6417 1437/1884/6418
f 1441/1896/6419 1442/1883/6420 1548/2007/6421
f 1466/1898/6422 1598/1975/6423 1442/1883/6424
f 1452/1887/6425 1598/1975/6426 1466/1898/6427
f 1549/2009/6428 1452/1887/6429 1453/1910/6430
f 1537/1978/6431 1364/1730/6432 1365/1742/6433
f 1538/1981/6434 1370/1733/6435 1371/1732/6436
f 1556/2028/6437 1510/1852/6438 1511/1851/6439
f 1555/2023/6440 1506/1923/6441 1501/1952/6442
f 1553/2020/6443 1492/1891/6444 1493/1890/6445
f 1554/2022/6446 1498/1916/6447 1499/1940/6448
f 1557/2031/6449 1514/1929/6450 1515/1928/6451
f 1560/2036/6452 1536/1834/6453 1531/1955/6454
f 1539/1984/6455 1374/1758/6456 1375/1770/6457
f 1540/1985/6458 1384/1771/6459 1379/1783/6460
f 1542/1991/6461 1392/1801/6462 1393/1800/6463
f 1541/1988/6464 1390/1796/6465 1385/1795/6466
f 1558/2032/6467 1524/1874/6468 1519/1968/6469
f 1559/2035/6470 1528/1906/6471 1529/1905/6472
f 774/994/6473 773/982/6474 1600/2041/6475 1599/2040/6476
f 813/985/6477 1601/2042/6478 1623/2068/6479 1624/2069/6480
f 813/985/6481 812/1042/6482 1602/2043/6483 1601/2042/6484
f 812/1042/6485 811/1032/6486 1603/2044/6487 1602/2043/6488
f 801/1031/6489 1604/2045/6490 1603/2044/6491 811/1032/6492
f 801/1031/6493 800/1034/6494 1605/2046/6495 1604/2045/6496
f 800/1034/6497 799/1017/6498 1606/2047/6499 1605/2046/6500
f 1615/2058/6501 1616/2059/6502 1606/2047/6503 799/1017/6504
f 789/1016/6505 788/1019/6506 1608/2049/6507 1607/2048/6508
f 788/1019/6509 787/1000/6510 1609/2050/6511 1608/2049/6512
f 775/990/6513 1610/2051/6514 1609/2050/6515 787/1000/6516
f 775/990/6517 774/991/6518 1599/2039/6519 1610/2051/6520
f 772/986/6521 777/987/6522 1612/2054/6523 1611/2053/6524
f 1613/2055/6525 1612/2054/6526 777/987/6527 785/999/6528
f 785/999/6529 784/1012/6530 1614/2056/6531 1613/2055/6532
f 784/1015/6533 789/1016/6534 1615/2058/6535 1614/2057/6536
f 789/1016/6537 1607/2048/6538 1616/2059/6539 1615/2058/6540
f 1617/2060/6541 1616/2059/6542 1607/2048/6543 791/1021/6544
f 791/1021/6545 790/1022/6546 1618/2061/6547 1617/2060/6548
f 790/1025/6549 795/1011/6550 1619/2063/6551 1618/2062/6552
f 779/1001/6553 1620/2064/6554 1619/2063/6555 795/1011/6556
f 779/1001/6557 778/1002/6558 1621/2065/6559 1620/2064/6560
f 778/1005/6561 783/995/6562 1622/2067/6563 1621/2066/6564
f 1600/2041/6565 1623/2068/6566 1622/2067/6567 783/995/6568
f 1624/2069/6569 1623/2068/6570 1600/2041/6571 773/982/6572
f 773/982/6573 772/983/6574 1611/2052/6575 1624/2069/6576
